trade_date,total_score,position_pct,position_label,risk_penalty,risk_signal_count,factor_scores,calibration_loaded,fwd_ret_5d,fwd_ret_10d,fwd_ret_20d
20241101,20.1,100.0,满仓 100%,30.0,4,"{'站上20日线': 0.0, '站上60日线': 20.0, '资金活跃度': 15.6, '市场广度': 4.5, '热点持续性': 10.0}",True,5.509844669989494,1.794371797041694,1.6638528035727962
20241104,77.4,20.0,轻仓 20%,0.0,1,"{'站上20日线': 16.0, '站上60日线': 20.0, '资金活跃度': 13.2, '市场广度': 18.2, '热点持续性': 10.0}",True,4.829259630635829,0.4121010914362122,1.6245236854055545
20241105,81.0,20.0,轻仓 20%,0.0,1,"{'站上20日线': 20.0, '站上60日线': 20.0, '资金活跃度': 12.2, '市场广度': 18.8, '热点持续性': 10.0}",True,1.032870838679667,-1.2098393412740993,-0.24153031120373036
20241106,76.6,20.0,轻仓 20%,0.0,1,"{'站上20日线': 20.0, '站上60日线': 20.0, '资金活跃度': 13.6, '市场广度': 13.0, '热点持续性': 10.0}",True,1.6393255618480707,-0.4674292517106826,-0.566119891854322
20241107,83.0,20.0,轻仓 20%,0.0,1,"{'站上20日线': 20.0, '站上60日线': 20.0, '资金活跃度': 13.6, '市场广度': 19.4, '热点持续性': 10.0}",True,-2.6168502949971195,-2.8887005353937067,-2.93332027914337
20241108,75.4,20.0,轻仓 20%,0.0,1,"{'站上20日线': 20.0, '站上60日线': 20.0, '资金活跃度': 14.6, '市场广度': 10.8, '热点持续性': 10.0}",True,-3.521446633315539,-5.361806780766343,-1.3967714424114819
20241111,69.9,40.0,中仓 40%,10.0,2,"{'站上20日线': 20.0, '站上60日线': 20.0, '资金活跃度': 11.8, '市场广度': 18.1, '热点持续性': 10.0}",True,-4.213669499110651,-5.945305300703674,-1.9461130087537026
20241112,57.4,0.0,空仓,10.0,2,"{'站上20日线': 20.0, '站上60日线': 20.0, '资金活跃度': 10.8, '市场广度': 6.6, '热点持续性': 10.0}",True,-2.219782691847605,-4.740336568107361,0.02018135693235834
20241113,72.8,40.0,中仓 40%,0.0,0,"{'站上20日线': 20.0, '站上60日线': 20.0, '资金活跃度': 11.7, '市场广度': 11.1, '热点持续性': 10.0}",True,-2.0727752785773657,-3.765293399678271,-0.19735538664540364
20241114,42.6,70.0,重仓 70%,20.0,3,"{'站上20日线': 20.0, '站上60日线': 20.0, '资金活跃度': 9.8, '市场广度': 2.8, '热点持续性': 10.0}",True,-0.27915531713658126,-2.4894855195613075,2.416118117345767
20241115,44.5,70.0,重仓 70%,0.0,1,"{'站上20日线': 0.0, '站上60日线': 20.0, '资金活跃度': 10.1, '市场广度': 4.4, '热点持续性': 10.0}",True,-1.9075329005568409,-0.12821828079958575,1.83599294844492
20241118,35.6,100.0,满仓 100%,10.0,2,"{'站上20日线': 0.0, '站上60日线': 20.0, '资金活跃度': 10.1, '市场广度': 5.5, '热点持续性': 10.0}",True,-1.8078109815230392,1.2074466929691274,1.8798268970494192
20241119,59.6,0.0,空仓,0.0,0,"{'站上20日线': 4.0, '站上60日线': 20.0, '资金活跃度': 7.4, '市场广度': 18.2, '热点持续性': 10.0}",True,-2.5777748768099795,0.9801674818764816,0.46249715108426237
20241120,73.9,40.0,中仓 40%,0.0,0,"{'站上20日线': 16.0, '站上60日线': 20.0, '资金活跃度': 9.7, '市场广度': 18.2, '热点持续性': 10.0}",True,-1.7283427830367626,-0.09915411548367947,0.4221747379066665
20241121,65.5,0.0,空仓,0.0,0,"{'站上20日线': 16.0, '站上60日线': 20.0, '资金活跃度': 8.6, '市场广度': 10.9, '热点持续性': 10.0}",True,-2.2165177295219607,-0.045947015430392035,-0.011001648793473873
20241122,39.5,70.0,重仓 70%,0.0,1,"{'站上20日线': 0.0, '站上60日线': 20.0, '资金活跃度': 7.9, '市场广度': 1.6, '热点持续性': 10.0}",True,1.8139156577165583,4.1896777648424255,3.0875966992569337
20241125,52.2,70.0,重仓 70%,0.0,0,"{'站上20日线': 0.0, '站上60日线': 20.0, '资金活跃度': 6.2, '市场广度': 16.0, '热点持续性': 10.0}",True,3.07077141739327,4.251985830942151,2.680877516809832
20241126,36.0,100.0,满仓 100%,10.0,2,"{'站上20日线': 0.0, '站上60日线': 20.0, '资金活跃度': 9.3, '市场广度': 6.7, '热点持续性': 10.0}",True,3.652084885340545,4.9974120771939745,4.103707478581531
20241127,56.9,70.0,重仓 70%,0.0,1,"{'站上20日线': 0.0, '站上60日线': 20.0, '资金活跃度': 8.1, '市场广度': 18.8, '热点持续性': 10.0}",True,1.6578418576540077,3.707537684768014,2.5249783301235063
20241128,51.5,70.0,重仓 70%,0.0,0,"{'站上20日线': 0.0, '站上60日线': 20.0, '资金活跃度': 10.1, '市场广度': 11.4, '热点持续性': 10.0}",True,2.219772362051464,5.030845814982521,3.106419055409293
20241129,62.0,0.0,空仓,0.0,0,"{'站上20日线': 0.0, '站上60日线': 20.0, '资金活跃度': 13.2, '市场广度': 18.8, '热点持续性': 10.0}",True,2.3334355542447227,1.966732940408611,2.2151595164787485
20241202,76.5,20.0,轻仓 20%,0.0,0,"{'站上20日线': 12.0, '站上60日线': 20.0, '资金活跃度': 15.7, '市场广度': 18.8, '热点持续性': 10.0}",True,1.1460226767542547,0.6643584301855521,1.288461000523089
20241203,68.1,40.0,中仓 40%,0.0,0,"{'站上20日线': 12.0, '站上60日线': 20.0, '资金活跃度': 15.1, '市场广度': 11.0, '热点持续性': 10.0}",True,1.2979258384832493,-0.5126455458544621,-0.8003802999893894
20241204,61.1,0.0,空仓,0.0,1,"{'站上20日线': 12.0, '站上60日线': 20.0, '资金活跃度': 14.6, '市场广度': 4.5, '热点持续性': 10.0}",True,2.0162692711734875,0.5218462854588823,-3.0341671813809645
20241205,72.6,40.0,中仓 40%,0.0,0,"{'站上20日线': 12.0, '站上60日线': 20.0, '资金活跃度': 14.3, '市场广度': 16.3, '热点持续性': 10.0}",True,2.7500290677370476,0.03496143037071686,-4.672964137106161
20241206,79.3,20.0,轻仓 20%,0.0,0,"{'站上20日线': 20.0, '站上60日线': 20.0, '资金活跃度': 13.9, '市场广度': 15.4, '热点持续性': 10.0}",True,-0.3583409585049213,-1.0577641559396223,-5.791691396820586
20241209,62.1,0.0,空仓,10.0,2,"{'站上20日线': 20.0, '站上60日线': 20.0, '资金活跃度': 13.6, '市场广度': 8.5, '热点持续性': 10.0}",True,-0.47620680855442465,-1.5070296278864803,-5.081224309774035
20241210,78.4,20.0,轻仓 20%,0.0,0,"{'站上20日线': 20.0, '站上60日线': 20.0, '资金活跃度': 15.6, '市场广度': 12.8, '热点持续性': 10.0}",True,-1.7873726133589507,-0.8511682154179079,-5.624069017416766
20241211,77.6,20.0,轻仓 20%,0.0,0,"{'站上20日线': 20.0, '站上60日线': 20.0, '资金活跃度': 10.4, '市场广度': 17.2, '热点持续性': 10.0}",True,-1.464886920871622,-1.1402829351122468,-6.441297341504426
20241212,77.0,20.0,轻仓 20%,0.0,0,"{'站上20日线': 20.0, '站上60日线': 20.0, '资金活跃度': 11.6, '市场广度': 15.4, '热点持续性': 10.0}",True,-2.6424008460147808,-1.8322491308536248,-8.463845642862678
20241213,65.8,0.0,空仓,0.0,0,"{'站上20日线': 20.0, '站上60日线': 20.0, '资金活跃度': 11.2, '市场广度': 4.6, '热点持续性': 10.0}",True,-0.701938530693702,0.24363492769285955,-6.814018262802001
20241216,61.5,0.0,空仓,0.0,1,"{'站上20日线': 12.0, '站上60日线': 20.0, '资金活跃度': 11.5, '市场广度': 8.0, '热点持续性': 10.0}",True,-1.0357551559044276,0.6199836566488148,-4.293472534523501
20241217,25.8,100.0,满仓 100%,30.0,4,"{'站上20日线': 12.0, '站上60日线': 20.0, '资金活跃度': 11.1, '市场广度': 2.7, '热点持续性': 10.0}",True,0.9532423913835686,-0.28921741432730297,-3.9972898882488006
20241218,63.3,0.0,空仓,0.0,1,"{'站上20日线': 12.0, '站上60日线': 20.0, '资金活跃度': 9.7, '市场广度': 11.6, '热点持续性': 10.0}",True,0.3294297592155937,-3.537552878547001,-4.3219132495129315
20241219,66.8,0.0,空仓,0.0,1,"{'站上20日线': 16.0, '站上60日线': 20.0, '资金活跃度': 10.1, '市场广度': 10.7, '热点持续性': 10.0}",True,0.8321401947060991,-4.706280184607092,-3.8044700510508456
20241220,69.2,40.0,中仓 40%,0.0,1,"{'站上20日线': 16.0, '站上60日线': 20.0, '资金活跃度': 8.0, '市场广度': 15.2, '热点持续性': 10.0}",True,0.952257722250538,-4.784536351434343,-3.672480848300841
20241223,4.8,100.0,满仓 100%,30.0,4,"{'站上20日线': 0.0, '站上60日线': 12.0, '资金活跃度': 9.5, '市场广度': 3.3, '热点持续性': 10.0}",True,1.6730676974917813,-3.62888302422395,-3.241604471348969
20241224,70.2,40.0,中仓 40%,0.0,1,"{'站上20日线': 16.0, '站上60日线': 20.0, '资金活跃度': 6.7, '市场广度': 17.5, '热点持续性': 10.0}",True,-1.230727984836788,-4.813874975722177,-5.3013970917170194
20241225,36.4,100.0,满仓 100%,10.0,2,"{'站上20日线': 12.0, '站上60日线': 12.0, '资金活跃度': 7.7, '市场广度': 4.7, '热点持续性': 10.0}",True,-3.854285474404784,-5.362158181084819,-4.809005707958047
20241226,63.1,0.0,空仓,0.0,0,"{'站上20日线': 12.0, '站上60日线': 16.0, '资金活跃度': 9.1, '市场广度': 16.0, '热点持续性': 10.0}",True,-5.492713304129559,-6.755371752225125,-4.280365671579201
20241227,62.3,0.0,空仓,0.0,1,"{'站上20日线': 12.0, '站上60日线': 16.0, '资金活跃度': 9.4, '市场广度': 14.9, '热点持续性': 10.0}",True,-5.682680311586985,-7.040500073232225,-4.398089844482966
20241230,51.0,70.0,重仓 70%,0.0,0,"{'站上20日线': 12.0, '站上60日线': 16.0, '资金活跃度': 6.7, '市场广度': 6.3, '热点持续性': 10.0}",True,-5.2147051739312555,-4.883181265402281,-5.21929234887687
20241231,34.5,100.0,满仓 100%,0.0,1,"{'站上20日线': 0.0, '站上60日线': 12.0, '资金活跃度': 9.3, '市场广度': 3.2, '热点持续性': 10.0}",True,-3.6277952826616944,-3.7188279720254624,-2.419729557250916
20250102,25.2,100.0,满仓 100%,0.0,0,"{'站上20日线': 0.0, '站上60日线': 0.0, '资金活跃度': 10.8, '市场广度': 4.4, '热点持续性': 10.0}",True,-1.5683202461183265,-0.8131251013965723,1.2599275164443702
20250103,3.4,100.0,满仓 100%,20.0,3,"{'站上20日线': 0.0, '站上60日线': 0.0, '资金活跃度': 11.0, '市场广度': 2.4, '热点持续性': 10.0}",True,-1.3360434864232995,0.9463479181033962,3.448305068094437
20250106,21.4,100.0,满仓 100%,10.0,2,"{'站上20日线': 0.0, '站上60日线': 0.0, '资金活跃度': 11.8, '市场广度': 9.6, '热点持续性': 10.0}",True,-1.4396292919804488,1.167935816852217,3.4654435710145703
20250107,39.9,70.0,重仓 70%,0.0,0,"{'站上20日线': 0.0, '站上60日线': 0.0, '资金活跃度': 11.7, '市场广度': 18.2, '热点持续性': 10.0}",True,0.3497630187650147,0.4018616417742038,3.6146864364829945
20250108,28.0,100.0,满仓 100%,0.0,0,"{'站上20日线': 0.0, '站上60日线': 0.0, '资金活跃度': 9.5, '市场广度': 8.5, '热点持续性': 10.0}",True,-0.09445948614621447,-0.5121777106385061,3.1674731211340346
20250109,33.2,100.0,满仓 100%,0.0,0,"{'站上20日线': 0.0, '站上60日线': 0.0, '资金活跃度': 11.8, '市场广度': 11.4, '热点持续性': 10.0}",True,0.7672277325857291,0.584493964037347,4.214086764146896
20250110,0.0,100.0,满仓 100%,20.0,3,"{'站上20日线': 0.0, '站上60日线': 0.0, '资金活跃度': 7.5, '市场广度': 2.2, '热点持续性': 10.0}",True,2.3132980727492036,2.654314921036738,5.911453150517598
20250113,20.0,100.0,满仓 100%,10.0,2,"{'站上20日线': 0.0, '站上60日线': 0.0, '资金活跃度': 6.4, '市场广度': 13.6, '热点持续性': 10.0}",True,2.645652700066914,2.842539203449812,5.180268638347485
20250114,40.4,70.0,重仓 70%,0.0,0,"{'站上20日线': 0.0, '站上60日线': 0.0, '资金活跃度': 11.6, '市场广度': 18.8, '热点持续性': 10.0}",True,0.05191703641536094,-0.3533666158583637,3.412565490259012
20250115,26.5,100.0,满仓 100%,0.0,0,"{'站上20日线': 0.0, '站上60日线': 0.0, '资金活跃度': 8.5, '市场广度': 8.0, '热点持续性': 10.0}",True,-0.41811317204611953,1.349275655262172,3.8321080858340295
20250116,36.2,100.0,满仓 100%,0.0,1,"{'站上20日线': 0.0, '站上60日线': 0.0, '资金活跃度': 12.0, '市场广度': 14.2, '热点持续性': 10.0}",True,-0.18134245891264777,2.0900473172082323,4.421489033482984
20250117,31.3,100.0,满仓 100%,0.0,0,"{'站上20日线': 0.0, '站上60日线': 0.0, '资金活跃度': 9.5, '市场广度': 11.8, '热点持续性': 10.0}",True,0.3333064760018267,2.478501898870933,4.047305261622691
20250120,43.7,70.0,重仓 70%,0.0,0,"{'站上20日线': 8.0, '站上60日线': 0.0, '资金活跃度': 9.5, '市场广度': 16.2, '热点持续性': 10.0}",True,0.19181182856151668,2.2709841172618317,3.133488531051376
20250121,35.0,100.0,满仓 100%,0.0,0,"{'站上20日线': 8.0, '站上60日线': 0.0, '资金活跃度': 8.6, '市场广度': 8.4, '热点持续性': 10.0}",True,-0.40507335019499546,3.1999653613713708,4.2432258382458565
20250122,22.1,100.0,满仓 100%,10.0,2,"{'站上20日线': 8.0, '站上60日线': 0.0, '资金活跃度': 8.5, '市场广度': 5.6, '热点持续性': 10.0}",True,1.7748095397728036,3.6985942069072797,5.428093525698108
20250123,30.0,100.0,满仓 100%,10.0,2,"{'站上20日线': 8.0, '站上60日线': 0.0, '资金活跃度': 11.7, '市场广度': 10.3, '热点持续性': 10.0}",True,2.275516253247467,3.6085013276571765,2.80894742269564
20250124,56.5,70.0,重仓 70%,0.0,0,"{'站上20日线': 20.0, '站上60日线': 0.0, '资金活跃度': 8.6, '市场广度': 17.9, '热点持续性': 10.0}",True,2.138069100097084,3.17291896788392,1.9768301702279611
20250127,26.1,100.0,满仓 100%,20.0,3,"{'站上20日线': 20.0, '站上60日线': 0.0, '资金活跃度': 8.4, '市场广度': 7.7, '热点持续性': 10.0}",True,2.0751918253140156,2.2731152429764867,2.2644799159736717
20250205,43.4,70.0,重仓 70%,0.0,1,"{'站上20日线': 8.0, '站上60日线': 0.0, '资金活跃度': 11.3, '市场广度': 14.1, '热点持续性': 10.0}",True,3.6197011563072756,3.7792868441421046,3.4828218569410208
20250206,61.7,0.0,空仓,0.0,0,"{'站上20日线': 20.0, '站上60日线': 0.0, '资金活跃度': 12.9, '市场广度': 18.8, '热点持续性': 10.0}",True,1.8902365681978228,2.4497781701145582,3.3766554842121543
20250207,70.3,40.0,中仓 40%,0.0,0,"{'站上20日线': 20.0, '站上60日线': 4.0, '资金活跃度': 16.9, '市场广度': 19.4, '热点持续性': 10.0}",True,1.3033276420810758,2.2837110742349065,2.0849319359284024
20250210,72.8,40.0,中仓 40%,0.0,0,"{'站上20日线': 20.0, '站上60日线': 8.0, '资金活跃度': 15.5, '市场广度': 19.3, '热点持续性': 10.0}",True,1.0131872248070994,1.5308609451569755,1.3242309288345133
20250211,57.7,0.0,空仓,0.0,0,"{'站上20日线': 20.0, '站上60日线': 4.0, '资金活跃度': 14.9, '市场广度': 8.8, '热点持续性': 10.0}",True,0.19389962842408792,0.8433520232880909,1.861676935076062
20250212,78.8,20.0,轻仓 20%,0.0,0,"{'站上20日线': 20.0, '站上60日线': 20.0, '资金活跃度': 12.6, '市场广度': 16.2, '热点持续性': 10.0}",True,0.15401095163753986,1.010911654108937,0.7631547758963908
20250213,69.1,40.0,中仓 40%,0.0,1,"{'站上20日线': 20.0, '站上60日线': 20.0, '资金活跃度': 13.2, '市场广度': 5.9, '热点持续性': 10.0}",True,0.5491611569104826,1.667813659402162,0.7875780056586068
20250214,70.7,40.0,中仓 40%,0.0,0,"{'站上20日线': 20.0, '站上60日线': 20.0, '资金活跃度': 10.7, '市场广度': 10.0, '热点持续性': 10.0}",True,0.9677702154243795,-0.7717068529280113,2.1763789200197614
20250217,78.1,20.0,轻仓 20%,0.0,0,"{'站上20日线': 20.0, '站上60日线': 20.0, '资金活跃度': 12.2, '市场广度': 15.9, '热点持续性': 10.0}",True,0.5124813250350968,-1.1593049897408392,2.094829248779484
20250218,65.9,0.0,空仓,0.0,0,"{'站上20日线': 20.0, '站上60日线': 20.0, '资金活跃度': 12.1, '市场广度': 3.8, '热点持续性': 10.0}",True,0.6481955461086208,-0.008443398817259418,3.16646105120586
20250219,78.9,20.0,轻仓 20%,0.0,0,"{'站上20日线': 20.0, '站上60日线': 20.0, '资金活跃度': 10.7, '市场广度': 18.2, '热点持续性': 10.0}",True,0.85558301093418,-0.2856687458705598,2.234492736949023
20250220,74.5,40.0,中仓 40%,0.0,0,"{'站上20日线': 20.0, '站上60日线': 20.0, '资金活跃度': 10.6, '市场广度': 13.9, '热点持续性': 10.0}",True,1.1125428493092837,0.9047138321359061,1.7358597913508689
20250221,76.4,20.0,轻仓 20%,0.0,0,"{'站上20日线': 20.0, '站上60日线': 20.0, '资金活跃度': 13.2, '市场广度': 13.2, '热点持续性': 10.0}",True,-1.7228042816445743,-0.19434095245355332,-0.4226582788239508
20250224,75.8,20.0,轻仓 20%,0.0,0,"{'站上20日线': 20.0, '站上60日线': 20.0, '资金活跃度': 13.2, '市场广度': 12.6, '热点持续性': 10.0}",True,-1.6632624055611056,-0.20351449243996012,-0.08892011438033087
20250225,68.3,40.0,中仓 40%,0.0,1,"{'站上20日线': 20.0, '站上60日线': 20.0, '资金活跃度': 10.8, '市场广度': 7.5, '热点持续性': 10.0}",True,-0.6524100520262865,1.0098086699387165,0.7153680598778189
20250226,81.2,20.0,轻仓 20%,0.0,0,"{'站上20日线': 20.0, '站上60日线': 20.0, '资金活跃度': 11.8, '市场广度': 19.4, '热点持续性': 10.0}",True,-1.1315702341247902,-0.24527734098760412,-0.3407209909525255
20250227,73.4,40.0,中仓 40%,0.0,0,"{'站上20日线': 20.0, '站上60日线': 20.0, '资金活跃度': 14.2, '市场广度': 9.2, '热点持续性': 10.0}",True,-0.20554227133137148,-0.8657957932413307,-0.42246272810457786
20250228,13.9,100.0,满仓 100%,20.0,3,"{'站上20日线': 0.0, '站上60日线': 8.0, '资金活跃度': 13.2, '市场广度': 2.7, '热点持续性': 10.0}",True,1.5552573697476202,2.971013286077828,0.9157013075953735
20250303,46.4,70.0,重仓 70%,0.0,1,"{'站上20日线': 4.0, '站上60日线': 8.0, '资金活跃度': 11.3, '市场广度': 13.1, '热点持续性': 10.0}",True,1.4844380125172085,3.2923020605860387,0.567420074247682
20250304,60.7,0.0,空仓,0.0,0,"{'站上20日线': 0.0, '站上60日线': 20.0, '资金活跃度': 11.9, '市场广度': 18.8, '热点持续性': 10.0}",True,1.6731344190991093,3.1751725425040123,0.7287506122883647
20250305,61.5,0.0,空仓,0.0,0,"{'站上20日线': 12.0, '站上60日线': 20.0, '资金活跃度': 9.9, '市场广度': 9.6, '热点持续性': 10.0}",True,0.8964367040479759,2.527381421630137,0.24421860325343214
20250306,81.0,20.0,轻仓 20%,0.0,0,"{'站上20日线': 20.0, '站上60日线': 20.0, '资金活跃度': 12.2, '市场广度': 18.8, '热点持续性': 10.0}",True,-0.6616134171550048,0.8236938866876375,-1.1561509465725983
20250307,65.7,0.0,空仓,0.0,1,"{'站上20日线': 16.0, '站上60日线': 20.0, '资金活跃度': 12.0, '市场广度': 7.7, '热点持续性': 10.0}",True,1.3940744703897057,-0.22876190443432698,-8.182827346629363
20250310,69.6,40.0,中仓 40%,0.0,0,"{'站上20日线': 16.0, '站上60日线': 20.0, '资金活跃度': 9.9, '市场广度': 13.7, '热点持续性': 10.0}",True,1.7814199728295899,0.11482806982312521,-6.553868603510882
20250311,68.5,40.0,中仓 40%,0.0,0,"{'站上20日线': 16.0, '站上60日线': 20.0, '资金活跃度': 9.9, '市场广度': 12.6, '热点持续性': 10.0}",True,1.4773205645588483,-0.29149704760158546,-5.710896446695335
20250312,70.1,40.0,中仓 40%,0.0,0,"{'站上20日线': 16.0, '站上60日线': 20.0, '资金活跃度': 12.6, '市场广度': 11.5, '热点持续性': 10.0}",True,1.6164542285731054,-0.09567832722183756,-4.397656115270698
20250313,59.9,0.0,空仓,0.0,0,"{'站上20日线': 12.0, '站上60日线': 20.0, '资金活跃度': 11.4, '市场广度': 6.5, '热点持续性': 10.0}",True,1.4951997459752953,0.44720494675292155,-3.5877177926111115
20250314,83.4,20.0,轻仓 20%,0.0,0,"{'站上20日线': 20.0, '站上60日线': 20.0, '资金活跃度': 14.6, '市场广度': 18.8, '热点持续性': 10.0}",True,-1.600523880020177,-1.9960102487991516,-4.584040831432901
20250317,71.0,40.0,中仓 40%,0.0,0,"{'站上20日线': 16.0, '站上60日线': 20.0, '资金活跃度': 11.4, '市场广度': 13.6, '热点持续性': 10.0}",True,-1.6374225309996326,-2.638030068049102,-4.625226403504712
20250318,76.2,20.0,轻仓 20%,0.0,0,"{'站上20日线': 20.0, '站上60日线': 20.0, '资金活跃度': 13.2, '市场广度': 13.0, '热点持续性': 10.0}",True,-1.7430669260084963,-2.3711343242075356,-4.482979315778812
20250319,67.3,40.0,中仓 40%,0.0,0,"{'站上20日线': 20.0, '站上60日线': 20.0, '资金活跃度': 10.9, '市场广度': 6.4, '热点持续性': 10.0}",True,-1.6848969675164138,-2.2268810406729234,-4.263561151754169
20250320,63.2,0.0,空仓,0.0,0,"{'站上20日线': 16.0, '站上60日线': 20.0, '资金活跃度': 8.5, '市场广度': 8.7, '热点持续性': 10.0}",True,-1.0325560241719045,-1.963670201852863,-3.8785511613230073
20250321,40.7,70.0,重仓 70%,0.0,1,"{'站上20日线': 0.0, '站上60日线': 16.0, '资金活跃度': 10.2, '市场广度': 4.5, '热点持续性': 10.0}",True,-0.4019191812533185,-7.972303034443906,-2.1812865651754776
20250324,31.6,100.0,满仓 100%,10.0,2,"{'站上20日线': 0.0, '站上60日线': 16.0, '资金活跃度': 9.9, '市场广度': 5.7, '热点持续性': 10.0}",True,-1.0172644544260923,-6.661047920576801,-2.08518130248343
20250325,25.6,100.0,满仓 100%,20.0,3,"{'站上20日线': 0.0, '站上60日线': 16.0, '资金活跃度': 9.2, '市场广度': 10.4, '热点持续性': 10.0}",True,-0.6392092431035667,-5.435242971886767,-2.184617737519401
20250326,50.0,70.0,重仓 70%,0.0,1,"{'站上20日线': 0.0, '站上60日线': 16.0, '资金活跃度': 9.1, '市场广度': 14.9, '热点持续性': 10.0}",True,-0.5512724458798912,-4.306097790383234,-2.1197867792989156
20250327,45.2,70.0,重仓 70%,0.0,0,"{'站上20日线': 0.0, '站上60日线': 16.0, '资金活跃度': 11.5, '市场广度': 7.7, '热点持续性': 10.0}",True,-0.9408287617374222,-4.016958701342599,-2.3323875703968433
20250328,19.2,100.0,满仓 100%,20.0,3,"{'站上20日线': 0.0, '站上60日线': 16.0, '资金活跃度': 9.0, '市场广度': 4.2, '热点持续性': 10.0}",True,-7.600933462731607,-2.6407400241601264,-1.8766440601618473
20250331,17.0,100.0,满仓 100%,20.0,3,"{'站上20日线': 0.0, '站上60日线': 12.0, '资金活跃度': 9.7, '市场广度': 5.3, '热点持续性': 10.0}",True,-5.701785705399287,-2.0410395730946274,-1.4716767120951935
20250401,46.2,70.0,重仓 70%,0.0,0,"{'站上20日线': 0.0, '站上60日线': 12.0, '资金活跃度': 7.1, '市场广度': 17.1, '热点持续性': 10.0}",True,-4.826887640737009,-2.163135848145903,-2.072720477694201
20250402,40.4,70.0,重仓 70%,0.0,1,"{'站上20日线': 0.0, '站上60日线': 12.0, '资金活跃度': 7.1, '市场广度': 11.3, '热点持续性': 10.0}",True,-3.775639404194453,-2.0830675473577642,-1.0152780494922187
20250403,35.8,100.0,满仓 100%,0.0,1,"{'站上20日线': 0.0, '站上60日线': 12.0, '资金活跃度': 5.2, '市场广度': 8.6, '热点持续性': 10.0}",True,-3.1053459272400885,-1.953236074231668,0.019670810453242815
20250407,0.0,100.0,满仓 100%,30.0,4,"{'站上20日线': 0.0, '站上60日线': 0.0, '资金活跃度': 11.9, '市场广度': 1.8, '热点持续性': 10.0}",True,5.368228949121279,6.292688679839364,8.24845195154571
20250408,37.1,70.0,重仓 70%,0.0,1,"{'站上20日线': 0.0, '站上60日线': 0.0, '资金活跃度': 12.8, '市场广度': 14.3, '热点持续性': 10.0}",True,3.8820948622293017,4.902419103869637,6.245326133996754
20250409,42.7,70.0,重仓 70%,0.0,0,"{'站上20日线': 0.0, '站上60日线': 0.0, '资金活跃度': 13.9, '市场广度': 18.8, '热点持续性': 10.0}",True,2.798849093571598,3.437459510841845,5.724677835348757
20250410,39.2,70.0,重仓 70%,0.0,0,"{'站上20日线': 0.0, '站上60日线': 0.0, '资金活跃度': 10.4, '市场广度': 18.8, '热点持续性': 10.0}",True,1.758984779276851,2.2846920865398745,4.691370578562792
20250411,35.1,100.0,满仓 100%,0.0,0,"{'站上20日线': 0.0, '站上60日线': 0.0, '资金活跃度': 10.5, '市场广度': 14.6, '热点持续性': 10.0}",True,1.1890334549760295,1.7550716336483863,5.117655749127903
20250414,40.5,70.0,重仓 70%,0.0,0,"{'站上20日线': 0.0, '站上60日线': 0.0, '资金活跃度': 10.5, '市场广度': 20.0, '热点持续性': 10.0}",True,0.8773609843669927,0.7848210475181139,3.6169433838803
20250415,28.7,100.0,满仓 100%,0.0,0,"{'站上20日线': 0.0, '站上60日线': 0.0, '资金活跃度': 7.7, '市场广度': 11.0, '热点持续性': 10.0}",True,0.9821945186930581,0.581225911869776,3.0541589319067697
20250416,21.1,100.0,满仓 100%,0.0,0,"{'站上20日线': 0.0, '站上60日线': 0.0, '资金活跃度': 6.0, '市场广度': 5.1, '热点持续性': 10.0}",True,0.6212233141724921,0.09241441989735755,2.795448442536941
20250417,30.8,100.0,满仓 100%,0.0,0,"{'站上20日线': 0.0, '站上60日线': 0.0, '资金活跃度': 7.3, '市场广度': 13.5, '热点持续性': 10.0}",True,0.5166200394032261,1.0905054632731614,3.052633671155913
20250418,26.9,100.0,满仓 100%,0.0,0,"{'站上20日线': 0.0, '站上60日线': 0.0, '资金活跃度': 7.2, '市场广度': 9.7, '热点持续性': 10.0}",True,0.5593868815084724,2.0122100982125524,3.3827378657701024
20250421,46.1,70.0,重仓 70%,0.0,0,"{'站上20日线': 12.0, '站上60日线': 0.0, '资金活跃度': 5.9, '市场广度': 18.2, '热点持续性': 10.0}",True,-0.09173508896928029,1.8399791142712063,2.696526720677772
20250422,40.7,70.0,重仓 70%,0.0,0,"{'站上20日线': 12.0, '站上60日线': 0.0, '资金活跃度': 8.3, '市场广度': 10.4, '热点持续性': 10.0}",True,-0.3970686205963414,1.2801487721626703,1.4732781391697092
20250423,46.5,70.0,重仓 70%,0.0,0,"{'站上20日线': 12.0, '站上60日线': 0.0, '资金活跃度': 10.7, '市场广度': 13.8, '热点持续性': 10.0}",True,-0.525544091850294,2.211208913408358,1.5314975764747718
20250424,40.5,70.0,重仓 70%,0.0,1,"{'站上20日线': 12.0, '站上60日线': 0.0, '资金活跃度': 12.3, '市场广度': 6.2, '热点持续性': 10.0}",True,0.5709358548317223,2.352921481140813,1.3161998188753854
20250425,47.6,70.0,重仓 70%,0.0,0,"{'站上20日线': 12.0, '站上60日线': 0.0, '资金活跃度': 13.4, '市场广度': 12.2, '热点持续性': 10.0}",True,1.4447415221574111,3.3045862594307973,1.3617931084714652
20250428,31.9,100.0,满仓 100%,10.0,2,"{'站上20日线': 12.0, '站上60日线': 0.0, '资金活跃度': 14.3, '市场广度': 5.6, '热点持续性': 10.0}",True,1.9334878900766572,2.810068328669124,2.2816708610382985
20250429,49.0,70.0,重仓 70%,0.0,1,"{'站上20日线': 12.0, '站上60日线': 0.0, '资金活跃度': 10.9, '市场广度': 16.1, '热点持续性': 10.0}",True,1.6839036457373169,2.4586427512861997,1.8508941066764928
20250430,57.9,0.0,空仓,0.0,1,"{'站上20日线': 20.0, '站上60日线': 0.0, '资金活跃度': 12.7, '市场广度': 15.2, '热点持续性': 10.0}",True,2.7512118365197624,2.7005383358024604,2.529530519286882
20250506,63.8,0.0,空仓,0.0,0,"{'站上20日线': 20.0, '站上60日线': 0.0, '资金活跃度': 14.4, '市场广度': 19.4, '热点持续性': 10.0}",True,1.7718693886684012,1.9409619121902866,1.8120429231387902
20250507,71.4,40.0,中仓 40%,0.0,0,"{'站上20日线': 20.0, '站上60日线': 12.0, '资金活跃度': 14.7, '市场广度': 14.7, '热点持续性': 10.0}",True,1.8333574607877878,1.3434938486658554,1.2395318932788113
20250508,70.1,40.0,中仓 40%,0.0,0,"{'站上20日线': 20.0, '站上60日线': 12.0, '资金活跃度': 9.4, '市场广度': 18.7, '热点持续性': 10.0}",True,0.8599533448102603,0.8410720562358698,0.9952906265574546
20250509,59.7,0.0,空仓,0.0,1,"{'站上20日线': 20.0, '站上60日线': 12.0, '资金活跃度': 11.5, '市场广度': 6.2, '热点持续性': 10.0}",True,0.7619092872831246,0.19068827341626182,1.7286869843075037
20250512,70.9,40.0,中仓 40%,0.0,0,"{'站上20日线': 20.0, '站上60日线': 12.0, '资金活跃度': 9.5, '市场广度': 19.4, '热点持续性': 10.0}",True,-0.049316693994749805,-0.6650066506007413,0.4621748288080596
20250513,58.6,0.0,空仓,0.0,0,"{'站上20日线': 20.0, '站上60日线': 12.0, '资金活跃度': 8.4, '市场广度': 8.2, '热点持续性': 10.0}",True,0.1661485875592339,-1.0128891752801072,0.8132222665597322
20250514,62.0,0.0,空仓,0.0,0,"{'站上20日线': 20.0, '站上60日线': 12.0, '资金活跃度': 11.0, '市场广度': 9.0, '热点持续性': 10.0}",True,-0.4810443496479855,-1.8806455950371337,-0.03790010781892228
20250515,56.6,70.0,重仓 70%,0.0,0,"{'站上20日线': 20.0, '站上60日线': 12.0, '资金活跃度': 9.1, '市场广度': 5.5, '热点持续性': 10.0}",True,-0.018720302705121927,-0.5139549814728417,-0.11315001733009922
20250516,62.2,0.0,空仓,0.0,0,"{'站上20日线': 20.0, '站上60日线': 12.0, '资金活跃度': 7.9, '市场广度': 12.3, '热点持续性': 10.0}",True,-0.5669017368837848,-0.5931648402614398,0.6315557720192766
20250519,66.2,0.0,空仓,0.0,0,"{'站上20日线': 20.0, '站上60日线': 12.0, '资金活跃度': 8.8, '市场广度': 15.4, '热点持续性': 10.0}",True,-0.6159937443559249,-0.16651111988957856,0.5886120873223488
20250520,68.4,40.0,中仓 40%,0.0,0,"{'站上20日线': 20.0, '站上60日线': 12.0, '资金活跃度': 8.9, '市场广度': 17.5, '热点持续性': 10.0}",True,-1.1770820576261776,-0.12646436391539062,0.24643260509311649
20250521,59.5,0.0,空仓,0.0,0,"{'站上20日线': 20.0, '站上60日线': 12.0, '资金活跃度': 10.5, '市场广度': 7.0, '热点持续性': 10.0}",True,-1.4063664919339303,-0.10258374902910594,-0.7517297926752042
20250522,54.8,70.0,重仓 70%,0.0,1,"{'站上20日线': 20.0, '站上60日线': 12.0, '资金活跃度': 8.9, '市场广度': 3.9, '热点持续性': 10.0}",True,-0.49532740555742194,0.152932299485653,-0.6003540926785678
20250523,55.8,70.0,重仓 70%,0.0,0,"{'站上20日线': 20.0, '站上60日线': 12.0, '资金活跃度': 9.1, '市场广度': 4.7, '热点持续性': 10.0}",True,-0.02641283821627205,1.535071509534025,0.9918223833990769
20250526,61.8,0.0,空仓,0.0,1,"{'站上20日线': 12.0, '站上60日线': 12.0, '资金活跃度': 11.1, '市场广度': 16.7, '热点持续性': 10.0}",True,0.4522685705687479,1.1347274927014706,2.202890680005254
20250527,41.5,70.0,重仓 70%,0.0,0,"{'站上20日线': 0.0, '站上60日线': 12.0, '资金活跃度': 8.7, '市场广度': 10.8, '热点持续性': 10.0}",True,1.0631316253213896,1.8447971929127283,3.450984782471389
20250528,36.7,70.0,重仓 70%,0.0,1,"{'站上20日线': 0.0, '站上60日线': 12.0, '资金活跃度': 7.7, '市场广度': 7.0, '热点持续性': 10.0}",True,1.3223802557171815,1.8780652383960206,3.2492129555096616
20250529,62.6,0.0,空仓,0.0,0,"{'站上20日线': 12.0, '站上60日线': 12.0, '资金活跃度': 10.4, '市场广度': 18.2, '热点持续性': 10.0}",True,0.6514866971978561,0.4028755631687808,1.8071111899984782
20250530,38.0,70.0,重仓 70%,0.0,0,"{'站上20日线': 0.0, '站上60日线': 12.0, '资金活跃度': 11.3, '市场广度': 4.7, '热点持续性': 10.0}",True,1.5618968890487084,1.232028572595345,2.895852659396203
20250603,60.7,0.0,空仓,0.0,0,"{'站上20日线': 12.0, '站上60日线': 12.0, '资金活跃度': 12.6, '市场广度': 14.1, '热点持续性': 10.0}",True,0.679386271553728,0.7563826684638286,2.848679295848533
20250604,66.1,0.0,空仓,0.0,0,"{'站上20日线': 12.0, '站上60日线': 12.0, '资金活跃度': 13.4, '市场广度': 18.7, '热点持续性': 10.0}",True,0.7734428520276282,0.37336914792649445,2.327748133857699
20250605,72.2,40.0,中仓 40%,0.0,0,"{'站上20日线': 20.0, '站上60日线': 16.0, '资金活跃度': 14.8, '市场广度': 11.4, '热点持续性': 10.0}",True,0.5484326180221988,-0.6498126458198472,2.276887035055264
20250606,66.4,0.0,空仓,0.0,0,"{'站上20日线': 20.0, '站上60日线': 16.0, '资金活跃度': 10.0, '市场广度': 10.4, '热点持续性': 10.0}",True,-0.24700194918829688,-0.7521361330806386,2.5687476056815095
20250609,81.7,20.0,轻仓 20%,0.0,0,"{'站上20日线': 20.0, '站上60日线': 20.0, '资金活跃度': 12.9, '市场广度': 18.8, '热点持续性': 10.0}",True,-0.32479534801691523,-0.5350359418262118,2.1576596498423584
20250610,60.5,0.0,空仓,0.0,0,"{'站上20日线': 16.0, '站上60日线': 16.0, '资金活跃度': 13.5, '市场广度': 5.0, '热点持续性': 10.0}",True,0.07647682386782151,1.056178440171185,3.328363787423272
20250611,75.0,40.0,中仓 40%,0.0,0,"{'站上20日线': 20.0, '站上60日线': 20.0, '资金活跃度': 10.8, '市场广度': 14.2, '热点持续性': 10.0}",True,-0.397003111909755,1.5770934145180382,2.6668187983367453
20250612,68.3,40.0,中仓 40%,0.0,0,"{'站上20日线': 20.0, '站上60日线': 20.0, '资金活跃度': 9.4, '市场广度': 8.9, '热点持续性': 10.0}",True,-1.1917095400125421,1.3458713746723916,3.145299939047641
20250613,58.1,0.0,空仓,0.0,0,"{'站上20日线': 16.0, '站上60日线': 16.0, '资金活跃度': 12.9, '市场广度': 3.2, '热点持续性': 10.0}",True,-0.5063849646253726,1.398601005153699,3.9437772505504842
20250616,73.4,40.0,中仓 40%,0.0,0,"{'站上20日线': 20.0, '站上60日线': 20.0, '资金活跃度': 7.4, '市场广度': 16.0, '热点持续性': 10.0}",True,-0.2109256705751017,1.643574775949208,3.8634098037869213
20250617,62.9,0.0,空仓,0.0,0,"{'站上20日线': 16.0, '站上60日线': 20.0, '资金活跃度': 8.2, '市场广度': 8.7, '热点持续性': 10.0}",True,0.9789529441844858,2.0765896630780656,3.4715041003807956
20250618,64.8,0.0,空仓,0.0,0,"{'站上20日线': 20.0, '站上60日线': 20.0, '资金活跃度': 7.1, '市场广度': 7.7, '热点持续性': 10.0}",True,1.9819649891115176,1.9471090813449887,3.392587589632523
20250619,15.0,100.0,满仓 100%,20.0,3,"{'站上20日线': 0.0, '站上60日线': 16.0, '资金活跃度': 6.3, '市场广度': 2.7, '热点持续性': 10.0}",True,2.568186235053349,2.94584213559812,4.6017941956775665
20250620,34.0,100.0,满仓 100%,0.0,1,"{'站上20日线': 0.0, '站上60日线': 12.0, '资金活跃度': 5.8, '市场广度': 6.2, '热点持续性': 10.0}",True,1.9146816296721658,3.3460505943131436,5.196212358277585
20250623,65.5,0.0,空仓,0.0,0,"{'站上20日线': 12.0, '站上60日线': 16.0, '资金活跃度': 9.3, '市场广度': 18.2, '热点持续性': 10.0}",True,1.8584203320718418,2.707179977558427,5.270007383527275
20250624,79.9,20.0,轻仓 20%,0.0,0,"{'站上20日线': 20.0, '站上60日线': 20.0, '资金活跃度': 11.7, '市场广度': 18.2, '热点持续性': 10.0}",True,1.0869955440123258,2.2484378316337095,4.7154506008654895
20250625,84.9,20.0,轻仓 20%,0.0,0,"{'站上20日线': 20.0, '站上60日线': 20.0, '资金活跃度': 16.6, '市场广度': 18.3, '热点持续性': 10.0}",True,-0.0341785018265206,1.072806227454981,3.6552478294394453
20250626,73.1,40.0,中仓 40%,0.0,1,"{'站上20日线': 20.0, '站上60日线': 20.0, '资金活跃度': 16.1, '市场广度': 7.0, '热点持续性': 10.0}",True,0.368199842862893,1.775532184949924,4.560696687970323
20250627,81.1,20.0,轻仓 20%,0.0,0,"{'站上20日线': 20.0, '站上60日线': 20.0, '资金活跃度': 16.1, '市场广度': 15.0, '热点持续性': 10.0}",True,1.4044776883493038,2.510070375889528,4.947937588361184
20250630,80.5,20.0,轻仓 20%,0.0,0,"{'站上20日线': 20.0, '站上60日线': 20.0, '资金活跃度': 11.1, '市场广度': 19.4, '热点持续性': 10.0}",True,0.8332739136534206,2.1839403353639097,4.456804060450614
20250701,71.0,40.0,中仓 40%,0.0,0,"{'站上20日线': 20.0, '站上60日线': 20.0, '资金活跃度': 9.8, '市场广度': 11.2, '热点持续性': 10.0}",True,1.1489532173460715,1.3665370697697465,4.394881476882895
20250702,66.8,0.0,空仓,0.0,0,"{'站上20日线': 20.0, '站上60日线': 20.0, '资金活跃度': 9.1, '市场广度': 7.7, '热点持续性': 10.0}",True,1.107363209436274,1.417871013031058,4.658002026402519
20250703,70.2,40.0,中仓 40%,0.0,0,"{'站上20日线': 20.0, '站上60日线': 20.0, '资金活跃度': 6.5, '市场广度': 13.7, '热点持续性': 10.0}",True,1.402169555985222,1.6085662380596721,3.237582323057553
20250704,64.5,0.0,空仓,0.0,1,"{'站上20日线': 20.0, '站上60日线': 20.0, '资金活跃度': 9.3, '市场广度': 5.2, '热点持续性': 10.0}",True,1.09027994891715,1.790258798787847,2.5237483927168958
20250707,69.7,40.0,中仓 40%,0.0,0,"{'站上20日线': 20.0, '站上60日线': 20.0, '资金活跃度': 6.2, '市场广度': 13.5, '热点持续性': 10.0}",True,1.3395046786511156,2.49527579914941,3.17240621571262
20250708,80.2,20.0,轻仓 20%,0.0,0,"{'站上20日线': 20.0, '站上60日线': 20.0, '资金活跃度': 11.4, '市场广度': 18.8, '热点持续性': 10.0}",True,0.21511231258730668,2.412763286705699,3.434543197488771
20250709,68.3,40.0,中仓 40%,0.0,1,"{'站上20日线': 20.0, '站上60日线': 20.0, '资金活跃度': 10.5, '市场广度': 7.8, '热点持续性': 10.0}",True,0.3071070135135523,2.5550310695568346,4.03502441061887
20250710,76.3,20.0,轻仓 20%,0.0,0,"{'站上20日线': 20.0, '站上60日线': 20.0, '资金活跃度': 14.0, '市场广度': 12.3, '热点持续性': 10.0}",True,0.2035426687399422,2.7365757203402286,3.703606406711857
20250711,79.0,20.0,轻仓 20%,0.0,1,"{'站上20日线': 20.0, '站上60日线': 20.0, '资金活跃度': 15.9, '市场广度': 13.1, '热点持续性': 10.0}",True,0.692429430628172,2.3781733868022403,3.559674993045925
20250714,77.5,20.0,轻仓 20%,0.0,1,"{'站上20日线': 20.0, '站上60日线': 20.0, '资金活跃度': 13.6, '市场广度': 13.9, '热点持续性': 10.0}",True,1.1404941480257502,2.2242866321530164,3.6337961805177343
20250715,67.1,0.0,空仓,0.0,1,"{'站上20日线': 20.0, '站上60日线': 20.0, '资金活跃度': 11.5, '市场广度': 5.6, '热点持续性': 10.0}",True,2.1929337037148278,2.9875188545000375,4.5911256802712685
20250716,77.5,20.0,轻仓 20%,0.0,0,"{'站上20日线': 20.0, '站上60日线': 20.0, '资金活跃度': 13.2, '市场广度': 14.3, '热点持续性': 10.0}",True,2.2410416599298877,3.1948324107051507,5.128405863969254
20250717,78.8,20.0,轻仓 20%,0.0,0,"{'站上20日线': 20.0, '站上60日线': 20.0, '资金活跃度': 12.6, '市场广度': 16.2, '热点持续性': 10.0}",True,2.5278877214692574,1.6032271149080346,4.254322541735434
20250718,71.3,40.0,中仓 40%,0.0,0,"{'站上20日线': 20.0, '站上60日线': 20.0, '资金活跃度': 10.5, '市场广度': 10.8, '热点持续性': 10.0}",True,1.674151637522514,0.7205891826829403,4.591557344445341
20250721,82.3,20.0,轻仓 20%,0.0,0,"{'站上20日线': 20.0, '站上60日线': 20.0, '资金活跃度': 13.6, '市场广度': 18.7, '热点持续性': 10.0}",True,1.0715712764276741,0.6606454895444314,4.726010334538722
20250722,76.3,20.0,轻仓 20%,0.0,0,"{'站上20日线': 20.0, '站上60日线': 20.0, '资金活跃度': 15.9, '市场广度': 10.4, '热点持续性': 10.0}",True,0.7775343382243394,0.9977075883819131,4.060090437342745
20250723,70.6,40.0,中仓 40%,0.0,1,"{'站上20日线': 20.0, '站上60日线': 20.0, '资金活跃度': 15.9, '市场广度': 4.7, '热点持续性': 10.0}",True,0.9328844222340038,1.443121147375237,5.133922415164793
20250724,84.8,20.0,轻仓 20%,0.0,0,"{'站上20日线': 20.0, '站上60日线': 20.0, '资金活跃度': 16.6, '市场广度': 18.2, '热点持续性': 10.0}",True,-0.9018625342923303,0.9412720636163607,4.5863706427683
20250725,73.5,40.0,中仓 40%,0.0,0,"{'站上20日线': 20.0, '站上60日线': 20.0, '资金活跃度': 13.8, '市场广度': 9.7, '热点持续性': 10.0}",True,-0.9378612356059857,1.1540561500152702,6.458713499872948
20250728,74.8,40.0,中仓 40%,0.0,0,"{'站上20日线': 20.0, '站上60日线': 20.0, '资金活跃度': 13.9, '市场广度': 10.9, '热点持续性': 10.0}",True,-0.40656910909139254,1.3788401903324088,7.938571685345575
20250729,71.4,40.0,中仓 40%,0.0,0,"{'站上20日线': 20.0, '站上60日线': 20.0, '资金活跃度': 13.1, '市场广度': 8.3, '热点持续性': 10.0}",True,0.2184745356228479,1.5570885128680434,7.165966430611781
20250730,66.1,0.0,空仓,0.0,0,"{'站上20日线': 20.0, '站上60日线': 20.0, '资金活跃度': 9.8, '市场广度': 6.3, '热点持续性': 10.0}",True,0.5055208003436729,1.873711510639109,5.106406704927968
20250731,65.5,0.0,空仓,0.0,1,"{'站上20日线': 20.0, '站上60日线': 20.0, '资金活跃度': 11.2, '市场广度': 4.3, '热点持续性': 10.0}",True,1.8599084150763945,2.6092630146768325,7.567126930918833
20250801,75.7,20.0,轻仓 20%,0.0,1,"{'站上20日线': 20.0, '站上60日线': 20.0, '资金活跃度': 11.7, '市场广度': 14.0, '热点持续性': 10.0}",True,2.111722411522532,3.8432739454506093,8.370214450656333
20250804,77.5,20.0,轻仓 20%,0.0,0,"{'站上20日线': 20.0, '站上60日线': 20.0, '资金活跃度': 10.1, '市场广度': 17.4, '热点持续性': 10.0}",True,1.7926978551220607,4.038683464846793,8.15507722917992
20250805,77.4,20.0,轻仓 20%,0.0,0,"{'站上20日线': 20.0, '站上60日线': 20.0, '资金活跃度': 9.2, '市场广度': 18.2, '热点持续性': 10.0}",True,1.3356958220007709,3.032131047411135,6.649047975927447
20250806,74.1,40.0,中仓 40%,0.0,0,"{'站上20日线': 20.0, '站上60日线': 20.0, '资金活跃度': 9.5, '市场广度': 14.6, '热点持续性': 10.0}",True,1.3613090100924374,3.638296245269901,4.941165437518902
20250807,70.3,40.0,中仓 40%,0.0,0,"{'站上20日线': 20.0, '站上60日线': 20.0, '资金活跃度': 11.2, '市场广度': 9.1, '热点持续性': 10.0}",True,0.7356717782887046,3.6111082262314964,3.4676060713912715
20250808,71.7,40.0,中仓 40%,0.0,0,"{'站上20日线': 20.0, '站上60日线': 20.0, '资金活跃度': 11.8, '市场广度': 9.9, '热点持续性': 10.0}",True,1.6957421665552808,5.244137063560439,4.87977851454533
20250811,82.0,20.0,轻仓 20%,0.0,0,"{'站上20日线': 20.0, '站上60日线': 20.0, '资金活跃度': 13.2, '市场广度': 18.8, '热点持续性': 10.0}",True,2.206430969067519,6.470513454975113,4.915468251578536
20250812,73.1,40.0,中仓 40%,0.0,0,"{'站上20日线': 20.0, '站上60日线': 20.0, '资金活跃度': 15.2, '市场广度': 7.9, '热点持续性': 10.0}",True,1.6740746798543649,5.5228817602752,3.856458643356886
20250813,78.3,20.0,轻仓 20%,0.0,1,"{'站上20日线': 20.0, '站上60日线': 20.0, '资金活跃度': 17.6, '市场广度': 10.7, '热点持续性': 10.0}",True,2.2464066983889586,3.1732378710392473,3.495524105456349
20250814,59.0,0.0,空仓,10.0,2,"{'站上20日线': 20.0, '站上60日线': 20.0, '资金活跃度': 16.6, '市场广度': 2.4, '热点持续性': 10.0}",True,2.8544371593326012,4.831789811737419,5.696715393826168
20250815,85.4,20.0,轻仓 20%,0.0,1,"{'站上20日线': 20.0, '站上60日线': 20.0, '资金活跃度': 16.6, '市场广度': 18.8, '热点持续性': 10.0}",True,3.489226610091145,4.359396938489968,4.702155570652811
20250818,85.4,20.0,轻仓 20%,0.0,1,"{'站上20日线': 20.0, '站上60日线': 20.0, '资金活跃度': 16.6, '市场广度': 18.8, '热点持续性': 10.0}",True,4.172029534225774,3.95659924486067,3.553522797432307
20250819,68.0,40.0,中仓 40%,10.0,2,"{'站上20日线': 20.0, '站上60日线': 20.0, '资金活跃度': 15.2, '市场广度': 12.8, '热点持续性': 10.0}",True,3.785436053920077,3.5104747341894393,3.6105931071222175
20250820,80.1,20.0,轻仓 20%,0.0,1,"{'站上20日线': 20.0, '站上60日线': 20.0, '资金活跃度': 12.8, '市场广度': 17.3, '热点持续性': 10.0}",True,0.9064682100607069,1.2571310407936798,2.924172797143787
20250821,62.1,0.0,空仓,10.0,2,"{'站上20日线': 20.0, '站上60日线': 20.0, '资金活跃度': 12.8, '市场广度': 9.3, '热点持续性': 10.0}",True,1.9224767613493343,-0.13850074311230198,1.6058263547529927
20250822,73.8,40.0,中仓 40%,0.0,1,"{'站上20日线': 20.0, '站上60日线': 20.0, '资金活跃度': 11.8, '市场广度': 12.0, '热点持续性': 10.0}",True,0.8408318014369476,-0.34620317975057047,-0.14820064995204607
20250825,80.5,20.0,轻仓 20%,0.0,1,"{'站上20日线': 20.0, '站上60日线': 20.0, '资金活跃度': 15.9, '市场广度': 14.6, '热点持续性': 10.0}",True,-0.2068024308716443,-1.4605407196182862,-1.4158472105644693
20250826,62.8,0.0,空仓,10.0,2,"{'站上20日线': 20.0, '站上60日线': 20.0, '资金活跃度': 10.8, '市场广度': 12.0, '热点持续性': 10.0}",True,-0.26493247047473245,-1.5792054662647104,-1.2033273859717086
20250827,46.2,70.0,重仓 70%,20.0,3,"{'站上20日线': 20.0, '站上60日线': 20.0, '资金活跃度': 13.6, '市场广度': 2.6, '热点持续性': 10.0}",True,0.3475127382349674,0.3123738685219424,1.402299825076625
20250828,72.1,40.0,中仓 40%,0.0,1,"{'站上20日线': 20.0, '站上60日线': 20.0, '资金活跃度': 9.8, '市场广度': 12.3, '热点持续性': 10.0}",True,-2.0221030433624554,0.8250603978450011,0.2524900240592265
20250829,66.7,0.0,空仓,0.0,1,"{'站上20日线': 20.0, '站上60日线': 20.0, '资金活跃度': 8.8, '市场广度': 7.9, '热点持续性': 10.0}",True,-1.1771372369526745,0.3284406025888309,-0.772990181204547
20250901,70.9,40.0,中仓 40%,0.0,1,"{'站上20日线': 20.0, '站上60日线': 20.0, '资金活跃度': 7.8, '市场广度': 13.1, '热点持续性': 10.0}",True,-1.256336423009352,-0.3877353148874829,-0.33540441329011905
20250902,42.8,70.0,重仓 70%,20.0,3,"{'站上20日线': 20.0, '站上60日线': 20.0, '资金活跃度': 7.8, '市场广度': 5.0, '热点持续性': 10.0}",True,-1.3177641809897,0.0967229386106716,0.6387544816361057
20250903,33.6,100.0,满仓 100%,30.0,5,"{'站上20日线': 20.0, '站上60日线': 20.0, '资金活跃度': 11.1, '市场广度': 2.5, '热点持续性': 10.0}",True,-0.03501718055003433,1.6463450417911751,3.1575721204714746
20250904,24.5,100.0,满仓 100%,30.0,5,"{'站上20日线': 8.0, '站上60日线': 20.0, '资金活跃度': 7.8, '市场广度': 8.7, '热点持续性': 10.0}",True,2.90592422336593,1.7467463545466355,3.482647954490492
20250905,78.4,20.0,轻仓 20%,0.0,1,"{'站上20日线': 20.0, '站上60日线': 20.0, '资金活跃度': 10.2, '市场广度': 18.2, '热点持续性': 10.0}",True,1.5235116626316714,0.1986904022891256,2.019347179891229
20250908,75.6,20.0,轻仓 20%,0.0,1,"{'站上20日线': 20.0, '站上60日线': 20.0, '资金活跃度': 7.8, '市场广度': 17.8, '热点持续性': 10.0}",True,0.8796525029118651,0.045355951189707255,1.0031303367291855
20250909,62.3,0.0,空仓,0.0,0,"{'站上20日线': 20.0, '站上60日线': 20.0, '资金活跃度': 7.8, '市场广度': 4.5, '热点持续性': 10.0}",True,1.4333756302346456,0.38190921143617107,2.755690704388525
20250910,68.9,40.0,中仓 40%,0.0,0,"{'站上20日线': 20.0, '站上60日线': 20.0, '资金活跃度': 10.0, '市场广度': 8.9, '热点持续性': 10.0}",True,1.681951194227671,1.0865319147797647,2.7282467239833963
20250911,79.0,20.0,轻仓 20%,0.0,1,"{'站上20日线': 20.0, '站上60日线': 20.0, '资金活跃度': 10.2, '市场广度': 18.8, '热点持续性': 10.0}",True,-1.1264442524253737,-0.5678849797128516,-0.9174519071948217
20250912,59.3,0.0,空仓,10.0,2,"{'站上20日线': 20.0, '站上60日线': 20.0, '资金活跃度': 12.6, '市场广度': 6.7, '热点持续性': 10.0}",True,-1.304940342041172,-1.097825080483672,-0.17324969699774595
20250915,68.8,40.0,中仓 40%,0.0,0,"{'站上20日线': 20.0, '站上60日线': 20.0, '资金活跃度': 12.2, '市场广度': 6.6, '热点持续性': 10.0}",True,-0.8270216352084248,0.052534596781628196,1.446148113940371
20250916,79.1,20.0,轻仓 20%,0.0,0,"{'站上20日线': 20.0, '站上60日线': 20.0, '资金活跃度': 13.2, '市场广度': 15.9, '热点持续性': 10.0}",True,-1.0366079333014477,0.5415077807870539,1.3437160194953446
20250917,74.3,40.0,中仓 40%,0.0,0,"{'站上20日线': 20.0, '站上60日线': 20.0, '资金活跃度': 15.2, '市场广度': 9.1, '热点持续性': 10.0}",True,-0.5855702732440404,1.4867500430625125,1.1884713235618571
20250918,58.2,0.0,空仓,0.0,1,"{'站上20日线': 8.0, '站上60日线': 20.0, '资金活跃度': 16.9, '市场广度': 3.3, '热点持续性': 10.0}",True,0.564922813273272,1.7061003542019337,3.0967105034110265
20250919,37.3,70.0,重仓 70%,20.0,3,"{'站上20日线': 8.0, '站上60日线': 20.0, '资金活跃度': 12.8, '市场广度': 6.5, '热点持续性': 10.0}",True,0.20985372750701448,1.817046480639961,4.629606312354895
20250922,58.5,0.0,空仓,0.0,0,"{'站上20日线': 8.0, '站上60日线': 20.0, '资金活跃度': 12.8, '市场广度': 7.7, '热点持续性': 10.0}",True,0.8868910125445106,0.9573401747970944,4.169891973423856
20250923,53.4,70.0,重仓 70%,0.0,1,"{'站上20日线': 8.0, '站上60日线': 20.0, '资金活跃度': 11.2, '市场广度': 4.2, '热点持续性': 10.0}",True,1.5946459404149183,2.3647502937530485,5.089136947308037
20250924,78.3,20.0,轻仓 20%,0.0,0,"{'站上20日线': 20.0, '站上60日线': 20.0, '资金活跃度': 10.1, '市场广度': 18.2, '热点持续性': 10.0}",True,2.0845266849112365,1.6240687835523682,3.457990988369386
20250925,62.1,0.0,空仓,0.0,1,"{'站上20日线': 20.0, '站上60日线': 20.0, '资金活跃度': 7.8, '市场广度': 4.3, '热点持续性': 10.0}",True,1.1347669833621454,-0.35156340324316027,2.6337903794254824
20250926,21.3,100.0,满仓 100%,30.0,4,"{'站上20日线': 8.0, '站上60日线': 20.0, '资金活跃度': 7.8, '市场广度': 5.5, '热点持续性': 10.0}",True,1.6038270622600326,0.9348382725034243,3.8769746710253017
20250929,75.3,20.0,轻仓 20%,0.0,0,"{'站上20日线': 20.0, '站上60日线': 20.0, '资金活跃度': 9.8, '市场广度': 15.5, '热点持续性': 10.0}",True,0.06982984761005895,1.3928817723360076,2.5282459170496985
20250930,67.9,40.0,中仓 40%,0.0,0,"{'站上20日线': 20.0, '站上60日线': 20.0, '资金活跃度': 7.8, '市场广度': 10.1, '热点持续性': 10.0}",True,0.758016671262185,0.7978876151900849,2.227037274915644
20251009,75.4,20.0,轻仓 20%,0.0,1,"{'站上20日线': 20.0, '站上60日线': 20.0, '资金活跃度': 12.6, '市场广度': 12.8, '热点持续性': 10.0}",True,-0.4510555285034523,-0.29390902691640575,1.8756486446117382
20251010,74.6,40.0,中仓 40%,0.0,1,"{'站上20日线': 20.0, '站上60日线': 20.0, '资金活跃度': 13.6, '市场广度': 11.0, '热点持续性': 10.0}",True,-1.469653246790814,1.367282930292446,2.5795964878980504
20251013,65.4,0.0,空仓,0.0,1,"{'站上20日线': 16.0, '站上60日线': 20.0, '资金活跃度': 13.2, '市场广度': 6.2, '热点持续性': 10.0}",True,-0.6584287315739235,2.7623663511489926,3.319062269716677
20251014,54.1,70.0,重仓 70%,10.0,2,"{'站上20日线': 12.0, '站上60日线': 20.0, '资金活跃度': 15.6, '市场广度': 6.5, '热点持续性': 10.0}",True,1.3221286842804991,3.182088388090021,3.55809975445438
20251015,75.0,40.0,中仓 40%,0.0,0,"{'站上20日线': 12.0, '站上60日线': 20.0, '资金活跃度': 14.2, '市场广度': 18.8, '热点持续性': 10.0}",True,0.03957098923255131,2.6614500067033697,2.2475815776225705
20251016,56.9,70.0,重仓 70%,0.0,1,"{'站上20日线': 12.0, '站上60日线': 20.0, '资金活跃度': 10.9, '市场广度': 4.0, '热点持续性': 10.0}",True,0.1578585312193237,1.8046140316651638,2.8924056515606367
20251017,9.0,100.0,满仓 100%,30.0,5,"{'站上20日线': 0.0, '站上60日线': 20.0, '资金活跃度': 7.7, '市场广度': 1.3, '热点持续性': 10.0}",True,2.8792511856159164,2.995886222228794,3.9256876603569024
20251020,56.9,70.0,重仓 70%,0.0,0,"{'站上20日线': 0.0, '站上60日线': 20.0, '资金活跃度': 8.7, '市场广度': 18.2, '热点持续性': 10.0}",True,3.443467864505334,2.9148869199935756,2.7987889725506365
20251021,67.4,40.0,中仓 40%,0.0,0,"{'站上20日线': 12.0, '站上60日线': 20.0, '资金活跃度': 6.6, '市场广度': 18.8, '热点持续性': 10.0}",True,1.8356895260315254,1.1197671127081588,0.5995635406005562
20251022,57.3,0.0,空仓,0.0,0,"{'站上20日线': 12.0, '站上60日线': 20.0, '资金活跃度': 7.1, '市场广度': 8.2, '热点持续性': 10.0}",True,2.620841924395112,1.4178369145805059,0.8427910813894046
20251023,62.8,0.0,空仓,0.0,0,"{'站上20日线': 12.0, '站上60日线': 20.0, '资金活跃度': 8.1, '市场广度': 12.7, '热点持续性': 10.0}",True,1.644160053534427,2.17595299379838,0.22030077885022425
20251024,74.8,40.0,中仓 40%,0.0,0,"{'站上20日线': 20.0, '站上60日线': 20.0, '资金活跃度': 11.2, '市场广度': 13.6, '热点持续性': 10.0}",True,0.1133708063275618,1.1959613817796422,-2.921812621612241
20251027,78.7,20.0,轻仓 20%,0.0,0,"{'站上20日线': 20.0, '站上60日线': 20.0, '资金活跃度': 13.2, '市场广度': 15.5, '热点持续性': 10.0}",True,-0.5109853289181232,0.5417313150082537,-4.007536256758137
20251028,70.9,40.0,中仓 40%,0.0,1,"{'站上20日线': 20.0, '站上60日线': 20.0, '资金活跃度': 11.8, '市场广度': 9.1, '热点持续性': 10.0}",True,-0.7030172002128521,0.3644153478945755,-2.963752862521074
20251029,75.0,40.0,中仓 40%,0.0,0,"{'站上20日线': 20.0, '站上60日线': 20.0, '资金活跃度': 14.2, '市场广度': 10.8, '热点持续性': 10.0}",True,-1.1722813682437994,-0.4031390839051907,-3.788198731628445
20251030,68.9,40.0,中仓 40%,0.0,1,"{'站上20日线': 20.0, '站上60日线': 20.0, '资金活跃度': 14.2, '市场广度': 4.7, '热点持续性': 10.0}",True,0.5231908453804612,1.0685091537767866,-2.800205111699794
20251031,81.6,20.0,轻仓 20%,0.0,0,"{'站上20日线': 20.0, '站上60日线': 20.0, '资金活跃度': 14.2, '市场广度': 17.4, '热点持续性': 10.0}",True,1.0813646236589092,0.9027558985432949,-1.673762702950099
20251103,78.6,20.0,轻仓 20%,0.0,0,"{'站上20日线': 20.0, '站上60日线': 20.0, '资金活跃度': 13.2, '市场广度': 15.4, '热点持续性': 10.0}",True,1.0581234997720568,-0.11280967303904932,-1.572092910267009
20251104,63.7,0.0,空仓,0.0,0,"{'站上20日线': 16.0, '站上60日线': 20.0, '资金活跃度': 11.6, '市场广度': 6.1, '热点持续性': 10.0}",True,1.0749899120899853,-0.514443008484966,-1.577562266014776
20251105,71.6,40.0,中仓 40%,0.0,0,"{'站上20日线': 16.0, '站上60日线': 20.0, '资金活跃度': 10.5, '市场广度': 15.1, '热点持续性': 10.0}",True,0.7782657487061195,-0.567006604247966,-2.2988912031529973
20251106,72.3,40.0,中仓 40%,0.0,0,"{'站上20日线': 20.0, '站上60日线': 20.0, '资金活跃度': 9.7, '市场广度': 12.6, '热点持续性': 10.0}",True,0.5424801021638004,-1.9140043793541617,-3.2927770947556056
20251107,68.8,40.0,中仓 40%,0.0,1,"{'站上20日线': 20.0, '站上60日线': 20.0, '资金活跃度': 10.7, '市场广度': 8.1, '热点持续性': 10.0}",True,-0.17669797571551182,-4.069109030800988,-2.370150839924501
20251110,77.3,20.0,轻仓 20%,0.0,0,"{'站上20日线': 20.0, '站上60日线': 20.0, '资金活跃度': 12.2, '市场广度': 15.1, '热点持续性': 10.0}",True,-1.1586729817061547,-4.5247555540027795,-2.3520496157216297
20251111,68.4,40.0,中仓 40%,0.0,0,"{'站上20日线': 16.0, '站上60日线': 20.0, '资金活跃度': 10.5, '市场广度': 11.9, '热点持续性': 10.0}",True,-1.5725283989217798,-3.3160838917650093,-2.329294184589137
20251112,59.0,0.0,空仓,0.0,0,"{'站上20日线': 12.0, '站上60日线': 20.0, '资金活跃度': 10.5, '市场广度': 6.5, '热点持续性': 10.0}",True,-1.334883412568899,-3.398761383227722,-2.491003063993069
20251113,81.9,20.0,轻仓 20%,0.0,0,"{'站上20日线': 20.0, '站上60日线': 20.0, '资金活跃度': 13.1, '市场广度': 18.8, '热点持续性': 10.0}",True,-2.443230442517308,-3.8278137254308398,-3.876003312767351
20251114,63.4,0.0,空仓,0.0,1,"{'站上20日线': 12.0, '站上60日线': 20.0, '资金活跃度': 13.9, '市场广度': 7.5, '热点持续性': 10.0}",True,-3.8993010410921403,-2.553467027287182,-2.5346848825988144
20251117,51.0,70.0,重仓 70%,0.0,0,"{'站上20日线': 0.0, '站上60日线': 20.0, '资金活跃度': 11.4, '市场广度': 9.6, '热点持续性': 10.0}",True,-3.405541663431544,-1.460931309061031,-2.62117290613868
20251118,25.6,100.0,满仓 100%,20.0,3,"{'站上20日线': 0.0, '站上60日线': 20.0, '资金活跃度': 11.4, '市场广度': 4.2, '热点持续性': 10.0}",True,-1.7714114408117432,-1.0686166813344444,-2.918950647684271
20251119,36.3,100.0,满仓 100%,10.0,2,"{'站上20日线': 0.0, '站上60日线': 20.0, '资金活跃度': 12.5, '市场广度': 3.8, '热点持续性': 10.0}",True,-2.091801076249622,-1.7417604959472421,-1.937418059004814
20251120,35.9,100.0,满仓 100%,0.0,1,"{'站上20日线': 0.0, '站上60日线': 12.0, '资金活跃度': 9.1, '市场广度': 4.8, '热点持续性': 10.0}",True,-1.419259052133437,-1.4056774432243513,-1.3909943477714015
20251121,0.0,100.0,满仓 100%,30.0,5,"{'站上20日线': 0.0, '站上60日线': 0.0, '资金活跃度': 10.0, '市场广度': 1.3, '热点持续性': 10.0}",True,1.400441441513789,1.7710230497306467,1.448716610131373
20251124,24.7,100.0,满仓 100%,10.0,2,"{'站上20日线': 0.0, '站上60日线': 0.0, '资金活跃度': 7.1, '市场广度': 17.6, '热点持续性': 10.0}",True,2.013169686810423,2.27567465355909,2.100683505416212
20251125,36.9,70.0,重仓 70%,0.0,0,"{'站上20日线': 0.0, '站上60日线': 0.0, '资金活跃度': 8.7, '市场广度': 18.2, '热点持续性': 10.0}",True,0.7154686530528975,1.0206348138310561,1.290839940271149
20251126,25.3,100.0,满仓 100%,0.0,1,"{'站上20日线': 0.0, '站上60日线': 0.0, '资金活跃度': 9.5, '市场广度': 5.8, '热点持续性': 10.0}",True,0.3575191701514102,0.9396963561055793,1.9865149292564777
20251127,31.0,100.0,满仓 100%,0.0,1,"{'站上20日线': 0.0, '站上60日线': 0.0, '资金活跃度': 9.4, '市场广度': 11.6, '热点持续性': 10.0}",True,0.013777142247550778,-0.050107613441308096,2.1769304010977875
20251128,36.1,100.0,满仓 100%,0.0,0,"{'站上20日线': 0.0, '站上60日线': 0.0, '资金活跃度': 6.7, '市场广度': 19.4, '热点持续性': 10.0}",True,0.36546350582762344,0.019274307782324307,1.930843320785014
20251201,66.5,0.0,空仓,0.0,0,"{'站上20日线': 8.0, '站上60日线': 20.0, '资金活跃度': 12.2, '市场广度': 16.3, '热点持续性': 10.0}",True,0.25732458618292764,-1.1774432339285323,1.3100005132848258
20251202,25.2,100.0,满仓 100%,0.0,0,"{'站上20日线': 0.0, '站上60日线': 0.0, '资金活跃度': 9.6, '市场广度': 5.6, '热点持续性': 10.0}",True,0.3029983029016359,-1.8703205234579134,1.7293301023092456
20251203,25.4,100.0,满仓 100%,0.0,0,"{'站上20日线': 0.0, '站上60日线': 0.0, '资金活跃度': 10.2, '市场广度': 5.2, '热点持续性': 10.0}",True,0.5801032057868083,-0.19912585859988008,2.342457693910016
20251204,4.2,100.0,满仓 100%,20.0,3,"{'站上20日线': 0.0, '站上60日线': 0.0, '资金活跃度': 9.5, '市场广度': 4.7, '热点持续性': 10.0}",True,-0.06387595540763291,0.014892435053237563,3.8088563701268674
20251205,56.7,70.0,重仓 70%,0.0,0,"{'站上20日线': 8.0, '站上60日线': 8.0, '资金活跃度': 12.5, '市场广度': 18.2, '热点持续性': 10.0}",True,-0.34492860985512186,-0.31669765119858306,4.634089571825162
20251208,79.8,20.0,轻仓 20%,0.0,0,"{'站上20日线': 20.0, '站上60日线': 20.0, '资金活跃度': 14.5, '市场广度': 15.3, '热点持续性': 10.0}",True,-1.4310852858218093,-0.1710975251306146,4.12057324653452
20251209,57.1,70.0,重仓 70%,0.0,0,"{'站上20日线': 8.0, '站上60日线': 20.0, '资金活跃度': 14.8, '市场广度': 4.3, '热点持续性': 10.0}",True,-2.166753599724325,0.26747518161811534,4.436788378404155
20251210,47.1,70.0,重仓 70%,0.0,0,"{'站上20日线': 8.0, '站上60日线': 8.0, '资金活跃度': 12.1, '市场广度': 9.0, '热点持续性': 10.0}",True,-0.7747348029583878,1.0370732337630972,5.638513665954292
20251211,8.7,100.0,满仓 100%,30.0,5,"{'站上20日线': 8.0, '站上60日线': 4.0, '资金活跃度': 13.7, '市场广度': 3.0, '热点持续性': 10.0}",True,0.0788187366819626,2.2281544895776273,7.537966935631624
20251212,51.3,70.0,重仓 70%,0.0,0,"{'站上20日线': 8.0, '站上60日线': 8.0, '资金活跃度': 14.2, '市场广度': 11.1, '热点持续性': 10.0}",True,0.028328672352273543,1.9112006423085415,6.412718725414401
20251215,42.4,70.0,重仓 70%,0.0,1,"{'站上20日线': 8.0, '站上60日线': 4.0, '资金活跃度': 11.3, '市场广度': 9.1, '热点持续性': 10.0}",True,1.27828105274852,2.5170809465105526,6.674704749003535
20251216,3.8,100.0,满仓 100%,20.0,3,"{'站上20日线': 0.0, '站上60日线': 0.0, '资金活跃度': 10.1, '市场广度': 3.7, '热点持续性': 10.0}",True,2.4881406586295007,3.6682588233946767,7.524273285177752
20251217,45.4,70.0,重仓 70%,10.0,2,"{'站上20日线': 8.0, '站上60日线': 8.0, '资金活跃度': 11.3, '市场广度': 18.1, '热点持续性': 10.0}",True,1.8259543404833378,2.546654600348419,5.984976529460728
20251218,39.0,70.0,重仓 70%,0.0,0,"{'站上20日线': 8.0, '站上60日线': 0.0, '资金活跃度': 8.8, '市场广度': 12.2, '热点持续性': 10.0}",True,2.147643007808453,3.7933990055904143,6.13020865781535
20251219,63.1,0.0,空仓,0.0,0,"{'站上20日线': 20.0, '站上60日线': 4.0, '资金活跃度': 10.3, '市场广度': 18.8, '热点持续性': 10.0}",True,1.8823387283853465,4.9665160627408556,5.737167767975282
20251222,75.3,20.0,轻仓 20%,0.0,0,"{'站上20日线': 20.0, '站上60日线': 20.0, '资金活跃度': 11.8, '市场广度': 13.5, '热点持续性': 10.0}",True,1.2231644148036347,4.299026299267883,5.094655747827126
20251223,69.2,40.0,中仓 40%,0.0,1,"{'站上20日线': 20.0, '站上60日线': 20.0, '资金活跃度': 12.8, '市场广度': 6.4, '热点持续性': 10.0}",True,1.1514680207692862,4.1581910676757206,5.168329235266755
20251224,79.7,20.0,轻仓 20%,0.0,0,"{'站上20日线': 20.0, '站上60日线': 20.0, '资金活跃度': 10.3, '市场广度': 19.4, '热点持续性': 10.0}",True,0.707776582633568,4.554209939895171,4.953560654330036
20251225,80.5,20.0,轻仓 20%,0.0,0,"{'站上20日线': 20.0, '站上60日线': 20.0, '资金活跃度': 11.3, '市场广度': 19.2, '热点持续性': 10.0}",True,1.6111541581592226,5.194080312381422,4.368703359015846
20251226,70.4,40.0,中仓 40%,0.0,0,"{'站上20日线': 20.0, '站上60日线': 20.0, '资金活跃度': 13.2, '市场广度': 7.2, '热点持续性': 10.0}",True,3.0271952654893353,4.4170984687987636,4.446000910921422
20251229,70.4,40.0,中仓 40%,0.0,1,"{'站上20日线': 20.0, '站上60日线': 20.0, '资金活跃度': 13.2, '市场广度': 7.2, '热点持续性': 10.0}",True,3.038693664880543,4.055542514580823,4.689661732806938
20251230,70.6,40.0,中仓 40%,0.0,0,"{'站上20日线': 20.0, '站上60日线': 20.0, '资金活跃度': 14.2, '市场广度': 6.4, '热点持续性': 10.0}",True,2.9724957093940185,3.719570971431141,4.864135245075674
20251231,70.0,40.0,中仓 40%,0.0,0,"{'站上20日线': 20.0, '站上60日线': 20.0, '资金活跃度': 10.6, '市场广度': 9.4, '热点持续性': 10.0}",True,3.8194005346801507,3.3529342741724477,3.756954078346486
20260105,82.4,20.0,轻仓 20%,0.0,1,"{'站上20日线': 20.0, '站上60日线': 20.0, '资金活跃度': 14.2, '市场广度': 18.2, '热点持续性': 10.0}",True,3.526115005686581,2.251404881825936,-0.19064145158019796
20260106,85.1,20.0,轻仓 20%,0.0,1,"{'站上20日线': 20.0, '站上60日线': 20.0, '资金活跃度': 16.9, '市场广度': 18.2, '热点持续性': 10.0}",True,1.3490643899679133,0.7341881336461631,-0.3900734124465344
20260107,73.5,40.0,中仓 40%,0.0,1,"{'站上20日线': 20.0, '站上60日线': 20.0, '资金活跃度': 15.6, '市场广度': 7.9, '热点持续性': 10.0}",True,0.986861162086794,0.7628349724726258,0.40211981465536617
20260108,82.6,20.0,轻仓 20%,0.0,1,"{'站上20日线': 20.0, '站上60日线': 20.0, '资金活跃度': 14.2, '市场广度': 18.4, '热点持续性': 10.0}",True,0.7255095226063935,0.969811550331845,-0.1729644053013346
20260109,85.5,20.0,轻仓 20%,0.0,1,"{'站上20日线': 20.0, '站上60日线': 20.0, '资金活跃度': 16.1, '市场广度': 19.4, '热点持续性': 10.0}",True,-0.44930548443293805,0.3819556521582834,-1.3309934458233252
20260112,87.0,20.0,轻仓 20%,0.0,1,"{'站上20日线': 20.0, '站上60日线': 20.0, '资金活跃度': 17.6, '市场广度': 19.4, '热点持续性': 10.0}",True,-1.2312933058394315,-0.7846230043692115,-1.0130706479529406
20260113,43.4,70.0,重仓 70%,30.0,4,"{'站上20日线': 20.0, '站上60日线': 20.0, '资金活跃度': 17.6, '市场广度': 5.8, '热点持续性': 10.0}",True,-0.6066915960426189,0.02767979818101285,-0.25093032125454995
20260114,67.4,40.0,中仓 40%,10.0,2,"{'站上20日线': 20.0, '站上60日线': 20.0, '资金活跃度': 15.6, '市场广度': 11.8, '热点持续性': 10.0}",True,-0.2218369667461917,0.6094045573182827,0.14279367223211104
20260115,43.4,70.0,重仓 70%,30.0,5,"{'站上20日线': 20.0, '站上60日线': 20.0, '资金活跃度': 14.9, '市场广度': 8.5, '热点持续性': 10.0}",True,0.2425423598086729,1.1035181334869026,0.520755574355225
20260116,39.4,70.0,重仓 70%,30.0,4,"{'站上20日线': 20.0, '站上60日线': 20.0, '资金活跃度': 10.8, '市场广度': 8.6, '热点持续性': 10.0}",True,0.8350128953256375,0.3909127563831438,-0.4836792357867603
20260119,56.1,70.0,重仓 70%,20.0,3,"{'站上20日线': 20.0, '站上60日线': 20.0, '资金活跃度': 10.1, '市场广度': 16.0, '热点持续性': 10.0}",True,0.4522386861390615,-2.3882765583792764,0.08285852982843345
20260120,50.7,70.0,重仓 70%,10.0,2,"{'站上20日线': 16.0, '站上60日线': 20.0, '资金活跃度': 6.8, '市场广度': 7.9, '热点持续性': 10.0}",True,0.6382435642904749,-1.116067510864449,0.8163433486911398
20260121,68.6,40.0,中仓 40%,0.0,1,"{'站上20日线': 20.0, '站上60日线': 20.0, '资金活跃度': 5.8, '市场广度': 12.8, '热点持续性': 10.0}",True,0.8330896248184505,-0.35798432816604997,0.721193410639942
20260122,73.9,40.0,中仓 40%,0.0,1,"{'站上20日线': 20.0, '站上60日线': 20.0, '资金活跃度': 6.8, '市场广度': 17.1, '热点持续性': 10.0}",True,0.8588925953093351,-1.1317996320746926,0.9776775491828538
20260123,78.6,20.0,轻仓 20%,0.0,1,"{'站上20日线': 20.0, '站上60日线': 20.0, '资金活跃度': 9.2, '市场广度': 19.4, '热点持续性': 10.0}",True,-0.440422553824138,-1.7064312872298482,1.1224578560009801
20260126,48.0,70.0,重仓 70%,20.0,3,"{'站上20日线': 20.0, '站上60日线': 20.0, '资金活跃度': 12.6, '市场广度': 5.4, '热点持续性': 10.0}",True,-2.827727168324712,-0.23025427156698752,-0.2402649060210149
20260127,65.9,0.0,空仓,0.0,1,"{'站上20日线': 20.0, '站上60日线': 20.0, '资金活跃度': 8.8, '市场广度': 7.1, '热点持续性': 10.0}",True,-1.7431853071185777,-0.27853302205720354,-1.3872326172966076
20260128,57.7,0.0,空仓,10.0,2,"{'站上20日线': 20.0, '站上60日线': 20.0, '资金活跃度': 12.2, '市场广度': 5.5, '热点持续性': 10.0}",True,-1.1812332215706767,-0.46378456083628894,-1.027905459908851
20260129,64.4,0.0,空仓,0.0,1,"{'站上20日线': 16.0, '站上60日线': 20.0, '资金活跃度': 13.2, '市场广度': 5.2, '热点持续性': 10.0}",True,-1.9737399213488938,-0.5764018600838972,-0.8126653670786688
20260130,36.0,100.0,满仓 100%,30.0,4,"{'站上20日线': 16.0, '站上60日线': 20.0, '资金活跃度': 10.8, '市场广度': 9.2, '热点持续性': 10.0}",True,-1.2716091870620283,-0.8711864133482572,-0.5183480236611304
20260202,14.8,100.0,满仓 100%,30.0,5,"{'站上20日线': 0.0, '站上60日线': 20.0, '资金活跃度': 11.8, '市场广度': 3.0, '热点持续性': 10.0}",True,2.673059733054872,2.5315966167584802,2.67426249824938
20260203,61.0,0.0,空仓,0.0,0,"{'站上20日线': 0.0, '站上60日线': 20.0, '资金活跃度': 12.8, '市场广度': 18.2, '热点持续性': 10.0}",True,1.4906368475707366,1.954221288446334,1.6150303095978646
20260204,55.7,70.0,重仓 70%,0.0,0,"{'站上20日线': 0.0, '站上60日线': 20.0, '资金活跃度': 12.2, '市场广度': 13.5, '热点持续性': 10.0}",True,0.7260247057555791,1.0830549056335848,0.6557600040173472
20260205,25.9,100.0,满仓 100%,20.0,3,"{'站上20日线': 0.0, '站上60日线': 20.0, '资金活跃度': 10.9, '市场广度': 5.0, '热点持续性': 10.0}",True,1.4254731947784816,2.1336255473523247,0.47920017599967224
20260206,52.0,70.0,重仓 70%,0.0,0,"{'站上20日线': 0.0, '站上60日线': 20.0, '资金活跃度': 10.8, '市场广度': 11.2, '热点持续性': 10.0}",True,0.4055801683960025,2.8780002397687854,0.4723159780709585
20260209,78.0,20.0,轻仓 20%,0.0,0,"{'站上20日线': 20.0, '站上60日线': 20.0, '资金活跃度': 8.6, '市场广度': 19.4, '热点持续性': 10.0}",True,-0.1377801700506276,-0.01003373756336412,-1.7749407683272267
20260210,68.2,40.0,中仓 40%,0.0,0,"{'站上20日线': 20.0, '站上60日线': 20.0, '资金活跃度': 9.8, '市场广度': 8.4, '热点持续性': 10.0}",True,0.45677557583154726,-1.1117963151150212,-1.5838854293474536
20260211,57.4,0.0,空仓,0.0,0,"{'站上20日线': 12.0, '站上60日线': 20.0, '资金活跃度': 8.1, '市场广度': 7.3, '热点持续性': 10.0}",True,0.35445675625638273,-0.5667493952664304,-3.0356523559499804
20260212,66.0,0.0,空仓,0.0,0,"{'站上20日线': 20.0, '站上60日线': 20.0, '资金活跃度': 8.5, '市场广度': 7.5, '热点持续性': 10.0}",True,0.6981997029621212,-0.2376332293489214,-4.280704838764837
20260213,21.2,100.0,满仓 100%,20.0,3,"{'站上20日线': 0.0, '站上60日线': 20.0, '资金活跃度': 7.2, '市场广度': 4.0, '热点持续性': 10.0}",True,2.4624329317415983,0.3559392843723419,-6.5846379116334175
20260224,78.6,20.0,轻仓 20%,0.0,0,"{'站上20日线': 20.0, '站上60日线': 20.0, '资金活跃度': 11.0, '市场广度': 17.6, '热点持续性': 10.0}",True,0.12792268457961775,0.13914333356590536,-5.734897984020981
20260225,82.6,20.0,轻仓 20%,0.0,0,"{'站上20日线': 20.0, '站上60日线': 20.0, '资金活跃度': 14.9, '市场广度': 17.7, '热点持续性': 10.0}",True,-1.561439616148641,-0.3326894900102517,-5.193658756126518
20260226,73.6,40.0,中仓 40%,0.0,0,"{'站上20日线': 20.0, '站上60日线': 20.0, '资金活跃度': 14.2, '市场广度': 9.4, '热点持续性': 10.0}",True,-0.9179524071962764,-0.4227166482207556,-6.2110082567991
20260227,75.7,20.0,轻仓 20%,0.0,0,"{'站上20日线': 16.0, '站上60日线': 20.0, '资金活跃度': 15.2, '市场广度': 14.5, '热点持续性': 10.0}",True,-0.9293442534936469,-1.6198635488423263,-5.985222015087388
20260302,58.3,0.0,空仓,10.0,2,"{'站上20日线': 16.0, '站上60日线': 20.0, '资金活跃度': 18.9, '市场广度': 3.4, '热点持续性': 10.0}",True,-2.0558692460216577,-2.338385520802433,-6.199602260885717
20260303,26.7,100.0,满仓 100%,30.0,5,"{'站上20日线': 12.0, '站上60日线': 16.0, '资金活跃度': 16.6, '市场广度': 2.1, '热点持续性': 10.0}",True,0.011206313569145365,-1.7650841346737,-5.598681535973249
20260304,33.5,100.0,满仓 100%,10.0,2,"{'站上20日线': 0.0, '站上60日线': 16.0, '资金活跃度': 11.7, '市场广度': 5.8, '热点持续性': 10.0}",True,1.248240650154786,-0.4773967941988255,-3.2804103590127087
20260305,57.2,70.0,重仓 70%,0.0,0,"{'站上20日线': 0.0, '站上60日线': 16.0, '资金活跃度': 13.0, '市场广度': 18.2, '热点持续性': 10.0}",True,0.4998239045389763,-2.4829752076575673,-4.607002879592814
20260306,66.7,0.0,空仓,0.0,0,"{'站上20日线': 12.0, '站上60日线': 16.0, '资金活跃度': 10.5, '市场广度': 18.2, '热点持续性': 10.0}",True,-0.6969967950101408,-4.052702176473755,-5.918666774647374
20260309,39.2,70.0,重仓 70%,0.0,1,"{'站上20日线': 0.0, '站上60日线': 16.0, '资金活跃度': 9.2, '市场广度': 4.0, '热点持续性': 10.0}",True,-0.2884463546778626,-6.915960575426117,-5.039244351349403
20260310,75.5,20.0,轻仓 20%,0.0,0,"{'站上20日线': 20.0, '站上60日线': 20.0, '资金活跃度': 6.7, '市场广度': 18.8, '热点持续性': 10.0}",True,-1.7760914138697292,-5.865879337533686,-3.107839223426434
20260311,67.2,40.0,中仓 40%,0.0,0,"{'站上20日线': 20.0, '站上60日线': 20.0, '资金活跃度': 9.2, '市场广度': 8.0, '热点持续性': 10.0}",True,-1.704362893885969,-4.877195181893712,-4.046561198728482
20260312,64.7,0.0,空仓,0.0,0,"{'站上20日线': 20.0, '站上60日线': 20.0, '资金活跃度': 10.2, '市场广度': 4.5, '热点持续性': 10.0}",True,-2.967964516067012,-5.812863550544856,-3.4602651917634564
20260313,55.0,70.0,重仓 70%,0.0,0,"{'站上20日线': 8.0, '站上60日线': 20.0, '资金活跃度': 13.1, '市场广度': 3.9, '热点持续性': 10.0}",True,-3.3792587063419255,-4.437235628771785,-2.6099827650134078
20260316,60.2,0.0,空仓,0.0,1,"{'站上20日线': 8.0, '站上60日线': 20.0, '资金活跃度': 10.6, '市场广度': 11.6, '热点持续性': 10.0}",True,-6.6466863452179,-3.953668757857509,-1.42382496531398
20260317,1.3,100.0,满仓 100%,30.0,4,"{'站上20日线': 0.0, '站上60日线': 8.0, '资金活跃度': 11.4, '市场广度': 1.9, '热点持续性': 10.0}",True,-4.163739747820894,-3.90247944687524,-0.5604523343040402
20260318,49.8,70.0,重仓 70%,0.0,0,"{'站上20日线': 4.0, '站上60日线': 8.0, '资金活跃度': 11.4, '市场广度': 16.4, '热点持续性': 10.0}",True,-3.227846506129828,-2.8164592509880126,-0.183057557395494
20260319,6.6,100.0,满仓 100%,20.0,3,"{'站上20日线': 4.0, '站上60日线': 4.0, '资金活跃度': 7.2, '市场广度': 1.4, '热点持续性': 10.0}",True,-2.9319172995694975,-2.1781095931282413,1.1199928676832727
20260320,0.0,100.0,满仓 100%,30.0,4,"{'站上20日线': 4.0, '站上60日线': 4.0, '资金活跃度': 7.5, '市场广度': 1.6, '热点持续性': 10.0}",True,-1.0949790989642327,-1.944780770799437,3.160796923427367
20260323,0.0,100.0,满仓 100%,30.0,5,"{'站上20日线': 0.0, '站上60日线': 0.0, '资金活跃度': 10.6, '市场广度': 0.7, '热点持续性': 10.0}",True,2.8847584321635367,2.0161525388006085,7.127551433438084
20260324,34.3,100.0,满仓 100%,0.0,0,"{'站上20日线': 0.0, '站上60日线': 0.0, '资金活跃度': 6.1, '市场广度': 18.2, '热点持续性': 10.0}",True,0.27261111844116837,2.9299047940296585,5.796500571705776
20260325,44.5,70.0,重仓 70%,0.0,0,"{'站上20日线': 4.0, '站上60日线': 4.0, '资金活跃度': 8.3, '市场广度': 18.2, '热点持续性': 10.0}",True,0.4251091251863848,0.8732227616222721,4.10527139028507
20260326,12.5,100.0,满仓 100%,10.0,2,"{'站上20日线': 0.0, '站上60日线': 0.0, '资金活跃度': 10.2, '市场广度': 2.3, '热点持续性': 10.0}",True,0.7765762807612653,2.497791574801611,4.906474751699208
20260327,41.6,70.0,重仓 70%,0.0,0,"{'站上20日线': 4.0, '站上60日线': 0.0, '资金活跃度': 8.8, '市场广度': 18.8, '热点持续性': 10.0}",True,-0.8592098399994419,1.9120971183505642,4.410643387762825
20260330,30.8,100.0,满仓 100%,0.0,0,"{'站上20日线': 0.0, '站上60日线': 0.0, '资金活跃度': 7.7, '市场广度': 13.1, '热点持续性': 10.0}",True,-0.844251283279851,2.6339827454372466,3.959702768614748
20260331,21.0,100.0,满仓 100%,0.0,1,"{'站上20日线': 0.0, '站上60日线': 0.0, '资金活跃度': 7.9, '市场广度': 3.1, '热点持续性': 10.0}",True,2.6500692920519597,3.4777454125090035,5.5411518475546595
20260401,35.8,100.0,满仓 100%,0.0,0,"{'站上20日线': 0.0, '站上60日线': 0.0, '资金活跃度': 7.0, '市场广度': 18.8, '热点持续性': 10.0}",True,0.44621672840534643,2.7097198489542507,4.1434732493462745
20260402,0.0,100.0,满仓 100%,20.0,3,"{'站上20日线': 0.0, '站上60日线': 0.0, '资金活跃度': 6.5, '市场广度': 3.4, '热点持续性': 10.0}",True,1.707951745894909,3.371538259068263,6.146235543154677
20260403,0.0,100.0,满仓 100%,30.0,5,"{'站上20日线': 0.0, '站上60日线': 0.0, '资金活跃度': 8.4, '市场广度': 1.8, '热点持续性': 10.0}",True,2.7953246629136785,5.206839303773014,7.731650090060893
20260407,37.6,70.0,重仓 70%,0.0,0,"{'站上20日线': 0.0, '站上60日线': 0.0, '资金活跃度': 9.4, '市场广度': 18.2, '热点持续性': 10.0}",True,3.507849089672166,5.010381951714371,7.449245398234461
20260408,66.4,0.0,空仓,0.0,0,"{'站上20日线': 20.0, '站上60日线': 4.0, '资金活跃度': 13.6, '市场广度': 18.8, '热点持续性': 10.0}",True,0.806308389429522,2.7849979881088727,5.757780824643821
20260409,49.7,70.0,重仓 70%,0.0,0,"{'站上20日线': 20.0, '站上60日线': 4.0, '资金活跃度': 12.5, '市场广度': 3.2, '热点持续性': 10.0}",True,2.2534478592351137,3.204069960469691,6.260897159456946
20260410,70.8,40.0,中仓 40%,0.0,1,"{'站上20日线': 20.0, '站上60日线': 8.0, '资金活跃度': 14.0, '市场广度': 18.8, '热点持续性': 10.0}",True,1.6356503937171363,2.349985438603097,6.43082915019817
20260413,58.9,0.0,空仓,0.0,0,"{'站上20日线': 20.0, '站上60日线': 8.0, '资金活跃度': 11.3, '市场广度': 9.6, '热点持续性': 10.0}",True,2.3459380558086496,2.4516679963034305,4.747567918029505
20260414,70.7,40.0,中仓 40%,0.0,0,"{'站上20日线': 20.0, '站上60日线': 8.0, '资金活跃度': 15.1, '市场广度': 17.6, '热点持续性': 10.0}",True,1.451612486643894,1.2916969484324525,2.7011152961427642
20260415,59.6,0.0,空仓,0.0,0,"{'站上20日线': 20.0, '站上60日线': 8.0, '资金活跃度': 15.1, '市场广度': 6.5, '热点持续性': 10.0}",True,1.96286287068006,1.9940581685656156,2.5903320897509907
20260416,69.2,40.0,中仓 40%,0.0,0,"{'站上20日线': 20.0, '站上60日线': 8.0, '资金活跃度': 12.4, '市场广度': 18.8, '热点持续性': 10.0}",True,0.9296724180325011,1.3959276712082413,2.8107430544261014
20260417,58.8,0.0,空仓,0.0,0,"{'站上20日线': 20.0, '站上60日线': 8.0, '资金活跃度': 11.7, '市场广度': 9.1, '热点持续性': 10.0}",True,0.7028390551137909,2.684198504555968,2.733830419288985
20260420,79.9,20.0,轻仓 20%,0.0,0,"{'站上20日线': 20.0, '站上60日线': 20.0, '资金活跃度': 14.2, '市场广度': 15.7, '热点持续性': 10.0}",True,0.10330643551004215,2.3998542328581562,-0.11882530556189819
20260421,71.0,40.0,中仓 40%,0.0,0,"{'站上20日线': 20.0, '站上60日线': 20.0, '资金活跃度': 14.0, '市场广度': 7.0, '热点持续性': 10.0}",True,-0.15762739920225366,2.322497453291339,0.6810888197298359
20260422,76.9,20.0,轻仓 20%,0.0,0,"{'站上20日线': 20.0, '站上60日线': 20.0, '资金活跃度': 14.2, '市场广度': 12.7, '热点持续性': 10.0}",True,0.03059476461062527,2.892234173005348,1.1278029503308584
20260423,49.8,70.0,重仓 70%,20.0,3,"{'站上20日线': 20.0, '站上60日线': 20.0, '资金活跃度': 15.6, '市场广度': 4.2, '热点持续性': 10.0}",True,0.46196053351346134,2.9619250482642023,1.2733866420720164
20260424,60.3,0.0,空仓,10.0,2,"{'站上20日线': 20.0, '站上60日线': 20.0, '资金活跃度': 12.8, '市场广度': 7.5, '热点持续性': 10.0}",True,1.9675308740380038,3.9871463528864615,0.33888572377893666
20260427,55.9,70.0,重仓 70%,20.0,3,"{'站上20日线': 20.0, '站上60日线': 20.0, '资金活跃度': 11.8, '市场广度': 14.1, '热点持续性': 10.0}",True,2.2941777640757666,2.2409590459854023,0.3007969813213496
20260428,46.6,70.0,重仓 70%,20.0,3,"{'站上20日线': 20.0, '站上60日线': 20.0, '资金活跃度': 10.8, '市场广度': 5.8, '热点持续性': 10.0}",True,2.4840403807408817,1.3914450938933731,-0.24685450096642025
20260429,78.0,20.0,轻仓 20%,0.0,0,"{'站上20日线': 20.0, '站上60日线': 20.0, '资金活跃度': 9.8, '市场广度': 18.2, '热点持续性': 10.0}",True,2.860764164332563,0.5846163314728869,-1.2117888132053833
20260430,74.8,40.0,中仓 40%,0.0,1,"{'站上20日线': 20.0, '站上60日线': 20.0, '资金活跃度': 12.2, '市场广度': 12.6, '热点持续性': 10.0}",True,2.488468771139285,1.395337481210901,-0.9011737458711866
20260506,83.7,20.0,轻仓 20%,0.0,1,"{'站上20日线': 20.0, '站上60日线': 20.0, '资金活跃度': 14.6, '市场广度': 19.1, '热点持续性': 10.0}",True,1.9806456639058112,0.04833452026293816,-1.8316470776208238
20260507,81.2,20.0,轻仓 20%,0.0,1,"{'站上20日线': 20.0, '站上60日线': 20.0, '资金活跃度': 14.2, '市场广度': 17.0, '热点持续性': 10.0}",True,-0.052025168248692744,-2.459651488070047,-2.9260383299679393
20260508,83.7,20.0,轻仓 20%,0.0,1,"{'站上20日线': 20.0, '站上60日线': 20.0, '资金活跃度': 15.2, '市场广度': 18.5, '热点持续性': 10.0}",True,-1.0661126188901138,-1.6041522386714302,-3.6415773538473806
20260511,81.0,20.0,轻仓 20%,0.0,1,"{'站上20日线': 20.0, '站上60日线': 20.0, '资金活跃度': 16.1, '市场广度': 14.9, '热点持续性': 10.0}",True,-2.212843596245573,-1.7148342018774132,-6.288321853665712
20260512,71.5,40.0,中仓 40%,0.0,1,"{'站上20日线': 20.0, '站上60日线': 20.0, '资金活跃度': 16.1, '市场广度': 5.4, '热点持续性': 10.0}",True,-1.0665895422531713,-1.6399639045216685,-4.851321124546271
20260513,78.3,20.0,轻仓 20%,0.0,1,"{'站上20日线': 20.0, '站上60日线': 20.0, '资金活跃度': 13.8, '市场广度': 14.5, '热点持续性': 10.0}",True,-1.8947822217277643,-3.5083765225433994,-5.877241446933601
20260514,37.4,70.0,重仓 70%,30.0,4,"{'站上20日线': 20.0, '站上60日线': 20.0, '资金活跃度': 14.2, '市场广度': 3.2, '热点持续性': 10.0}",True,-2.4088795434567545,-1.8976368011096367,-4.569329097570729
20260515,48.2,70.0,重仓 70%,20.0,3,"{'站上20日线': 20.0, '站上60日线': 20.0, '资金活跃度': 11.8, '市场广度': 6.4, '热点持续性': 10.0}",True,-0.543837540426062,-1.6158163968790884,-2.511891625006335
20260518,72.2,40.0,中仓 40%,0.0,1,"{'站上20日线': 20.0, '站上60日线': 20.0, '资金活跃度': 13.1, '市场广度': 9.1, '热点持续性': 10.0}",True,0.5092789407965981,-1.7859641068354581,-0.8484972967383819
20260519,78.7,20.0,轻仓 20%,0.0,0,"{'站上20日线': 20.0, '站上60日线': 20.0, '资金活跃度': 12.2, '市场广度': 16.5, '热点持续性': 10.0}",True,-0.5795558442952764,-2.26490811523522,-1.8622231941391676
20260520,46.2,70.0,重仓 70%,20.0,3,"{'站上20日线': 20.0, '站上60日线': 20.0, '资金活跃度': 10.8, '市场广度': 5.4, '热点持续性': 10.0}",True,-1.6447589000439633,-1.879073356791372,-1.299997633454253
20260521,16.9,100.0,满仓 100%,30.0,6,"{'站上20日线': 4.0, '站上60日线': 20.0, '资金活跃度': 11.2, '市场广度': 1.7, '热点持续性': 10.0}",True,0.5238619455903981,-0.47814760661926137,0.32386324547770684
20260522,64.7,0.0,空仓,0.0,0,"{'站上20日线': 8.0, '站上60日线': 20.0, '资金活跃度': 8.8, '市场广度': 17.9, '热点持续性': 10.0}",True,-1.0778405580335493,-2.070641354824221,1.2204747229910495
20260525,56.1,70.0,重仓 70%,10.0,2,"{'站上20日线': 20.0, '站上60日线': 20.0, '资金活跃度': 7.8, '市场广度': 8.3, '热点持续性': 10.0}",True,-2.2836130870902416,-4.653283753096815,-1.1153795267825228
20260526,22.4,100.0,满仓 100%,30.0,4,"{'站上20日线': 8.0, '站上60日线': 20.0, '资金活跃度': 10.2, '市场广度': 4.2, '热点持续性': 10.0}",True,-1.6951767669640239,-3.2649004082382915,-0.8336909609822696
20260527,21.7,100.0,满仓 100%,30.0,5,"{'站上20日线': 8.0, '站上60日线': 20.0, '资金活跃度': 11.2, '市场广度': 2.5, '热点持续性': 10.0}",True,-0.2382328121277033,-2.454995406874505,0.6486510359533959
20260528,59.5,0.0,空仓,0.0,1,"{'站上20日线': 8.0, '站上60日线': 20.0, '资金活跃度': 8.8, '市场广度': 12.7, '热点持续性': 10.0}",True,-0.9967877604543429,-2.7233720058757127,-1.741335495093277
20260529,21.7,100.0,满仓 100%,30.0,4,"{'站上20日线': 4.0, '站上60日线': 20.0, '资金活跃度': 12.6, '市场广度': 5.1, '热点持续性': 10.0}",True,-1.0036182008067773,-0.910791953859158,0.1310681929919788
20260601,42.8,70.0,重仓 70%,10.0,2,"{'站上20日线': 4.0, '站上60日线': 8.0, '资金活跃度': 13.2, '市场广度': 17.6, '热点持续性': 10.0}",True,-2.425049411741509,0.9545140891235038,0.9033895715349072
20260602,49.9,70.0,重仓 70%,0.0,1,"{'站上20日线': 4.0, '站上60日线': 20.0, '资金活跃度': 10.8, '市场广度': 5.1, '热点持续性': 10.0}",True,-1.5967920897972276,0.41201672125181776,0.9163869681187986
20260603,57.2,70.0,重仓 70%,0.0,1,"{'站上20日线': 8.0, '站上60日线': 20.0, '资金活跃度': 13.2, '市场广度': 6.0, '热点持续性': 10.0}",True,-2.2220562618665007,0.5901653634425852,-1.3484463906969113
20260604,37.3,70.0,重仓 70%,0.0,1,"{'站上20日线': 4.0, '站上60日线': 8.0, '资金活跃度': 11.8, '市场广度': 3.5, '热点持续性': 10.0}",True,-1.7439679040350375,0.8058640718692223,-0.34841455592565795
20260605,35.2,100.0,满仓 100%,10.0,2,"{'站上20日线': 0.0, '站上60日线': 8.0, '资金活跃度': 13.2, '市场广度': 14.0, '热点持续性': 10.0}",True,0.09376731276493633,3.3607042089797146,0.33522552941773753
20260608,2.9,100.0,满仓 100%,30.0,5,"{'站上20日线': 0.0, '站上60日线': 8.0, '资金活跃度': 13.2, '市场广度': 1.7, '热点持续性': 10.0}",True,3.4635564563346932,3.710567459033176,0.780370394261376
20260609,43.2,70.0,重仓 70%,0.0,0,"{'站上20日线': 0.0, '站上60日线': 8.0, '资金活跃度': 10.8, '市场广度': 14.4, '热点持续性': 10.0}",True,2.0414058176661865,2.51326504807059,-0.9763266899677325
20260610,22.9,100.0,满仓 100%,10.0,2,"{'站上20日线': 0.0, '站上60日线': 8.0, '资金活跃度': 9.7, '市场广度': 5.2, '热点持续性': 10.0}",True,2.8761308714373213,3.181758467051865,1.0858915115694145
20260611,22.9,100.0,满仓 100%,10.0,2,"{'站上20日线': 0.0, '站上60日线': 8.0, '资金活跃度': 10.6, '市场广度': 4.3, '热点持续性': 10.0}",True,2.595089503933856,1.0095297617036536,0.22941726299627874
20260612,39.7,70.0,重仓 70%,10.0,2,"{'站上20日线': 0.0, '站上60日线': 8.0, '资金活跃度': 13.6, '市场广度': 18.1, '热点持续性': 10.0}",True,3.2638764469784975,1.051436546314899,-2.9199683324838244
20260615,79.9,20.0,轻仓 20%,0.0,1,"{'站上20日线': 20.0, '站上60日线': 20.0, '资金活跃度': 11.2, '市场广度': 18.7, '热点持续性': 10.0}",True,0.23874203744651545,-0.0506411407651175,-3.1574855014865566
20260616,72.2,40.0,中仓 40%,0.0,1,"{'站上20日线': 20.0, '站上60日线': 20.0, '资金活跃度': 10.8, '市场广度': 11.4, '热点持续性': 10.0}",True,0.4624193743935079,0.5023006840576993,-3.3313100637536452
20260617,66.9,0.0,空仓,0.0,1,"{'站上20日线': 20.0, '站上60日线': 20.0, '资金活跃度': 10.8, '市场广度': 6.1, '热点持续性': 10.0}",True,0.29708309694935764,-1.927237863796205,-5.493169771291006
20260618,57.6,0.0,空仓,10.0,2,"{'站上20日线': 20.0, '站上60日线': 20.0, '资金活跃度': 9.8, '市场广度': 7.8, '热点持续性': 10.0}",True,-1.545453832046606,-1.1450510725962704,-7.977706682096308
20260622,76.5,20.0,轻仓 20%,0.0,1,"{'站上20日线': 20.0, '站上60日线': 20.0, '资金活跃度': 13.6, '市场广度': 12.9, '热点持续性': 10.0}",True,-2.142510989115909,-2.92710726258687,-8.811112113303155
20260623,53.8,70.0,重仓 70%,20.0,3,"{'站上20日线': 20.0, '站上60日线': 20.0, '资金活跃度': 12.2, '市场广度': 11.6, '热点持续性': 10.0}",True,-0.28869394440677043,-2.8253601697138975,
20260624,63.2,0.0,空仓,0.0,1,"{'站上20日线': 20.0, '站上60日线': 20.0, '资金活跃度': 8.8, '市场广度': 4.4, '热点持续性': 10.0}",True,0.03969773962497758,-3.404039210342169,
20260625,54.2,70.0,重仓 70%,10.0,2,"{'站上20日线': 20.0, '站上60日线': 20.0, '资金活跃度': 10.8, '市场广度': 3.4, '热点持续性': 10.0}",True,-2.217732452493648,-2.0312378724885893,
20260626,8.9,100.0,满仓 100%,30.0,5,"{'站上20日线': 8.0, '站上60日线': 8.0, '资金活跃度': 10.8, '市场广度': 2.1, '热点持续性': 10.0}",True,0.40668793370626233,-0.7723157414431747,
20260629,36.7,70.0,重仓 70%,20.0,3,"{'站上20日线': 20.0, '站上60日线': 8.0, '资金活跃度': 8.8, '市场广度': 9.9, '热点持续性': 10.0}",True,-0.8017743776193798,-3.9300825545201534,
20260630,72.1,40.0,中仓 40%,0.0,1,"{'站上20日线': 20.0, '站上60日线': 20.0, '资金活跃度': 8.8, '市场广度': 13.3, '热点持续性': 10.0}",True,-2.5440106299408405,-3.10841849930924,
20260701,70.0,40.0,中仓 40%,10.0,2,"{'站上20日线': 20.0, '站上60日线': 20.0, '资金活跃度': 11.2, '市场广度': 18.8, '热点持续性': 10.0}",True,-3.4423704067261474,-3.814450735673014,
20260702,18.9,100.0,满仓 100%,20.0,3,"{'站上20日线': 0.0, '站上60日线': 8.0, '资金活跃度': 12.2, '市场广度': 8.7, '热点持续性': 10.0}",True,0.1907243354879684,-3.6360063995571235,
20260703,26.2,100.0,满仓 100%,20.0,3,"{'站上20日线': 0.0, '站上60日线': 8.0, '资金活跃度': 9.8, '市场广度': 18.4, '热点持续性': 10.0}",True,-1.1742282306213436,-6.911799240843008,
20260706,15.3,100.0,满仓 100%,20.0,3,"{'站上20日线': 0.0, '站上60日线': 8.0, '资金活跃度': 9.8, '市场广度': 7.5, '热点持续性': 10.0}",True,-3.1535928765594634,-6.061429390625872,
20260707,0.0,100.0,满仓 100%,30.0,5,"{'站上20日线': 0.0, '站上60日线': 0.0, '资金活跃度': 12.8, '市场广度': 1.7, '热点持续性': 10.0}",True,-0.5791412852269584,,
20260708,7.3,100.0,满仓 100%,20.0,3,"{'站上20日线': 0.0, '站上60日线': 0.0, '资金活跃度': 11.9, '市场广度': 5.4, '热点持续性': 10.0}",True,-0.38534534299792256,,
20260709,35.2,100.0,满仓 100%,0.0,0,"{'站上20日线': 0.0, '站上60日线': 4.0, '资金活跃度': 11.2, '市场广度': 10.0, '热点持续性': 10.0}",True,-3.819446121809955,,
20260710,31.4,100.0,满仓 100%,10.0,2,"{'站上20日线': 0.0, '站上60日线': 0.0, '资金活跃度': 13.6, '市场广度': 17.8, '热点持续性': 10.0}",True,-5.805743691646503,,
20260713,0.0,100.0,满仓 100%,30.0,5,"{'站上20日线': 0.0, '站上60日线': 0.0, '资金活跃度': 13.2, '市场广度': 2.1, '热点持续性': 10.0}",True,-3.002523893694964,,
20260714,42.4,70.0,重仓 70%,0.0,1,"{'站上20日线': 0.0, '站上60日线': 0.0, '资金活跃度': 14.2, '市场广度': 18.2, '热点持续性': 10.0}",True,,,
20260715,28.3,100.0,满仓 100%,10.0,2,"{'站上20日线': 0.0, '站上60日线': 0.0, '资金活跃度': 12.6, '市场广度': 15.7, '热点持续性': 10.0}",True,,,
20260716,22.0,100.0,满仓 100%,10.0,2,"{'站上20日线': 0.0, '站上60日线': 0.0, '资金活跃度': 11.2, '市场广度': 10.8, '热点持续性': 10.0}",True,,,
20260717,0.0,100.0,满仓 100%,30.0,5,"{'站上20日线': 0.0, '站上60日线': 0.0, '资金活跃度': 13.5, '市场广度': 2.0, '热点持续性': 10.0}",True,,,
20260720,11.4,100.0,满仓 100%,20.0,3,"{'站上20日线': 0.0, '站上60日线': 0.0, '资金活跃度': 14.5, '市场广度': 6.9, '热点持续性': 10.0}",True,,,
