trade_date,up_count,down_count,total_count,up_ratio,limit_up,limit_down,limit_spread,advance_decline_spread,limit_ratio,market_amount_yi
20230313,,,,,,,,,0.0,
20230314,,,,,,,,,0.0,
20230315,,,,,,,,,0.0,
20230316,,,,,,,,,0.0,
20230317,,,,,,,,,0.0,
20230320,,,,,,,,,0.0,
20230321,,,,,,,,,0.0,
20230322,,,,,,,,,0.0,
20230323,,,,,,,,,0.0,
20230324,,,,,,,,,0.0,
20230327,,,,,,,,,0.0,
20230328,,,,,,,,,0.0,
20230329,,,,,,,,,0.0,
20230330,,,,,,,,,0.0,
20230331,,,,,,,,,0.0,
20230403,,,,,,,,,0.0,
20230404,,,,,,,,,0.0,
20230406,,,,,,,,,0.0,
20230407,,,,,,,,,0.0,
20230410,,,,,,,,,0.0,
20230411,,,,,,,,,0.0,
20230412,,,,,,,,,0.0,
20230413,,,,,,,,,0.0,
20230414,,,,,,,,,0.0,
20230417,,,,,,,,,0.0,
20230418,,,,,,,,,0.0,
20230419,,,,,,,,,0.0,
20230420,,,,,,,,,0.0,
20230421,,,,,,,,,0.0,
20230424,,,,,,,,,0.0,
20230425,,,,,,,,,0.0,
20230426,,,,,,,,,0.0,
20230427,,,,,,,,,0.0,
20230428,,,,,,,,,0.0,
20230504,,,,,,,,,0.0,
20230505,,,,,,,,,0.0,
20230508,,,,,,,,,0.0,
20230509,,,,,,,,,0.0,
20230510,,,,,,,,,0.0,
20230511,,,,,,,,,0.0,
20230512,,,,,,,,,0.0,
20230515,,,,,,,,,0.0,
20230516,,,,,,,,,0.0,
20230517,,,,,,,,,0.0,
20230518,,,,,,,,,0.0,
20230519,,,,,,,,,0.0,
20230522,,,,,,,,,0.0,
20230523,,,,,,,,,0.0,
20230524,,,,,,,,,0.0,
20230525,,,,,,,,,0.0,
20230526,,,,,,,,,0.0,
20230529,,,,,,,,,0.0,
20230530,,,,,,,,,0.0,
20230531,,,,,,,,,0.0,
20230601,,,,,,,,,0.0,
20230602,,,,,,,,,0.0,
20230605,,,,,,,,,0.0,
20230606,,,,,,,,,0.0,
20230607,,,,,,,,,0.0,
20230608,,,,,,,,,0.0,
20230609,,,,,,,,,0.0,
20230612,,,,,,,,,0.0,
20230613,,,,,,,,,0.0,
20230614,,,,,,,,,0.0,
20230615,,,,,,,,,0.0,
20230616,,,,,,,,,0.0,
20230619,,,,,,,,,0.0,
20230620,,,,,,,,,0.0,
20230621,,,,,,,,,0.0,
20230626,,,,,,,,,0.0,
20230627,,,,,,,,,0.0,
20230628,,,,,,,,,0.0,
20230629,,,,,,,,,0.0,
20230630,,,,,,,,,0.0,
20230703,,,,,,,,,0.0,
20230704,,,,,,,,,0.0,
20230705,,,,,,,,,0.0,
20230706,,,,,,,,,0.0,
20230707,,,,,,,,,0.0,
20230710,,,,,,,,,0.0,
20230711,,,,,,,,,0.0,
20230712,,,,,,,,,0.0,
20230713,,,,,,,,,0.0,
20230714,,,,,,,,,0.0,
20230717,,,,,,,,,0.0,
20230718,,,,,,,,,0.0,
20230719,,,,,,,,,0.0,
20230720,,,,,,,,,0.0,
20230721,,,,,,,,,0.0,
20230724,,,,,,,,,0.0,
20230725,,,,,,,,,0.0,
20230726,,,,,,,,,0.0,
20230727,,,,,,,,,0.0,
20230728,,,,,,,,,0.0,
20230731,,,,,,,,,0.0,
20230801,,,,,,,,,0.0,
20230802,,,,,,,,,0.0,
20230803,,,,,,,,,0.0,
20230804,,,,,,,,,0.0,
20230807,,,,,,,,,0.0,
20230808,,,,,,,,,0.0,
20230809,,,,,,,,,0.0,
20230810,,,,,,,,,0.0,
20230811,,,,,,,,,0.0,
20230814,,,,,,,,,0.0,
20230815,,,,,,,,,0.0,
20230816,,,,,,,,,0.0,
20230817,,,,,,,,,0.0,
20230818,,,,,,,,,0.0,
20230821,,,,,,,,,0.0,
20230822,,,,,,,,,0.0,
20230823,,,,,,,,,0.0,
20230824,,,,,,,,,0.0,
20230825,,,,,,,,,0.0,
20230828,,,,,,,,,0.0,
20230829,,,,,,,,,0.0,
20230830,,,,,,,,,0.0,
20230831,,,,,,,,,0.0,
20230901,,,,,,,,,0.0,
20230904,,,,,,,,,0.0,
20230905,,,,,,,,,0.0,
20230906,,,,,,,,,0.0,
20230907,,,,,,,,,0.0,
20230908,,,,,,,,,0.0,
20230911,,,,,,,,,0.0,
20230912,,,,,,,,,0.0,
20230913,,,,,,,,,0.0,
20230914,,,,,,,,,0.0,
20230915,,,,,,,,,0.0,
20230918,,,,,,,,,0.0,
20230919,,,,,,,,,0.0,
20230920,,,,,,,,,0.0,
20230921,,,,,,,,,0.0,
20230922,,,,,,,,,0.0,
20230925,,,,,,,,,0.0,
20230926,,,,,,,,,0.0,
20230927,,,,,,,,,0.0,
20230928,,,,,,,,,0.0,
20231009,,,,,,,,,0.0,
20231010,,,,,,,,,0.0,
20231011,,,,,,,,,0.0,
20231012,,,,,,,,,0.0,
20231013,,,,,,,,,0.0,
20231016,,,,,,,,,0.0,
20231017,,,,,,,,,0.0,
20231018,,,,,,,,,0.0,
20231019,,,,,,,,,0.0,
20231020,,,,,,,,,0.0,
20231023,,,,,,,,,0.0,
20231024,,,,,,,,,0.0,
20231025,,,,,,,,,0.0,
20231026,,,,,,,,,0.0,
20231027,,,,,,,,,0.0,
20231030,,,,,,,,,0.0,
20231031,,,,,,,,,0.0,
20231101,,,,,,,,,0.0,
20231102,,,,,,,,,0.0,
20231103,,,,,,,,,0.0,
20231106,,,,,,,,,0.0,
20231107,,,,,,,,,0.0,
20231108,,,,,,,,,0.0,
20231109,,,,,,,,,0.0,
20231110,,,,,,,,,0.0,
20231113,,,,,,,,,0.0,
20231114,,,,,,,,,0.0,
20231115,,,,,,,,,0.0,
20231116,,,,,,,,,0.0,
20231117,,,,,,,,,0.0,
20231120,,,,,,,,,0.0,
20231121,,,,,,,,,0.0,
20231122,,,,,,,,,0.0,
20231123,,,,,,,,,0.0,
20231124,,,,,,,,,0.0,
20231127,,,,,,,,,0.0,
20231128,,,,,,,,,0.0,
20231129,,,,,,,,,0.0,
20231130,,,,,,,,,0.0,
20231201,,,,,,,,,0.0,
20231204,,,,,,,,,0.0,
20231205,,,,,,,,,0.0,
20231206,,,,,,,,,0.0,
20231207,,,,,,,,,0.0,
20231208,,,,,,,,,0.0,
20231211,,,,,,,,,0.0,
20231212,,,,,,,,,0.0,
20231213,,,,,,,,,0.0,
20231214,,,,,,,,,0.0,
20231215,,,,,,,,,0.0,
20231218,,,,,,,,,0.0,
20231219,,,,,,,,,0.0,
20231220,,,,,,,,,0.0,
20231221,,,,,,,,,0.0,
20231222,,,,,,,,,0.0,
20231225,,,,,,,,,0.0,
20231226,,,,,,,,,0.0,
20231227,,,,,,,,,0.0,
20231228,,,,,,,,,0.0,
20231229,,,,,,,,,0.0,
20240102,,,,,,,,,0.0,
20240103,,,,,,,,,0.0,
20240104,,,,,,,,,0.0,
20240105,,,,,,,,,0.0,
20240108,,,,,,,,,0.0,
20240109,,,,,,,,,0.0,
20240110,,,,,,,,,0.0,
20240111,,,,,,,,,0.0,
20240112,,,,,,,,,0.0,
20240115,,,,,,,,,0.0,
20240116,,,,,,,,,0.0,
20240117,,,,,,,,,0.0,
20240118,,,,,,,,,0.0,
20240119,,,,,,,,,0.0,
20240122,,,,,,,,,0.0,
20240123,,,,,,,,,0.0,
20240124,,,,,,,,,0.0,
20240125,,,,,,,,,0.0,
20240126,,,,,,,,,0.0,
20240129,,,,,,,,,0.0,
20240130,,,,,,,,,0.0,
20240131,,,,,,,,,0.0,
20240201,,,,,,,,,0.0,
20240202,,,,,,,,,0.0,
20240205,,,,,,,,,0.0,
20240206,,,,,,,,,0.0,
20240207,,,,,,,,,0.0,
20240208,,,,,,,,,0.0,
20240219,,,,,,,,,0.0,
20240220,,,,,,,,,0.0,
20240221,,,,,,,,,0.0,
20240222,,,,,,,,,0.0,
20240223,,,,,,,,,0.0,
20240226,,,,,,,,,0.0,
20240227,,,,,,,,,0.0,
20240228,,,,,,,,,0.0,
20240229,,,,,,,,,0.0,
20240301,,,,,,,,,0.0,
20240304,,,,,,,,,0.0,
20240305,,,,,,,,,0.0,
20240306,,,,,,,,,0.0,
20240307,,,,,,,,,0.0,
20240308,,,,,,,,,0.0,
20240311,,,,,,,,,0.0,
20240312,,,,,,,,,0.0,
20240313,,,,,,,,,0.0,
20240314,,,,,,,,,0.0,
20240315,,,,,,,,,0.0,
20240318,,,,,,,,,0.0,
20240319,,,,,,,,,0.0,
20240320,,,,,,,,,0.0,
20240321,,,,,,,,,0.0,
20240322,,,,,,,,,0.0,
20240325,,,,,,,,,0.0,
20240326,,,,,,,,,0.0,
20240327,,,,,,,,,0.0,
20240328,,,,,,,,,0.0,
20240329,,,,,,,,,0.0,
20240401,,,,,,,,,0.0,
20240402,,,,,,,,,0.0,
20240403,,,,,,,,,0.0,
20240408,,,,,,,,,0.0,
20240409,,,,,,,,,0.0,
20240410,,,,,,,,,0.0,
20240411,,,,,,,,,0.0,
20240412,,,,,,,,,0.0,
20240415,,,,,,,,,0.0,
20240416,,,,,,,,,0.0,
20240417,,,,,,,,,0.0,
20240418,,,,,,,,,0.0,
20240419,,,,,,,,,0.0,
20240422,,,,,,,,,0.0,
20240423,,,,,,,,,0.0,
20240424,,,,,,,,,0.0,
20240425,,,,,,,,,0.0,
20240426,,,,,,,,,0.0,
20240429,,,,,,,,,0.0,
20240430,,,,,,,,,0.0,
20240506,,,,,,,,,0.0,
20240507,,,,,,,,,0.0,
20240508,,,,,,,,,0.0,
20240509,,,,,,,,,0.0,
20240510,,,,,,,,,0.0,
20240513,,,,,,,,,0.0,
20240514,,,,,,,,,0.0,
20240515,,,,,,,,,0.0,
20240516,,,,,,,,,0.0,
20240517,,,,,,,,,0.0,
20240520,,,,,,,,,0.0,
20240521,,,,,,,,,0.0,
20240522,,,,,,,,,0.0,
20240523,,,,,,,,,0.0,
20240524,,,,,,,,,0.0,
20240527,,,,,,,,,0.0,
20240528,,,,,,,,,0.0,
20240529,,,,,,,,,0.0,
20240530,,,,,,,,,0.0,
20240531,,,,,,,,,0.0,
20240603,,,,,,,,,0.0,
20240604,,,,,,,,,0.0,
20240605,,,,,,,,,0.0,
20240606,,,,,,,,,0.0,
20240607,,,,,,,,,0.0,
20240611,,,,,,,,,0.0,
20240612,,,,,,,,,0.0,
20240613,,,,,,,,,0.0,
20240614,,,,,,,,,0.0,
20240617,,,,,,,,,0.0,
20240618,,,,,,,,,0.0,
20240619,,,,,,,,,0.0,
20240620,830.0,4468.0,5345.0,0.1552853133769878,33.0,6.0,27.0,-3638.0,5.5,
20240621,2384.0,2687.0,5345.0,0.4460243217960711,34.0,11.0,23.0,-303.0,3.090909090909091,
20240624,328.0,4992.0,5343.0,0.0613887329215796,22.0,21.0,1.0,-4664.0,1.0476190476190477,
20240625,2841.0,2323.0,5338.0,0.5322218059198202,57.0,13.0,44.0,518.0,4.384615384615385,
20240626,4802.0,480.0,5345.0,0.8984097287184284,53.0,2.0,51.0,4322.0,26.5,
20240627,535.0,4732.0,5339.0,0.1002060310919647,30.0,7.0,23.0,-4197.0,4.285714285714286,
20240628,3035.0,2069.0,5338.0,0.5685650056200824,34.0,8.0,26.0,966.0,4.25,
20240701,3581.0,1620.0,5336.0,0.6711019490254873,39.0,9.0,30.0,1961.0,4.333333333333333,
20240702,2423.0,2733.0,5336.0,0.4540854572713643,50.0,2.0,48.0,-310.0,25.0,
20240703,1350.0,3762.0,5335.0,0.2530459231490159,34.0,5.0,29.0,-2412.0,6.8,
20240704,427.0,4885.0,5336.0,0.0800224887556221,17.0,6.0,11.0,-4458.0,2.833333333333333,
20240705,3927.0,1231.0,5335.0,0.7360824742268042,36.0,2.0,34.0,2696.0,18.0,
20240708,454.0,4851.0,5334.0,0.0851143607049118,19.0,6.0,13.0,-4397.0,3.1666666666666665,
20240709,4274.0,919.0,5340.0,0.800374531835206,50.0,8.0,42.0,3355.0,6.25,
20240710,1544.0,3657.0,5342.0,0.2890303257207038,41.0,16.0,25.0,-2113.0,2.5625,
20240711,4989.0,315.0,5342.0,0.9339198801946836,78.0,0.0,78.0,4674.0,78.0,5604.2418768969
20240712,1993.0,3102.0,5342.0,0.3730812429801572,35.0,4.0,31.0,-1109.0,8.75,4877.1180659836
20240715,891.0,4367.0,5343.0,0.1667602470522178,29.0,5.0,24.0,-3476.0,5.8,4272.2845841944
20240716,2464.0,2600.0,5343.0,0.4611641399962567,33.0,2.0,31.0,-136.0,16.5,4675.0546488769
20240717,1625.0,3535.0,5340.0,0.3043071161048689,34.0,5.0,29.0,-1910.0,6.8,5014.969652641699
20240718,2156.0,2915.0,5337.0,0.4039722690650178,39.0,2.0,37.0,-759.0,19.5,4943.931502411001
20240719,3102.0,1983.0,5336.0,0.5813343328335832,42.0,2.0,40.0,1119.0,21.0,4990.6453952662
20240722,2905.0,2189.0,5335.0,0.5445173383317713,43.0,3.0,40.0,716.0,14.333333333333334,4842.9266989233
20240723,568.0,4673.0,5335.0,0.1064667291471415,41.0,5.0,36.0,-4105.0,8.2,4716.2641177177
20240724,799.0,4446.0,5335.0,0.1497656982193064,30.0,15.0,15.0,-3647.0,2.0,4421.4079481701
20240725,3421.0,1678.0,5333.0,0.6414775923495218,43.0,3.0,40.0,1743.0,14.333333333333334,4229.2810843731995
20240726,4485.0,747.0,5335.0,0.8406747891283973,62.0,4.0,58.0,3738.0,15.5,4279.8426487335
20240729,2342.0,2741.0,5333.0,0.4391524470279392,68.0,0.0,68.0,-399.0,68.0,3993.0586007091997
20240730,3389.0,1750.0,5334.0,0.63535808023997,62.0,1.0,61.0,1639.0,62.0,4029.3151199729
20240731,5051.0,255.0,5334.0,0.946944131983502,85.0,1.0,84.0,4796.0,85.0,6369.211295541801
20240801,2170.0,2862.0,5334.0,0.4068241469816273,59.0,2.0,57.0,-692.0,29.5,5284.4186150088
20240802,995.0,4194.0,5336.0,0.1864692653673163,47.0,6.0,41.0,-3199.0,7.833333333333333,4760.364695541
20240805,507.0,4754.0,5334.0,0.0950506186726659,46.0,24.0,22.0,-4247.0,1.9166666666666667,5489.236582994699
20240806,4768.0,488.0,5335.0,0.8937207122774133,59.0,15.0,44.0,4280.0,3.933333333333333,4526.6367114418
20240807,2161.0,2937.0,5336.0,0.4049850074962519,49.0,13.0,36.0,-776.0,3.769230769230769,3947.8035138892
20240808,2355.0,2772.0,5337.0,0.4412591343451377,45.0,15.0,30.0,-417.0,3.0,4082.8776569309002
20240809,1282.0,3811.0,5337.0,0.2402098557241896,32.0,10.0,22.0,-2529.0,3.2,3793.4494915957
20240812,1512.0,3649.0,5338.0,0.2832521543649307,32.0,18.0,14.0,-2137.0,1.7777777777777777,3268.6280898083996
20240813,3730.0,1377.0,5338.0,0.6987635818658674,38.0,3.0,35.0,2353.0,12.666666666666666,3206.5838038142
20240814,1370.0,3745.0,5339.0,0.2566023599925079,36.0,2.0,34.0,-2375.0,18.0,3091.9571132289007
20240815,3867.0,1277.0,5339.0,0.7242929387525754,48.0,0.0,48.0,2590.0,48.0,3830.4847096605004
20240816,1670.0,3531.0,5339.0,0.3127926578010863,40.0,8.0,32.0,-1861.0,5.0,3692.3701537308
20240819,1912.0,3175.0,5338.0,0.3581865867366055,43.0,9.0,34.0,-1263.0,4.777777777777778,3659.3708261714
20240820,669.0,4592.0,5339.0,0.1253043641131298,27.0,8.0,19.0,-3923.0,3.375,3593.5065047087
20240821,1849.0,3237.0,5340.0,0.3462546816479401,39.0,2.0,37.0,-1388.0,19.5,3304.0288727383
20240822,777.0,4469.0,5340.0,0.1455056179775281,28.0,9.0,19.0,-3692.0,3.111111111111111,3607.3247312722997
20240823,1887.0,3230.0,5338.0,0.3535031847133758,41.0,7.0,34.0,-1343.0,5.857142857142857,3306.8888487879003
20240826,3843.0,1347.0,5340.0,0.7196629213483146,44.0,9.0,35.0,2496.0,4.888888888888889,3469.0520395452
20240827,1053.0,4175.0,5339.0,0.1972279453081101,31.0,6.0,25.0,-3122.0,5.166666666666667,3385.3604460675
20240828,3418.0,1685.0,5339.0,0.6401947930324031,38.0,3.0,35.0,1733.0,12.666666666666666,3329.9368208263
20240829,4178.0,966.0,5339.0,0.7825435474808017,47.0,1.0,46.0,3212.0,47.0,4170.4283124586
20240830,4680.0,565.0,5339.0,0.8765686458138228,63.0,0.0,63.0,4115.0,63.0,6156.0798656542
20240902,823.0,4416.0,5337.0,0.154206483042908,32.0,6.0,26.0,-3593.0,5.333333333333333,4850.3050931359
20240903,3924.0,1167.0,5338.0,0.7351067815661296,42.0,3.0,39.0,2757.0,14.0,3943.0699871590996
20240904,1292.0,3873.0,5338.0,0.2420382165605095,39.0,1.0,38.0,-2581.0,39.0,3718.9655444839
20240905,3948.0,1175.0,5338.0,0.7396028475084301,50.0,0.0,50.0,2773.0,50.0,3522.0017772582
20240906,539.0,4713.0,5338.0,0.1009741476208317,32.0,2.0,30.0,-4174.0,16.0,3484.6348812894
20240909,1945.0,3094.0,5336.0,0.3645052473763118,51.0,8.0,43.0,-1149.0,6.375,3584.7327319607
20240910,3324.0,1769.0,5336.0,0.6229385307346327,42.0,16.0,26.0,1555.0,2.625,3554.8442100496
20240911,1605.0,3549.0,5340.0,0.300561797752809,31.0,14.0,17.0,-1944.0,2.2142857142857144,3469.0515684644997
20240912,1893.0,3140.0,5340.0,0.3544943820224719,36.0,5.0,31.0,-1247.0,7.2,3464.5881531146997
20240913,1094.0,4085.0,5341.0,0.2048305560756412,42.0,8.0,34.0,-2991.0,5.25,3538.8221950624
20240918,1520.0,3650.0,5337.0,0.2848041971144838,27.0,11.0,16.0,-2130.0,2.4545454545454546,3234.5004049759
20240919,4800.0,489.0,5342.0,0.8985398727068513,60.0,1.0,59.0,4311.0,60.0,4364.942597476899
20240920,1639.0,3480.0,5342.0,0.3068139273680269,48.0,0.0,48.0,-1841.0,48.0,3886.4132768134
20240923,2565.0,2515.0,5343.0,0.4800673778775968,54.0,3.0,51.0,50.0,18.0,3661.1296983612
20240924,5168.0,161.0,5344.0,0.9670658682634732,95.0,2.0,93.0,5007.0,47.5,6951.843871231999
20240925,4165.0,1011.0,5347.0,0.7789414625023378,56.0,2.0,54.0,3154.0,28.0,8144.5153548826
20240926,5144.0,177.0,5348.0,0.9618548990276738,144.0,1.0,143.0,4967.0,144.0,8357.5525239219
20240927,5227.0,96.0,5348.0,0.9773747195213164,134.0,1.0,133.0,5131.0,134.0,9785.0016499866
20240930,5337.0,8.0,5345.0,0.9985032740879326,679.0,0.0,679.0,5329.0,679.0,18703.0938308559
20241008,5030.0,291.0,5341.0,0.9417712038944018,776.0,0.0,776.0,4739.0,776.0,24909.4281002243
20241009,295.0,5044.0,5341.0,0.055233102415278,46.0,789.0,-743.0,-4749.0,0.0583016476552598,21739.5869884902
20241010,2999.0,2229.0,5343.0,0.5612951525360285,71.0,35.0,36.0,770.0,2.0285714285714285,15623.832838625
20241011,442.0,4863.0,5344.0,0.0827095808383233,37.0,32.0,5.0,-4421.0,1.15625,11019.7883462223
20241014,5024.0,282.0,5345.0,0.9399438727782976,111.0,3.0,108.0,4742.0,37.0,11610.6285893864
20241015,802.0,4482.0,5346.0,0.1500187055742611,56.0,2.0,54.0,-3680.0,28.0,10817.347949957599
20241016,2726.0,2458.0,5349.0,0.5096279678444569,94.0,4.0,90.0,268.0,23.5,9018.1998551931
20241017,1800.0,3449.0,5352.0,0.336322869955157,59.0,5.0,54.0,-1649.0,11.8,9515.4377611024
20241018,5095.0,200.0,5351.0,0.9521584750513924,132.0,0.0,132.0,4895.0,132.0,14498.073813523799
20241021,3774.0,1441.0,5351.0,0.7052887310783031,173.0,0.0,173.0,2333.0,173.0,14679.267039503498
20241022,3595.0,1682.0,5350.0,0.6719626168224299,115.0,0.0,115.0,1913.0,115.0,12207.9105854549
20241023,2753.0,2423.0,5347.0,0.5148681503646905,103.0,2.0,101.0,330.0,51.5,12883.362186753502
20241024,2141.0,3051.0,5349.0,0.4002617311647037,99.0,3.0,96.0,-910.0,33.0,9822.8350700551
20241025,4303.0,983.0,5349.0,0.8044494297999626,169.0,0.0,169.0,3320.0,169.0,11601.9716733603
20241028,4224.0,1073.0,5346.0,0.7901234567901234,247.0,1.0,246.0,3151.0,247.0,11843.2889093043
20241029,1063.0,4247.0,5348.0,0.1987658937920718,132.0,2.0,130.0,-3184.0,66.0,13132.712285922698
20241030,2321.0,2916.0,5346.0,0.434156378600823,158.0,4.0,154.0,-595.0,39.5,11909.4447160842
20241031,3513.0,1721.0,5349.0,0.656758272574313,193.0,2.0,191.0,1792.0,96.5,14652.5151688981
20241101,976.0,4326.0,5349.0,0.1824640119648532,104.0,136.0,-32.0,-3350.0,0.7647058823529411,14800.045105602
20241104,4496.0,772.0,5350.0,0.8403738317757009,153.0,36.0,117.0,3724.0,4.25,11666.784118566
20241105,5070.0,239.0,5353.0,0.947132449093966,185.0,0.0,185.0,4831.0,185.0,15998.8411886566
20241106,2828.0,2380.0,5354.0,0.5282032125513635,151.0,3.0,148.0,448.0,50.333333333333336,17573.9799961569
20241107,4528.0,792.0,5354.0,0.84572282405678,199.0,7.0,192.0,3736.0,28.428571428571427,17267.5531971154
20241108,2222.0,3046.0,5356.0,0.4148618371919342,122.0,3.0,119.0,-824.0,40.66666666666666,18287.8970249003
20241111,3940.0,1330.0,5352.0,0.7361733931240658,158.0,15.0,143.0,2610.0,10.533333333333331,17323.7265830583
20241112,1486.0,3774.0,5353.0,0.2776013450401643,85.0,15.0,70.0,-2288.0,5.666666666666667,17760.2282278726
20241113,2587.0,2610.0,5353.0,0.4832804035120493,72.0,7.0,65.0,-23.0,10.285714285714286,13859.961025531602
20241114,487.0,4850.0,5354.0,0.0909600298841987,35.0,19.0,16.0,-4363.0,1.8421052631578947,12578.239227562799
20241115,929.0,4367.0,5355.0,0.1734827264239029,73.0,23.0,50.0,-3438.0,3.1739130434782608,12421.625813970599
20241118,1165.0,4121.0,5352.0,0.2176756352765321,86.0,55.0,31.0,-2956.0,1.5636363636363635,12097.8347328893
20241119,4517.0,777.0,5355.0,0.8435107376283847,97.0,12.0,85.0,3740.0,8.083333333333334,10564.8036913678
20241120,4573.0,713.0,5359.0,0.8533308453069602,158.0,2.0,156.0,3860.0,79.0,10361.322879456
20241121,2564.0,2646.0,5359.0,0.4784474715431983,112.0,3.0,109.0,-82.0,37.333333333333336,10090.798257237499
20241122,429.0,4918.0,5361.0,0.0800223838836038,74.0,6.0,68.0,-4489.0,12.333333333333334,11411.7692600589
20241125,3734.0,1538.0,5360.0,0.6966417910447761,157.0,14.0,143.0,2196.0,11.214285714285714,9636.1595361497
20241126,1536.0,3708.0,5361.0,0.2865137101287073,92.0,54.0,38.0,-2172.0,1.7037037037037035,8022.0922004584
20241127,4330.0,915.0,5360.0,0.8078358208955224,103.0,15.0,88.0,3415.0,6.866666666666666,9213.686057430199
20241128,2530.0,2700.0,5358.0,0.4721911160880925,95.0,6.0,89.0,-170.0,15.833333333333334,8935.5946308802
20241129,4291.0,931.0,5364.0,0.7999627143922446,134.0,7.0,127.0,3360.0,19.142857142857142,10675.8547708061
20241202,4644.0,659.0,5362.0,0.86609474076837,169.0,5.0,164.0,3985.0,33.8,11106.5711557466
20241203,2448.0,2721.0,5362.0,0.4565460649011563,119.0,5.0,114.0,-273.0,23.8,10345.6531489499
20241204,981.0,4340.0,5362.0,0.1829541215964192,86.0,15.0,71.0,-3359.0,5.733333333333333,10057.0370074719
20241205,3824.0,1407.0,5366.0,0.7126351099515468,131.0,9.0,122.0,2417.0,14.555555555555555,8872.149387331801
20241206,3636.0,1649.0,5364.0,0.6778523489932886,121.0,6.0,115.0,1987.0,20.166666666666668,10946.0971891678
20241209,2040.0,3217.0,5362.0,0.3804550540842969,104.0,24.0,80.0,-1177.0,4.333333333333333,9963.0902732886
20241210,2891.0,2280.0,5365.0,0.5388630009319665,112.0,3.0,109.0,611.0,37.333333333333336,13876.0795180654
20241211,3854.0,1421.0,5366.0,0.7182258665672754,145.0,10.0,135.0,2433.0,14.5,10601.4724102265
20241212,3537.0,1717.0,5367.0,0.6590273896031302,139.0,4.0,135.0,1820.0,34.75,11157.549226342198
20241213,920.0,4411.0,5366.0,0.1714498695490123,98.0,8.0,90.0,-3491.0,12.25,13033.422856779402
20241216,1768.0,3479.0,5370.0,0.3292364990689013,101.0,20.0,81.0,-1711.0,5.05,10238.3790300125
20241217,554.0,4794.0,5367.0,0.1032234022731507,27.0,124.0,-97.0,-4240.0,0.2177419354838709,9105.8022005626
20241218,2802.0,2358.0,5369.0,0.5218848947662507,98.0,10.0,88.0,444.0,9.8,8304.256172501
20241219,2422.0,2801.0,5368.0,0.4511922503725782,75.0,21.0,54.0,-379.0,3.571428571428572,9038.613588747101
20241220,3556.0,1664.0,5373.0,0.6618276568025312,84.0,13.0,71.0,1892.0,6.461538461538462,9552.373101941801
20241223,555.0,4796.0,5371.0,0.1033327127164401,32.0,152.0,-120.0,-4241.0,0.2105263157894736,9791.112772923902
20241224,3913.0,1346.0,5371.0,0.7285421709178924,75.0,23.0,52.0,2567.0,3.260869565217391,8475.5453338187
20241225,911.0,4400.0,5368.0,0.169709388971684,37.0,38.0,-1.0,-3489.0,0.9736842105263158,8253.6471111012
20241226,3649.0,1521.0,5372.0,0.6792628443782577,99.0,5.0,94.0,2128.0,19.8,8403.1668786749
20241227,3547.0,1731.0,5370.0,0.6605214152700186,66.0,5.0,61.0,1816.0,13.2,9457.6997955757
20241230,1322.0,3957.0,5367.0,0.2463201043413452,41.0,10.0,31.0,-2635.0,4.1,8318.1652946987
20241231,705.0,4620.0,5370.0,0.1312849162011173,47.0,23.0,24.0,-3915.0,2.0434782608695654,9019.2170674439
20250102,925.0,4384.0,5369.0,0.1722853417768672,58.0,13.0,45.0,-3459.0,4.461538461538462,9532.9261782087
20250103,615.0,4727.0,5372.0,0.114482501861504,47.0,81.0,-34.0,-4112.0,0.5802469135802469,8183.404799761501
20250106,2292.0,2933.0,5370.0,0.4268156424581005,60.0,63.0,-3.0,-641.0,0.9523809523809524,6898.529507779501
20250107,4394.0,902.0,5373.0,0.8177926670388982,92.0,9.0,83.0,3492.0,10.22222222222222,7003.794104463201
20250108,1978.0,3251.0,5373.0,0.3681369812023078,68.0,3.0,65.0,-1273.0,22.666666666666668,8029.7148606662
20250109,2729.0,2459.0,5374.0,0.5078154075176777,87.0,4.0,83.0,270.0,21.75,6987.3637119566
20250110,534.0,4803.0,5375.0,0.0993488372093023,38.0,40.0,-2.0,-4269.0,0.95,7353.9961085438
20250113,3007.0,2181.0,5374.0,0.5595459620394492,45.0,29.0,16.0,826.0,1.5517241379310345,6364.9347729746
20250114,5334.0,38.0,5377.0,0.9920029756369724,136.0,0.0,136.0,5296.0,136.0,8851.1040871348
20250115,1666.0,3555.0,5379.0,0.3097229968395613,65.0,7.0,58.0,-1889.0,9.285714285714286,7400.8685456554
20250116,3368.0,1817.0,5379.0,0.6261386874883808,71.0,4.0,67.0,1551.0,17.75,8053.4374059488
20250117,2620.0,2535.0,5378.0,0.4871699516548903,57.0,12.0,45.0,85.0,4.75,7249.4435621993
20250120,3618.0,1587.0,5377.0,0.6728659103589362,71.0,19.0,52.0,2031.0,3.736842105263158,7675.118319814999
20250121,1985.0,3258.0,5379.0,0.3690277003160438,46.0,18.0,28.0,-1273.0,2.555555555555556,7713.2437197978
20250122,1032.0,4262.0,5383.0,0.1917146572543191,39.0,21.0,18.0,-3230.0,1.8571428571428568,7465.812875762301
20250123,2334.0,2796.0,5384.0,0.4335066864784547,40.0,19.0,21.0,-462.0,2.1052631578947367,8878.0853017885
20250124,3957.0,1226.0,5381.0,0.7353651737595243,67.0,19.0,48.0,2731.0,3.526315789473684,7944.6221129094
20250127,1816.0,3423.0,5382.0,0.337421033073207,39.0,37.0,2.0,-1607.0,1.054054054054054,7323.6974861956
20250205,3433.0,1851.0,5384.0,0.637630014858841,77.0,31.0,46.0,1582.0,2.4838709677419355,8758.0708087892
20250206,4802.0,471.0,5385.0,0.891736304549675,90.0,0.0,90.0,4331.0,90.0,10215.6876447258
20250207,4170.0,1088.0,5386.0,0.7742294838470107,83.0,1.0,82.0,,83.0,13105.637729475398
20250210,4147.0,1110.0,5387.0,0.7698162242435493,123.0,1.0,122.0,,123.0,11331.963961951398
20250211,1834.0,3419.0,5386.0,0.3405124396583736,73.0,0.0,73.0,,73.0,10438.2736388138
20250212,3561.0,1568.0,5386.0,0.6611585592276272,83.0,0.0,83.0,,83.0,10886.4354923154
20250213,1152.0,4112.0,5387.0,0.2138481529608316,64.0,2.0,62.0,,32.0,11679.3688731776
20250214,2400.0,2800.0,5386.0,0.4455997029335314,81.0,6.0,75.0,,13.5,11096.0294572979
20250217,3675.0,1604.0,5389.0,0.6819447021710893,103.0,4.0,99.0,,25.75,12669.6483041907
20250218,731.0,4626.0,5388.0,0.1356718634001484,47.0,16.0,31.0,,2.9375,11592.143667149201
20250219,4645.0,591.0,5388.0,0.8621009651076467,109.0,2.0,107.0,,54.5,11143.2853546386
20250220,3377.0,1842.0,5387.0,0.6268795247818824,97.0,1.0,96.0,,97.0,10975.646860971601
20250221,2872.0,2352.0,5389.0,0.532937465206903,112.0,0.0,112.0,,112.0,14490.6262860427
20250224,2778.0,2468.0,5386.0,0.5157816561455626,86.0,9.0,77.0,,9.555555555555555,13617.542037008
20250225,1537.0,3735.0,5384.0,0.2854754829123328,57.0,3.0,54.0,,19.0,12053.714862028799
20250226,4250.0,1054.0,5385.0,0.7892293407613742,100.0,0.0,100.0,,100.0,12196.6665260077
20250227,2133.0,3095.0,5383.0,0.3962474456622701,77.0,5.0,72.0,,15.4,12779.5308892696
20250228,570.0,4773.0,5383.0,0.1058889095300018,48.0,42.0,6.0,,1.1428571428571428,12131.0435850872
20250303,3223.0,1966.0,5381.0,0.5989593012451218,64.0,24.0,40.0,,2.6666666666666665,10507.8636713184
20250304,4050.0,1172.0,5383.0,0.7523685677131711,81.0,8.0,73.0,,10.125,9164.3309300655
20250305,2358.0,2884.0,5382.0,0.4381270903010033,63.0,3.0,60.0,,21.0,9291.0213757323
20250306,4275.0,974.0,5380.0,0.7946096654275093,111.0,1.0,110.0,,111.0,11977.3261302125
20250307,1714.0,3556.0,5381.0,0.3185281546181007,55.0,7.0,48.0,,7.857142857142857,11248.9932768322
20250310,3279.0,1953.0,5381.0,0.6093662887939045,80.0,6.0,74.0,,13.333333333333334,9523.2677393299
20250311,2881.0,2282.0,5384.0,0.5351040118870728,54.0,2.0,52.0,,27.0,9492.753736382201
20250312,2627.0,2560.0,5383.0,0.488017833921605,79.0,1.0,78.0,,79.0,10428.611629291001
20250313,1494.0,3777.0,5385.0,0.2774373259052924,47.0,11.0,36.0,,4.2727272727272725,9921.0380253037
20250314,4495.0,790.0,5385.0,0.8347260909935005,87.0,6.0,81.0,,14.5,11882.9172450545
20250317,3146.0,2062.0,5380.0,0.5847583643122677,69.0,2.0,67.0,,34.5,9922.844646183099
20250318,2985.0,2199.0,5387.0,0.5541117505104882,66.0,1.0,65.0,,66.0,9328.3756652338
20250319,1493.0,3755.0,5384.0,0.2773031203566122,47.0,2.0,45.0,,23.5,8904.276315733201
20250320,1980.0,3222.0,5386.0,0.3676197549201634,62.0,0.0,62.0,,62.0,8490.4968037442
20250321,996.0,4289.0,5387.0,0.1848895489140523,47.0,20.0,27.0,,2.35,9408.8632584889
20250324,1460.0,3854.0,5387.0,0.2710228327454984,49.0,34.0,15.0,,1.4411764705882353,8831.3539599904
20250325,2502.0,2741.0,5390.0,0.4641929499072356,48.0,35.0,13.0,,1.3714285714285714,7760.3487321236
20250326,3548.0,1669.0,5391.0,0.6581339269152291,74.0,2.0,72.0,,37.0,7119.3589395556
20250327,1903.0,3364.0,5392.0,0.3529302670623145,50.0,20.0,30.0,,2.5,7342.8704505456
20250328,942.0,4352.0,5391.0,0.1747356705620478,32.0,22.0,10.0,,1.4545454545454546,6912.9955306267
20250331,1295.0,4027.0,5393.0,0.2401260893751159,34.0,31.0,3.0,,1.096774193548387,7884.133260513299
20250401,3854.0,1406.0,5392.0,0.7147626112759644,56.0,9.0,47.0,,6.222222222222222,7334.2863746269
20250402,2758.0,2430.0,5394.0,0.5113088616981831,40.0,12.0,28.0,,3.333333333333333,6098.673511450601
20250403,2075.0,3157.0,5393.0,0.3847580196551085,53.0,23.0,30.0,,2.3043478260869565,7463.199541261601
20250407,106.0,5284.0,5391.0,0.0196624002967909,24.0,2804.0,-2780.0,-5178.0,0.0085592011412268,11370.032079349401
20250408,3299.0,2048.0,5392.0,0.6118323442136498,127.0,106.0,21.0,1251.0,1.19811320754717,11236.6789968536
20250409,4529.0,780.0,5395.0,0.839481000926784,125.0,6.0,119.0,3749.0,20.83333333333333,11640.2514560479
20250410,4950.0,386.0,5395.0,0.917516218721038,154.0,0.0,154.0,4564.0,154.0,10739.421403042801
20250411,3292.0,1913.0,5394.0,0.6103077493511309,84.0,6.0,78.0,1379.0,14.0,9009.802426123999
20250414,4552.0,757.0,5393.0,0.8440571110699054,103.0,2.0,101.0,3795.0,51.5,8410.286093844301
20250415,2419.0,2814.0,5391.0,0.4487108143201632,58.0,9.0,49.0,-395.0,6.444444444444445,6833.4210201027
20250416,1010.0,4314.0,5395.0,0.1872103799814643,45.0,5.0,40.0,-3304.0,9.0,7209.8179461828995
20250417,3127.0,2039.0,5395.0,0.579610750695088,86.0,2.0,84.0,1088.0,43.0,6370.6606912776
20250418,2392.0,2741.0,5394.0,0.4434556915090841,61.0,10.0,51.0,-349.0,6.1,5610.1683068146
20250421,4363.0,875.0,5394.0,0.8088616981831664,100.0,11.0,89.0,3488.0,9.090909090909092,6493.1654365183995
20250422,2532.0,2671.0,5392.0,0.4695845697329376,81.0,12.0,69.0,-139.0,6.75,6805.6271988158
20250423,3185.0,2050.0,5394.0,0.5904708935854653,61.0,18.0,43.0,1135.0,3.388888888888889,7659.255389072001
20250424,1545.0,3694.0,5394.0,0.2864293659621802,52.0,11.0,41.0,-2149.0,4.727272727272728,6681.5100446482
20250425,2832.0,2371.0,5393.0,0.5251251622473577,65.0,18.0,47.0,461.0,3.611111111111111,6931.722441364601
20250428,1216.0,4110.0,5387.0,0.2257286059031,40.0,42.0,-2.0,-2894.0,0.9523809523809524,6590.4625853601
20250429,3557.0,1674.0,5361.0,0.6634956164894609,59.0,23.0,36.0,1883.0,2.565217391304348,6407.8259342472
20250430,3443.0,1770.0,5360.0,0.6423507462686567,73.0,11.0,62.0,1673.0,6.636363636363637,7485.0992703418
20250506,4962.0,379.0,5386.0,0.921277385815076,100.0,1.0,99.0,4583.0,100.0,8421.6193247053
20250507,3293.0,1891.0,5388.0,0.6111729769858946,65.0,0.0,65.0,1402.0,65.0,9090.999203674199
20250508,3839.0,1367.0,5389.0,0.7123770643904249,66.0,4.0,62.0,2472.0,16.5,7885.5616518997
20250509,1213.0,4063.0,5389.0,0.2250881425125255,33.0,3.0,30.0,-2850.0,11.0,7149.5743881496
20250512,4112.0,1101.0,5389.0,0.763035813694563,51.0,0.0,51.0,3011.0,51.0,8318.3940824464
20250513,1941.0,3234.0,5391.0,0.3600445186421814,48.0,1.0,47.0,-1293.0,48.0,7978.093116010101
20250514,2328.0,2816.0,5391.0,0.4318308291597106,63.0,0.0,63.0,-488.0,63.0,8355.0133912868
20250515,1407.0,3856.0,5390.0,0.261038961038961,50.0,4.0,46.0,-2449.0,12.5,7026.4686391723
20250516,3002.0,2187.0,5391.0,0.5568540159525135,56.0,3.0,53.0,815.0,18.666666666666668,6440.7132286315
20250519,3564.0,1692.0,5388.0,0.6614699331848553,84.0,0.0,84.0,1872.0,84.0,6342.2995396309
20250520,3837.0,1380.0,5394.0,0.7113459399332592,77.0,8.0,69.0,2457.0,9.625,6772.8199511664
20250521,1615.0,3604.0,5390.0,0.2996289424860853,55.0,3.0,52.0,-1989.0,18.33333333333333,6966.8707946285995
20250522,887.0,4451.0,5386.0,0.1646862235425176,40.0,12.0,28.0,-3564.0,3.333333333333333,6518.3901058128
20250523,1107.0,4204.0,5388.0,0.205456570155902,41.0,9.0,32.0,-3097.0,4.555555555555555,6973.740243232401
20250526,3797.0,1432.0,5385.0,0.7051067780872795,62.0,1.0,61.0,2365.0,62.0,6039.8025529691
20250527,2637.0,2576.0,5385.0,0.4896935933147632,62.0,1.0,61.0,61.0,62.0,5807.732148318501
20250528,1751.0,3480.0,5383.0,0.3252832992754969,57.0,3.0,54.0,-1729.0,19.0,5645.037787667
20250529,4472.0,831.0,5386.0,0.8303007797994801,108.0,5.0,103.0,3641.0,21.6,6838.0247314017
20250530,1116.0,4163.0,5384.0,0.2072808320950966,42.0,16.0,26.0,-3047.0,2.625,6582.2886105618
20250603,3390.0,1783.0,5380.0,0.6301115241635687,68.0,6.0,62.0,1607.0,11.333333333333334,6988.274885498299
20250604,3964.0,1238.0,5386.0,0.7359821760118826,71.0,2.0,69.0,2726.0,35.5,6762.6977148962
20250605,2677.0,2541.0,5388.0,0.496844840386043,66.0,5.0,61.0,136.0,13.2,7565.2384882031
20250606,2601.0,2604.0,5391.0,0.4824707846410684,50.0,4.0,46.0,-3.0,12.5,6698.1023781785
20250609,4121.0,1094.0,5387.0,0.7649897902357528,65.0,2.0,63.0,3027.0,32.5,7755.3457730632
20250610,1263.0,4035.0,5395.0,0.2341056533827618,45.0,2.0,43.0,-2772.0,22.5,8269.2553976574
20250611,3415.0,1738.0,5398.0,0.6326417191552427,52.0,5.0,47.0,1677.0,10.4,7503.8440187898
20250612,2327.0,2868.0,5398.0,0.4310855872545387,65.0,0.0,65.0,-541.0,65.0,7625.7918470307995
20250613,849.0,4477.0,5398.0,0.1572804742497221,57.0,5.0,52.0,-3628.0,11.4,9164.432613143199
20250616,3559.0,1641.0,5400.0,0.659074074074074,55.0,4.0,51.0,1918.0,13.75,7486.071644737301
20250617,2250.0,2921.0,5406.0,0.416204217536071,46.0,7.0,39.0,-671.0,6.571428571428571,7072.2204346382
20250618,1813.0,3479.0,5406.0,0.3353681095079541,40.0,10.0,30.0,-1666.0,4.0,6959.971687783101
20250619,716.0,4646.0,5405.0,0.1324699352451434,34.0,12.0,22.0,-3930.0,2.833333333333333,7455.8624577721
20250620,1542.0,3647.0,5407.0,0.2851858701683003,45.0,12.0,33.0,-2105.0,3.75,6379.139148556399
20250623,4446.0,844.0,5402.0,0.8230285079600148,72.0,0.0,72.0,3602.0,72.0,6762.0586075542
20250624,4771.0,578.0,5406.0,0.8825379208287089,72.0,18.0,54.0,4193.0,4.0,8518.3051987116
20250625,3919.0,1284.0,5407.0,0.724801183650823,69.0,3.0,66.0,2635.0,23.0,10021.8422773239
20250626,1621.0,3609.0,5410.0,0.299630314232902,63.0,2.0,61.0,-1988.0,31.5,9714.6193119573
20250627,3381.0,1772.0,5405.0,0.625531914893617,54.0,2.0,52.0,1609.0,27.0,9750.0981716637
20250630,4056.0,1127.0,5405.0,0.7504162812210916,78.0,4.0,74.0,2929.0,19.5,9151.955919147802
20250701,2629.0,2545.0,5404.0,0.4864914877868245,66.0,3.0,63.0,84.0,22.0,8614.9855006092
20250702,1945.0,3284.0,5403.0,0.3599851934110679,60.0,8.0,52.0,-1339.0,7.5,8297.6364841312
20250703,3271.0,1866.0,5403.0,0.6054044049602073,62.0,2.0,60.0,1405.0,31.0,7977.1066023525
20250704,1169.0,4120.0,5405.0,0.2162812210915818,41.0,10.0,31.0,-2951.0,4.1,8822.512496459898
20250707,3255.0,1978.0,5403.0,0.6024430871737924,67.0,2.0,65.0,1277.0,33.5,7265.7302896824
20250708,4283.0,981.0,5403.0,0.7927077549509531,67.0,1.0,66.0,3302.0,67.0,8958.2583270457
20250709,1856.0,3327.0,5406.0,0.343322234554199,54.0,2.0,52.0,-1471.0,27.0,9197.1130017633
20250710,2947.0,2279.0,5406.0,0.5451350351461339,62.0,5.0,57.0,668.0,12.4,9438.1448653203
20250711,2960.0,2206.0,5409.0,0.547236088001479,62.0,5.0,57.0,754.0,12.4,11424.4778404975
20250714,3179.0,2064.0,5408.0,0.5878328402366864,64.0,9.0,55.0,1115.0,7.111111111111111,9381.9982725867
20250715,1332.0,4017.0,5408.0,0.246301775147929,43.0,16.0,27.0,-2685.0,2.6875,10358.4841092601
20250716,3278.0,1929.0,5407.0,0.6062511559090068,56.0,2.0,54.0,1349.0,28.0,9238.0448191005
20250717,3536.0,1611.0,5407.0,0.6539670797114852,58.0,1.0,57.0,1925.0,58.0,9854.1795455964
20250718,2603.0,2567.0,5406.0,0.4815020347761746,46.0,1.0,45.0,36.0,46.0,10229.6728785363
20250721,4005.0,1291.0,5404.0,0.7411176905995559,121.0,1.0,120.0,2714.0,121.0,11272.234779231701
20250722,2540.0,2724.0,5402.0,0.4701962236208811,105.0,3.0,102.0,-184.0,35.0,12819.565797408499
20250723,1271.0,4027.0,5406.0,0.2351091379948205,50.0,5.0,45.0,-2756.0,10.0,12824.0042040185
20250724,4391.0,914.0,5405.0,0.8123959296947271,73.0,0.0,73.0,3477.0,73.0,12901.9500621968
20250725,2533.0,2726.0,5407.0,0.4684668022933235,46.0,10.0,36.0,-193.0,4.6,12188.892358384399
20250728,2781.0,2438.0,5408.0,0.5142381656804734,55.0,4.0,51.0,343.0,13.75,11800.4924878403
20250729,2240.0,3002.0,5412.0,0.4138950480413895,43.0,2.0,41.0,-762.0,21.5,12176.2409551196
20250730,1713.0,3559.0,5412.0,0.3165188470066519,48.0,7.0,41.0,-1846.0,6.857142857142857,12546.0448620858
20250731,1061.0,4287.0,5409.0,0.196154557219449,43.0,5.0,38.0,-3226.0,8.6,13294.9295055443
20250801,3307.0,1909.0,5410.0,0.611275415896488,40.0,7.0,33.0,1398.0,5.714285714285714,10596.273921754799
20250804,3877.0,1312.0,5407.0,0.7170334751248382,55.0,4.0,51.0,2565.0,13.75,9736.500597124601
20250805,3903.0,1327.0,5408.0,0.7217085798816568,53.0,1.0,52.0,2576.0,53.0,9971.3871853958
20250806,3357.0,1817.0,5410.0,0.6205175600739371,63.0,2.0,61.0,1540.0,31.5,10690.649136457501
20250807,2118.0,3086.0,5409.0,0.3915696062118691,59.0,7.0,52.0,-968.0,8.428571428571429,11417.4136335053
20250808,2429.0,2802.0,5411.0,0.4489003880983182,61.0,2.0,59.0,-373.0,30.5,10550.1596836526
20250811,4188.0,1068.0,5413.0,0.7736929613892481,78.0,4.0,74.0,3120.0,19.5,11650.0950901032
20250812,2084.0,3167.0,5416.0,0.3847858197932053,51.0,3.0,48.0,-1083.0,17.0,12019.8498313328
20250813,2733.0,2458.0,5412.0,0.5049889135254989,92.0,0.0,92.0,275.0,92.0,14050.032617069699
20250814,735.0,4648.0,5413.0,0.1357842231664511,44.0,10.0,34.0,-3913.0,4.4,14859.3744842325
20250815,4625.0,644.0,5412.0,0.8545824094604583,86.0,2.0,84.0,3981.0,43.0,14979.689664611602
20250818,4037.0,1222.0,5410.0,0.7462107208872458,108.0,1.0,107.0,2815.0,108.0,18384.5713077483
20250819,2984.0,2255.0,5413.0,0.5512654720118234,85.0,5.0,80.0,729.0,17.0,16809.0525076169
20250820,3676.0,1587.0,5411.0,0.6793568656440584,86.0,11.0,75.0,2089.0,7.818181818181818,16064.321655993199
20250821,2170.0,3091.0,5414.0,0.4008127077946066,43.0,12.0,31.0,-921.0,3.583333333333333,15983.162977059501
20250822,2803.0,2396.0,5415.0,0.5176361957525393,69.0,1.0,68.0,407.0,69.0,17614.7718824561
20250825,3351.0,1898.0,5415.0,0.618836565096953,77.0,2.0,75.0,1453.0,38.5,21978.647836556902
20250826,2804.0,2470.0,5416.0,0.517725258493353,71.0,1.0,70.0,334.0,71.0,18250.842199221202
20250827,633.0,4764.0,5417.0,0.1168543474247738,41.0,6.0,35.0,-4131.0,6.833333333333333,21921.0639944022
20250828,2868.0,2402.0,5417.0,0.5294443418866531,58.0,2.0,56.0,466.0,29.0,20740.5459906388
20250829,1997.0,3309.0,5414.0,0.3688585149612117,64.0,9.0,55.0,-1312.0,7.111111111111111,20332.7306318792
20250901,3208.0,2086.0,5414.0,0.5925378647949759,104.0,1.0,103.0,1122.0,104.0,19981.745971069802
20250902,1259.0,4056.0,5415.0,0.2325023084025854,44.0,18.0,26.0,-2797.0,2.4444444444444446,20588.0341619423
20250903,823.0,4560.0,5417.0,0.1519291120546428,34.0,16.0,18.0,-3737.0,2.125,17122.2205824176
20250904,2297.0,2990.0,5416.0,0.4241137370753323,41.0,32.0,9.0,-693.0,1.28125,18686.1625257899
20250905,4857.0,473.0,5417.0,0.8966217463540705,96.0,3.0,93.0,4384.0,32.0,16769.3595105106
20250908,3957.0,1350.0,5419.0,0.730208525558221,69.0,3.0,66.0,2607.0,23.0,17675.303176088
20250909,1299.0,4011.0,5420.0,0.2396678966789668,49.0,4.0,45.0,-2712.0,12.25,15195.5383217331
20250910,2442.0,2769.0,5422.0,0.450387310955367,47.0,3.0,44.0,-327.0,15.666666666666666,14061.551844967398
20250911,4221.0,1047.0,5421.0,0.7786386275594909,87.0,3.0,84.0,3174.0,29.0,17621.6477057259
20250912,1926.0,3373.0,5424.0,0.3550884955752212,66.0,1.0,65.0,-1447.0,66.0,18241.720381816
20250915,1916.0,3375.0,5422.0,0.3533751383253412,67.0,3.0,64.0,-1459.0,22.33333333333333,16589.114742326
20250916,3629.0,1689.0,5422.0,0.6693102176318702,70.0,1.0,69.0,1940.0,70.0,16514.2867502189
20250917,2504.0,2757.0,5421.0,0.4619073971591957,69.0,0.0,69.0,-253.0,69.0,16789.9292969745
20250918,1027.0,4350.0,5420.0,0.1894833948339483,55.0,0.0,55.0,-3323.0,55.0,22721.4291869201
20250919,1911.0,3404.0,5422.0,0.3524529693839911,50.0,21.0,29.0,-1493.0,2.380952380952381,16743.3909833157
20250922,2175.0,3153.0,5418.0,0.4014396456256921,65.0,7.0,58.0,-978.0,9.285714285714286,15403.178862263601
20250923,1108.0,4266.0,5424.0,0.2042772861356932,50.0,9.0,41.0,-3158.0,5.555555555555555,18094.915642404798
20250924,4458.0,853.0,5422.0,0.8222058281077094,78.0,7.0,71.0,3605.0,11.142857142857142,17257.9520607757
20250925,1477.0,3877.0,5426.0,0.2722078879469222,41.0,6.0,35.0,-2400.0,6.833333333333333,17547.0243100976
20250926,1805.0,3414.0,5426.0,0.3326575746406192,47.0,21.0,26.0,-1609.0,2.238095238095238,15844.431901377502
20250929,3576.0,1658.0,5420.0,0.6597785977859778,53.0,2.0,51.0,1918.0,26.5,16475.0596456246
20250930,2657.0,2578.0,5423.0,0.4899502120597455,52.0,1.0,51.0,79.0,52.0,16566.1654998444
20251009,3115.0,2186.0,5419.0,0.5748293042996863,88.0,17.0,71.0,929.0,5.176470588235294,20420.1383674389
20251010,2774.0,2536.0,5422.0,0.5116193286610107,56.0,6.0,50.0,238.0,9.333333333333334,19044.3333522717
20251013,1684.0,3634.0,5424.0,0.3104719764011799,59.0,3.0,56.0,-1950.0,19.666666666666668,17737.9828707608
20251014,1734.0,3554.0,5424.0,0.3196902654867257,37.0,2.0,35.0,-1820.0,18.5,19523.268919124803
20251015,4333.0,950.0,5424.0,0.7988569321533924,65.0,4.0,61.0,3383.0,16.25,15280.980314422102
20251016,1177.0,4171.0,5428.0,0.2168386145910096,40.0,5.0,35.0,-2994.0,8.0,14055.9396043838
20251017,602.0,4783.0,5431.0,0.1108451482231633,37.0,22.0,15.0,-4181.0,1.681818181818182,14029.4472656465
20251020,4064.0,1253.0,5430.0,0.7484346224677716,76.0,2.0,74.0,2811.0,38.0,12575.124857174802
20251021,4628.0,729.0,5429.0,0.8524590163934426,78.0,3.0,75.0,3899.0,26.0,13591.153395669999
20251022,2280.0,2965.0,5429.0,0.419966844722785,56.0,5.0,51.0,-685.0,11.2,11608.737801886498
20251023,2994.0,2302.0,5431.0,0.5512796906647026,58.0,8.0,50.0,692.0,7.25,11459.8847768257
20251024,3028.0,2274.0,5432.0,0.5574374079528719,57.0,7.0,50.0,754.0,8.142857142857142,14241.618405850902
20251027,3361.0,1862.0,5431.0,0.6188547228871294,50.0,5.0,45.0,1499.0,10.0,17297.1788226434
20251028,2366.0,2908.0,5432.0,0.4355670103092783,58.0,4.0,54.0,-542.0,14.5,15512.5154206039
20251029,2672.0,2621.0,5432.0,0.4918998527245949,60.0,1.0,59.0,51.0,60.0,16409.6051677668
20251030,1242.0,4100.0,5431.0,0.2286871662677223,46.0,8.0,38.0,-2858.0,5.75,17933.9759944902
20251031,3760.0,1553.0,5432.0,0.6921944035346097,57.0,12.0,45.0,2207.0,4.75,17313.1712602191
20251103,3535.0,1801.0,5434.0,0.6505336768494663,66.0,7.0,59.0,1734.0,9.428571428571429,15245.4557539527
20251104,1630.0,3650.0,5434.0,0.2999631947000368,50.0,4.0,46.0,-2020.0,12.5,13564.395732663601
20251105,3380.0,1905.0,5434.0,0.6220095693779905,67.0,1.0,66.0,1475.0,67.0,13024.917405478402
20251106,2880.0,2388.0,5434.0,0.5299963194700037,62.0,9.0,53.0,492.0,6.888888888888889,14692.0301493822
20251107,2101.0,3162.0,5436.0,0.3864974245768948,53.0,2.0,51.0,-1061.0,26.5,14100.4349270149
20251110,3376.0,1957.0,5439.0,0.6207023349880493,71.0,6.0,65.0,1419.0,11.833333333333334,15624.2891790405
20251111,2785.0,2504.0,5439.0,0.5120426548997977,67.0,1.0,66.0,281.0,67.0,13858.293984221802
20251112,1758.0,3563.0,5441.0,0.3231023708877045,58.0,5.0,53.0,-1805.0,11.6,13365.4047632098
20251113,3953.0,1338.0,5440.0,0.7266544117647059,85.0,0.0,85.0,2615.0,85.0,14115.833775714
20251114,1961.0,3323.0,5438.0,0.3606105185730048,70.0,6.0,64.0,-1362.0,11.666666666666666,13240.2619708283
20251117,2584.0,2726.0,5437.0,0.475262093066029,85.0,4.0,81.0,-142.0,21.25,12892.4460895996
20251118,1278.0,4106.0,5440.0,0.2349264705882353,45.0,31.0,14.0,-2828.0,1.4516129032258065,12938.6057651629
20251119,1200.0,4175.0,5442.0,0.2205071664829107,54.0,22.0,32.0,-2975.0,2.4545454545454546,11476.295944781099
20251120,1453.0,3850.0,5441.0,0.2670464988053667,41.0,7.0,34.0,-2397.0,5.857142857142857,11661.171276314799
20251121,354.0,5072.0,5444.0,0.065025716385011,28.0,71.0,-43.0,-4718.0,0.3943661971830985,13320.197803471401
20251124,4228.0,1104.0,5440.0,0.7772058823529412,66.0,23.0,43.0,3124.0,2.869565217391304,11631.0034367517
20251125,4300.0,993.0,5438.0,0.7907318867230599,77.0,4.0,73.0,3307.0,19.25,12071.786704328999
20251126,1692.0,3593.0,5434.0,0.3113728376886271,68.0,3.0,65.0,-1901.0,22.666666666666668,11944.914642719601
20251127,2790.0,2447.0,5434.0,0.513433934486566,53.0,8.0,45.0,343.0,6.625,11555.219287709599
20251128,4122.0,1193.0,5433.0,0.7586968525676422,70.0,3.0,67.0,2929.0,23.33333333333333,10486.3735162341
20251201,3398.0,1872.0,5432.0,0.6255522827687776,64.0,3.0,61.0,1526.0,21.33333333333333,12819.2239466435
20251202,1544.0,3740.0,5436.0,0.2840323767476085,47.0,2.0,45.0,-2196.0,23.5,10472.1888031323
20251203,1443.0,3876.0,5442.0,0.2651598676957001,48.0,7.0,41.0,-2433.0,6.857142857142857,10765.798143168002
20251204,1455.0,3878.0,5440.0,0.2674632352941176,38.0,13.0,25.0,-2423.0,2.923076923076923,10133.4251334405
20251205,4387.0,975.0,5438.0,0.8067304155939684,73.0,2.0,71.0,3412.0,36.5,11614.066753698498
20251208,3409.0,1866.0,5440.0,0.6266544117647059,74.0,2.0,72.0,1543.0,37.0,13953.650316110901
20251209,1308.0,4058.0,5441.0,0.2403969858481896,53.0,7.0,46.0,-2750.0,7.571428571428571,12854.9110480457
20251210,2435.0,2844.0,5438.0,0.4477749172489886,57.0,3.0,54.0,-409.0,19.0,11835.162828404898
20251211,1033.0,4378.0,5442.0,0.1898199191473722,34.0,19.0,15.0,-3345.0,1.7894736842105263,12543.2797380618
20251212,2683.0,2612.0,5444.0,0.4928361498897869,78.0,15.0,63.0,71.0,5.2,14844.788539489698
20251215,2314.0,2968.0,5443.0,0.4251331986037112,59.0,9.0,50.0,-654.0,6.555555555555555,12242.471884077799
20251216,1091.0,4302.0,5445.0,0.2003673094582185,42.0,15.0,27.0,-3211.0,2.8,11683.0509784194
20251217,3626.0,1635.0,5446.0,0.6658097686375322,49.0,19.0,30.0,1991.0,2.5789473684210527,12578.2990333305
20251218,2845.0,2416.0,5449.0,0.5221141493852083,61.0,4.0,57.0,429.0,15.25,11251.125506270299
20251219,4477.0,905.0,5448.0,0.8217694566813509,70.0,1.0,69.0,3572.0,70.0,11538.1639072853
20251222,2984.0,2265.0,5444.0,0.5481263776634827,80.0,8.0,72.0,719.0,10.0,12860.1148383038
20251223,1512.0,3856.0,5449.0,0.2774821068085887,54.0,9.0,45.0,-2344.0,6.0,12876.4777046171
20251224,4128.0,1137.0,5451.0,0.7572922399559714,76.0,4.0,72.0,2991.0,19.0,12809.5893543837
20251225,3773.0,1473.0,5454.0,0.6917858452511918,79.0,0.0,79.0,2300.0,79.0,12803.1222907147
20251226,1866.0,3414.0,5453.0,0.3421969558041445,82.0,1.0,81.0,-1548.0,82.0,14616.953057769899
20251229,1995.0,3332.0,5455.0,0.3657195233730522,72.0,16.0,56.0,-1337.0,4.5,14739.7445769612
20251230,1840.0,3481.0,5457.0,0.3371816016126077,54.0,13.0,41.0,-1641.0,4.153846153846154,14665.803200039902
20251231,2474.0,2776.0,5458.0,0.4532795895932576,57.0,6.0,51.0,-302.0,9.5,13839.6488849767
20260105,4185.0,1168.0,5457.0,0.7669048927982408,108.0,8.0,100.0,3017.0,13.5,18029.247726667
20260106,4108.0,1222.0,5459.0,0.7525187763326616,120.0,1.0,119.0,2886.0,120.0,20112.6044951113
20260107,2173.0,3190.0,5460.0,0.3979853479853479,80.0,3.0,77.0,-1017.0,26.666666666666668,20121.8020296073
20260108,3731.0,1595.0,5459.0,0.6834585088844111,92.0,3.0,89.0,2136.0,30.666666666666668,19431.602573228403
20260109,3920.0,1349.0,5459.0,0.7180802344751787,94.0,1.0,93.0,2571.0,94.0,21309.5816031325
20260112,4144.0,1182.0,5459.0,0.7591133907309031,183.0,3.0,180.0,2962.0,61.0,24542.076399987804
20260113,1622.0,3729.0,5452.0,0.297505502567865,66.0,49.0,17.0,-2107.0,1.346938775510204,24808.3134763041
20260114,2747.0,2592.0,5454.0,0.5036670333700036,102.0,14.0,88.0,155.0,7.285714285714286,27095.4859918876
20260115,2230.0,3121.0,5457.0,0.4086494410848451,55.0,63.0,-8.0,-891.0,0.873015873015873,20156.6805712315
20260116,2371.0,2973.0,5460.0,0.4342490842490842,58.0,46.0,12.0,-602.0,1.2608695652173914,21759.087689291602
20260119,3527.0,1828.0,5461.0,0.6458524079838858,88.0,23.0,65.0,1699.0,3.8260869565217392,19274.1259783969
20260120,2233.0,3102.0,5467.0,0.4084507042253521,54.0,16.0,38.0,-869.0,3.375,19737.9821529626
20260121,3096.0,2197.0,5465.0,0.5665141811527905,79.0,4.0,75.0,899.0,19.75,18695.464105877098
20260122,3577.0,1777.0,5466.0,0.6544090742773508,73.0,2.0,71.0,1800.0,36.5,19379.431025819704
20260123,3941.0,1390.0,5467.0,0.7208706786171575,104.0,0.0,104.0,2551.0,104.0,21924.3689186173
20260126,1604.0,3771.0,5463.0,0.2936115687351272,70.0,30.0,40.0,-2167.0,2.333333333333333,23114.862476477698
20260127,1928.0,3454.0,5463.0,0.3529196412227713,53.0,2.0,51.0,-1526.0,26.5,20765.4065006232
20260128,1739.0,3640.0,5464.0,0.3182650073206442,80.0,5.0,75.0,-1901.0,16.0,21722.6903620147
20260129,1803.0,3566.0,5465.0,0.3299176578225068,82.0,11.0,71.0,-1763.0,7.454545454545454,23644.674158929
20260130,2453.0,2896.0,5462.0,0.4491028927132918,48.0,52.0,-4.0,-443.0,0.9230769230769232,20857.0137085251
20260202,771.0,4652.0,5464.0,0.1411054172767203,36.0,98.0,-62.0,-3881.0,0.3673469387755102,19035.5183812006
20260203,4856.0,532.0,5465.0,0.8885635864592863,69.0,9.0,60.0,4324.0,7.666666666666667,18459.9418339798
20260204,3254.0,2130.0,5468.0,0.5950987564008778,68.0,5.0,63.0,1124.0,13.6,17749.9644459586
20260205,1618.0,3719.0,5467.0,0.2959575635631973,44.0,14.0,30.0,-2101.0,3.142857142857143,15548.2336629596
20260206,2749.0,2550.0,5466.0,0.5029271862422247,55.0,5.0,50.0,199.0,11.0,14899.285531622601
20260209,4612.0,759.0,5465.0,0.8439158279963404,83.0,3.0,80.0,3853.0,27.666666666666668,15624.918848284302
20260210,2195.0,3128.0,5470.0,0.4012797074954296,60.0,2.0,58.0,-933.0,30.0,14359.6813615504
20260211,2050.0,3241.0,5470.0,0.3747714808043875,51.0,5.0,46.0,-1191.0,10.2,13814.0839456666
20260212,2108.0,3280.0,5476.0,0.3849525200876552,60.0,13.0,47.0,-1172.0,4.615384615384615,15094.2033006884
20260213,1540.0,3829.0,5474.0,0.2813299232736573,32.0,12.0,20.0,-2289.0,2.6666666666666665,14013.463712270699
20260224,4006.0,1392.0,5474.0,0.731823164048228,92.0,15.0,77.0,2614.0,6.133333333333334,15669.4070383973
20260225,3748.0,1609.0,5471.0,0.6850667154085176,75.0,3.0,72.0,2139.0,25.0,17777.5037484334
20260226,2485.0,2870.0,5471.0,0.4542131237433741,61.0,3.0,58.0,-385.0,20.33333333333333,18275.227682079803
20260227,3271.0,2068.0,5471.0,0.597879729482727,75.0,0.0,75.0,1203.0,75.0,17852.380244635802
20260302,1142.0,4282.0,5470.0,0.2087751371115173,88.0,8.0,80.0,-3140.0,11.0,21810.6643563416
20260303,643.0,4807.0,5472.0,0.1175073099415204,82.0,53.0,29.0,-4164.0,1.5471698113207548,22720.7710644067
20260304,1745.0,3640.0,5474.0,0.3187796857873584,44.0,11.0,33.0,-1895.0,4.0,17195.038268860302
20260305,4079.0,1306.0,5476.0,0.7448867786705624,69.0,3.0,66.0,2773.0,23.0,17058.065323513598
20260306,4260.0,1154.0,5477.0,0.7777980646339236,74.0,0.0,74.0,3106.0,74.0,15413.701740422699
20260309,1423.0,3964.0,5481.0,0.2596241561758803,42.0,3.0,39.0,-2541.0,14.0,19081.4745484023
20260310,4536.0,850.0,5479.0,0.8278883007848148,56.0,4.0,52.0,3686.0,14.0,16987.9733968745
20260311,2060.0,3284.0,5482.0,0.3757752645020065,53.0,2.0,51.0,-1224.0,26.5,17808.1523530062
20260312,1494.0,3893.0,5482.0,0.2725282743524261,52.0,2.0,50.0,-2399.0,26.0,17552.0214434075
20260313,1502.0,3828.0,5481.0,0.274037584382412,59.0,13.0,46.0,-2326.0,4.538461538461538,17342.716057948197
20260316,2843.0,2494.0,5480.0,0.5187956204379562,44.0,5.0,39.0,349.0,8.8,16900.496418827
20260317,867.0,4541.0,5478.0,0.1582694414019715,39.0,10.0,29.0,-3674.0,3.9,15871.8790380316
20260318,3554.0,1831.0,5479.0,0.648658514327432,57.0,4.0,53.0,1723.0,14.25,14747.308619042302
20260319,505.0,4955.0,5479.0,0.0921701040335827,28.0,5.0,23.0,-4450.0,5.6,15364.1431438477
20260320,662.0,4786.0,5481.0,0.120780879401569,28.0,13.0,15.0,-4124.0,2.1538461538461537,16757.347397472102
20260323,305.0,5172.0,5483.0,0.0556264818530001,28.0,70.0,-42.0,-4867.0,0.4,17830.737031961104
20260324,5136.0,329.0,5481.0,0.937055281882868,83.0,1.0,82.0,4807.0,83.0,15045.7462758572
20260325,4874.0,560.0,5482.0,0.8890915724188252,84.0,1.0,83.0,4314.0,84.0,15774.0954578685
20260326,916.0,4493.0,5481.0,0.167122787812443,39.0,8.0,31.0,-3577.0,4.875,13921.121416441698
20260327,4337.0,1073.0,5478.0,0.7917123037604965,78.0,2.0,76.0,3264.0,39.0,13242.9137832302
20260330,2868.0,2464.0,5476.0,0.5237399561723886,62.0,10.0,52.0,404.0,6.2,13680.0321033777
20260331,1011.0,4378.0,5482.0,0.1844217438890915,53.0,1.0,52.0,-3367.0,53.0,14233.275314934299
20260401,4495.0,887.0,5485.0,0.8195077484047402,56.0,6.0,50.0,3608.0,9.333333333333334,14331.853554567
20260402,1052.0,4378.0,5485.0,0.19179580674567,28.0,5.0,23.0,-3326.0,5.6,12881.7321562675
20260403,716.0,4746.0,5486.0,0.1305140357273058,36.0,24.0,12.0,-4030.0,1.5,11483.3620892275
20260407,3977.0,1426.0,5484.0,0.725200583515682,93.0,4.0,89.0,2551.0,23.25,11373.2023086829
20260408,5174.0,301.0,5490.0,0.9424408014571948,123.0,4.0,119.0,4873.0,30.75,17736.622052539
20260409,1140.0,4299.0,5491.0,0.2076124567474048,53.0,1.0,52.0,-3159.0,53.0,15194.1907625844
20260410,3977.0,1397.0,5495.0,0.7237488626023658,59.0,8.0,51.0,2580.0,7.375,16998.3101148885
20260413,2378.0,2960.0,5494.0,0.4328358208955223,59.0,4.0,55.0,-582.0,14.75,15817.7086598804
20260414,3723.0,1594.0,5496.0,0.6774017467248908,55.0,4.0,51.0,2129.0,13.75,17388.022757743904
20260415,1841.0,3541.0,5494.0,0.3350928285402257,57.0,7.0,50.0,-1700.0,8.142857142857142,17453.156228676402
20260416,4293.0,1072.0,5498.0,0.780829392506366,79.0,1.0,78.0,3221.0,79.0,16693.9248125321
20260417,2396.0,2986.0,5497.0,0.4358741131526287,71.0,3.0,68.0,-590.0,23.666666666666668,17408.0576396755
20260420,3424.0,1898.0,5493.0,0.6233387948297834,75.0,6.0,69.0,1526.0,12.5,18621.7979653408
20260421,1949.0,3432.0,5498.0,0.3544925427428155,53.0,9.0,44.0,-1483.0,5.888888888888889,17195.5160514892
20260422,2920.0,2433.0,5497.0,0.5311988357285792,55.0,3.0,52.0,487.0,18.33333333333333,18525.795964561
20260423,1330.0,4078.0,5494.0,0.2420822715689843,50.0,15.0,35.0,-2748.0,3.333333333333333,20541.9821736516
20260424,2036.0,3352.0,5496.0,0.3704512372634643,59.0,20.0,39.0,-1316.0,2.95,19575.2028478509
20260427,3284.0,2105.0,5495.0,0.5976342129208371,65.0,34.0,31.0,1179.0,1.911764705882353,19147.5111184213
20260428,1698.0,3682.0,5488.0,0.309402332361516,60.0,30.0,30.0,-1984.0,2.0,18521.0297314719
20260429,3973.0,1403.0,5462.0,0.7273892347125595,100.0,13.0,87.0,2570.0,7.6923076923076925,19055.631915603
20260430,2878.0,2461.0,5460.0,0.5271062271062271,79.0,11.0,68.0,417.0,7.181818181818182,20578.8244472886
20260506,3889.0,1482.0,5490.0,0.7083788706739527,101.0,2.0,99.0,2407.0,50.5,24139.954810732303
20260507,3520.0,1832.0,5493.0,0.6408155834698708,100.0,4.0,96.0,1688.0,25.0,22949.7781680941
20260508,3637.0,1728.0,5491.0,0.6623565835002732,98.0,2.0,96.0,1909.0,49.0,22033.1504891248
20260511,3121.0,2239.0,5491.0,0.568384629393553,95.0,3.0,92.0,882.0,31.666666666666668,26159.046259205104
20260512,1379.0,4048.0,5490.0,0.251183970856102,58.0,7.0,51.0,-2669.0,8.285714285714286,23877.7741474472
20260513,3215.0,2134.0,5493.0,0.5852903695612598,113.0,2.0,111.0,1081.0,56.5,23770.421038506298
20260514,1047.0,4387.0,5493.0,0.190606226105953,55.0,17.0,38.0,,3.235294117647059,24805.0685433035
20260515,1816.0,3584.0,5495.0,0.3304822565969063,54.0,15.0,39.0,,3.6,24955.4707102652
20260518,2375.0,3003.0,5499.0,0.4318967084924531,82.0,17.0,65.0,,4.823529411764706,21331.6254952568
20260519,3608.0,1774.0,5494.0,0.6567164179104478,90.0,8.0,82.0,,11.25,21229.8541952405
20260520,1638.0,3804.0,5498.0,0.2979265187340851,61.0,22.0,39.0,,2.772727272727273,21769.963179622402
20260521,695.0,4773.0,5501.0,0.1263406653335757,34.0,25.0,9.0,,1.36,25943.8968973971
20260522,3869.0,1509.0,5504.0,0.7029433139534884,115.0,5.0,110.0,,23.0,21587.3222013147
20260525,2181.0,3225.0,5504.0,0.3962572674418604,103.0,15.0,88.0,,6.866666666666666,23974.213116385698
20260526,1354.0,4082.0,5504.0,0.2460029069767441,46.0,16.0,30.0,,2.875,24565.7457509471
20260527,974.0,4489.0,5506.0,0.1768979295314202,47.0,22.0,25.0,,2.136363636363636,24900.283432465
20260528,3018.0,2365.0,5506.0,0.5481293134762077,102.0,8.0,94.0,,12.75,22523.8007018105
20260529,1542.0,3884.0,5506.0,0.2800581184162731,49.0,49.0,0.0,,1.0,25266.3127283407
20260601,3776.0,1682.0,5508.0,0.6855482933914306,120.0,21.0,99.0,,5.714285714285714,21969.3751420749
20260602,1543.0,3876.0,5507.0,0.2801888505538406,67.0,16.0,51.0,,4.1875,21212.4072627132
20260603,1713.0,3727.0,5511.0,0.3108328796951551,66.0,11.0,55.0,,6.0,23991.568642093
20260604,1344.0,4121.0,5511.0,0.2438758845944474,80.0,7.0,73.0,,11.428571428571429,20998.1819323557
20260605,3277.0,2113.0,5514.0,0.5943054044250997,73.0,11.0,62.0,,6.636363636363637,23114.8772459415
20260608,899.0,4591.0,5515.0,0.1630099728014505,57.0,35.0,22.0,,1.6285714285714286,21000.3280765611
20260609,3322.0,2049.0,5515.0,0.6023572076155939,130.0,9.0,121.0,,14.444444444444445,19774.4096098119
20260610,1556.0,3882.0,5512.0,0.2822931785195936,71.0,25.0,46.0,,2.84,19746.1853928063
20260611,1370.0,4069.0,5511.0,0.2485937216476138,69.0,32.0,37.0,,2.15625,19281.477128938703
20260612,3923.0,1515.0,5512.0,0.7117198838896952,89.0,15.0,74.0,,5.933333333333334,24845.558374145003
20260615,3906.0,1475.0,5508.0,0.7091503267973857,145.0,3.0,142.0,,48.333333333333336,23785.254036430797
20260616,2730.0,2677.0,5513.0,0.4951931797569381,117.0,7.0,110.0,,16.714285714285715,23726.5795271081
20260617,1723.0,3734.0,5509.0,0.3127609366491196,86.0,1.0,85.0,,86.0,23856.1289965574
20260618,2023.0,3395.0,5507.0,0.367350644634102,91.0,12.0,79.0,,7.583333333333333,26137.9860547783
20260622,2916.0,2468.0,5510.0,0.5292196007259529,134.0,4.0,130.0,,33.5,29354.5583969311
20260623,2764.0,2644.0,5513.0,0.5013604208235081,96.0,39.0,57.0,,2.4615384615384617,26984.0976603049
20260624,1434.0,4034.0,5512.0,0.2601596516690856,98.0,12.0,86.0,,8.166666666666666,25668.062732322
20260625,1231.0,4228.0,5511.0,0.2233714389403012,86.0,17.0,69.0,,5.0588235294117645,28294.3871682061
20260626,790.0,4676.0,5513.0,0.1432976600761835,60.0,30.0,30.0,,2.0,28144.7220472109
20260629,2469.0,2933.0,5510.0,0.4480943738656987,107.0,38.0,69.0,,2.8157894736842106,27956.986774961
20260630,3054.0,2364.0,5508.0,0.5544662309368191,140.0,5.0,135.0,,28.0,25934.9582182867
20260701,4329.0,1145.0,5511.0,0.7855198693522046,152.0,6.0,146.0,,25.33333333333333,28762.287384580497
20260702,2219.0,3162.0,5517.0,0.4022113467464202,93.0,40.0,53.0,,2.325,27013.154280993298
20260703,3804.0,1628.0,5516.0,0.6896301667875272,108.0,19.0,89.0,,5.684210526315789,24876.0368794807
20260706,1876.0,3541.0,5517.0,0.3400398767446075,64.0,46.0,18.0,,1.391304347826087,24109.1057396386
20260707,693.0,4797.0,5517.0,0.1256117455138662,33.0,30.0,3.0,,1.1,20243.0908726053
20260708,1593.0,3790.0,5518.0,0.2886915549111997,47.0,41.0,6.0,,1.146341463414634,20363.4594234248
20260709,2486.0,2888.0,5520.0,0.4503623188405797,75.0,12.0,63.0,,6.25,23497.9687029951
20260710,3772.0,1678.0,5521.0,0.6832095634848759,92.0,4.0,88.0,2094.0,23.0,27072.3014664475
20260713,801.0,4683.0,5524.0,0.1450036205648081,29.0,172.0,-143.0,-3882.0,0.1686046511627907,22393.320789017896
20260714,4211.0,1247.0,5524.0,0.7623099203475743,81.0,22.0,59.0,2964.0,3.6818181818181817,21920.4981615631
20260715,3351.0,2098.0,5525.0,0.6065158371040724,0.0,0.0,0.0,1253.0,0.0,20651.35183486
20260716,2499.0,2861.0,5524.0,0.4523895727733526,0.0,0.0,0.0,-362.0,0.0,19180.0482998272
20260717,482.0,5001.0,5522.0,0.0872872147772546,33.0,192.0,-159.0,-4519.0,0.171875,21207.839212363
20260720,1740.0,3710.0,5524.0,0.3149891383055757,53.0,210.0,-157.0,-1970.0,0.2523809523809524,21601.944895177898
20260721,3107.0,2301.0,5525.0,0.5623529411764706,121.0,21.0,100.0,806.0,5.761904761904762,23813.9216278161
20260722,1530.0,3876.0,5526.0,0.2768729641693811,47.0,8.0,39.0,-2346.0,5.875,21671.380388324003
20260723,4260.0,1208.0,5526.0,0.7709011943539631,0.0,0.0,0.0,3052.0,0.0,17577.862188350202
20260724,555.0,4940.0,5526.0,0.1004343105320304,40.0,25.0,15.0,-4385.0,1.6,15379.4784439685
20260727,5195.0,286.0,5523.0,0.9406119862393628,111.0,6.0,105.0,4909.0,18.5,16649.194160025898
20260728,2603.0,2769.0,5524.0,0.471216509775525,61.0,49.0,12.0,-166.0,1.2448979591836735,16084.0673292978
20260729,4253.0,1215.0,5524.0,0.7699131064446053,81.0,9.0,72.0,3038.0,9.0,18350.9324426786
20260730,1768.0,3635.0,5528.0,0.3198263386396526,52.0,74.0,-22.0,-1867.0,0.7027027027027027,18853.687735383803
20260731,4691.0,728.0,5528.0,0.848589001447178,0.0,0.0,0.0,3963.0,0.0,20373.7933438676
20260803,4005.0,1466.0,5529.0,0.7243624525230602,75.0,8.0,67.0,2539.0,9.375,15730.821755387802
