# 光学光电子（显示 / LED）,,,## 公司对应股票代码（按新闻出现顺序）,,,,# 一、按新闻顺序整理股票代码,,,根据新闻发布时间顺序整理如下，并结合板块联动分析当前市场热点。,,按照新闻出现顺序整理如下，并结合资金流向分析今日热点。,,按照新闻发布时间顺序整理如下，并结合板块联动分析今日市场热点。,,,按照新闻发布时间顺序整理如下，并结合板块联动分析今日市场热点。
,,,,,,,,,,,,,,,,,
| 公司   | 股票代码   |,,,| 公司   | 股票代码   |,,,,## 1. 零售,,,| 顺序 | 热点题材      | 龙头及涨停                                  | 跟涨个股（股票代码）                                                                                            |,,| 顺序 | 热点题材                  | 龙头及涨停                                     | 跟涨个股（股票代码）                                                                    |,,| 顺序 | 热点题材                      | 龙头及涨停                                                    | 跟涨个股（股票代码）                                                                    |,,,| 顺序 | 热点题材                | 龙头及涨停                                               | 跟涨个股（股票代码）                                                                    |
| ---- | ------ |,,,| ---- | ------ |,,,,,,,| -- | --------- | -------------------------------------- | ----------------------------------------------------------------------------------------------------- |,,| -- | --------------------- | ----------------------------------------- | ----------------------------------------------------------------------------- |,,| -- | ------------------------- | -------------------------------------------------------- | ----------------------------------------------------------------------------- |,,,| -- | ------------------- | --------------------------------------------------- | ----------------------------------------------------------------------------- |
| 华映科技 | 000536 |,,,| 凤凰航运 | 000520 |,,,,| 公司   | 代码     |,,,| ①  | **电力**    | 深南电A（000037）、大连热电（600719）              | 华电辽能（600396）、亨通股份（600226）、大唐发电（601991）、上海电力（600021）、粤电力A（000539）                                      |,,| ①  | **旅游酒店（文旅）**          | 天府文旅（000558）                              | 黄山旅游（600054）、众信旅游（002707）、西藏旅游（600749）、大连圣亚（600593）、云南旅游（002059）、西域旅游（300859） |,,| ①  | **养鸡概念**                  | 晓鸣股份（300967）、京基智农（000048，3连板）                            | 湘佳股份（002982）、民和股份（002234）、华英农业（002321）                                        |,,,| ①  | **低空经济**            | 宗申动力（001696）、中信海直（000099）                           | 万丰奥威（002085）、创远信科（831961）、索辰科技（688507）                                        |
| 三安光电 | 600703 |,,,| 宁波海运 | 600798 |,,,,| ---- | ------ |,,,| ②  | **AI应用**  | 天地在线（002995）、真视通（002771）               | 世纪恒通（301428）、慧辰股份（688500）、视觉中国（000681）、星环科技（688031）、华凯易佰（300592）、超图软件（300036）、蓝色光标（300058）            |,,| ②  | **算力租赁**              | 美利云（000815）、拓维信息（002261）、中贝通信（603220）     | 数据港（603881）、云赛智联（600602）、二六三（002467）、铜牛信息（300895）、首都在线（300846）                |,,| ②  | **半导体材料（靶材/光刻胶/电子特气/硅片）** | 兴福电子（688545，20CM）、康强电子（002119）、昊华科技（600378）、和远气体（002971） | 江丰电子（300666）、神工股份（688233）、隆华科技（300263）、欧莱新材（688530）                           |,,,| ②  | **航空航天（SpaceX催化）**  | 晨曦航空（300581）、航天发展（000547）、中航西飞（000768）、航发科技（600391） | 航空航天ETF天弘成分股整体走强                                                              |
| 恒太照明 | 873339 |,,,| 中远海控 | 601919 |,,,,| 中百集团 | 000759 |,,,| ③  | **文化传媒**  | 天地在线（002995）、天娱数科（002354）              | 视觉中国（000681）、佳云科技（300242）、世纪天鸿（300654）                                                                |,,| ③  | **先进封装**              | 气派科技（688216）、康强电子（002119）                 | 劲拓股份（300400）、华海诚科（688535）、鸿仕达（873693）、德邦科技（688035）、伟测科技（688372）               |,,| ③  | **光纤通信**                  | 烽火通信（600498）、泰和新材（002254，5天4板）                           | 通光线缆（300265）、永鼎股份（600105）、石英股份（603688）、金信诺（300252）                            |,,,| ③  | **军工装备**            | 中航西飞（000768）                                        | 超卓航科（688237）、中航高科（600862）、航发科技（600391）、海特高新（002023）                           |
| 京东方A | 000725 |,,,| 安通控股 | 600179 |,,,,| 中央商场 | 600280 |,,,| ④  | **光刻机**   | 同宇新材（301630）、西陇科学（002584）              | 富创精密（688409）、世名科技（300522）、容大感光（300576）、东材科技（601208）                                                   |,,| ④  | **半导体**               | 海光信息（688041）                              | 中晶科技（003026）、气派科技（688216）、富满微（300671）、康强电子（002119）、杰华特（688141）                |,,| ④  | **稀有金属（ETF催化）**           | 章源钨业（002378）、金钼股份（601958）、东方钽业（000962）                   | 中钨高新（000657）、厦门钨业（600549）                                                     |,,,| ④  | **有色·钼概念**          | 金钼股份（601958）、盛龙股份（603969，2连板）、安泰科技（000969）          | 洛阳钼业（603993）、永杉锂业（603399）                                                     |
| 民爆光电 | 301362 |,,,| 国航远洋 | 833171 |,,,,| 百大集团 | 600865 |,,,| ⑤  | **电子化学品** | 西陇科学（002584）、宏昌电子（603002）              | 容大感光（300576）、中巨芯（688549）、飞凯材料（300398）                                                                 |,,| ⑤  | **物理AI（Physical AI）** | 天娱数科（002354）4连板                           | 能科科技（603859）、凡拓数创（301313）、索辰科技（688507）                                        |,,| ⑤  | **钨概念**                   | 翔鹭钨业（002842）                                             | 中钨高新（000657）、厦门钨业（600549）、章源钨业（002378）                                        |,,,| ⑤  | **稀土永磁**            | 安泰科技（000969）                                        | 杭华股份（688571）、中钢天源（002057）、金田股份（601609）、中航泰达（836263）、大地熊（688077）、争光股份（301092）  |
| 华灿光电 | 300323 |,,,| 大悦城  | 000031 |,,,,| 东百集团 | 600693 |,,,| ⑥  | **MLCC**  | 双星新材（002585）                           | 博迁新材（605376）、利和兴（301013）、昀冢科技（688260）、风华高科（000636）、宏明电子（待上市代码确认）                                      |,,| ⑥  | **AI智能体（Agent）**      | 南兴股份（002757）、南威软件（603636）                 | 宇信科技（300674）、天娱数科（002354）、思特奇（300608）、返利科技（600228）                            |,,| ⑥  | **港股油气设备**                | 山东墨龙（00568.HK）                                           | 达力普控股（01921.HK）、中石化油服（01033.HK）                                               |,,,| ⑥  | **工业金属（铜铝钼）**       | 海亮股份（002203）、金钼股份（601958）、盛龙股份（603969）              | 有色金属ETF成分股整体上涨                                                                |
| 纬达光电 | 873001 |,,,| 阳光股份 | 000608 |,,,,| 中国中免 | 601888 |,,,| ⑦  | **PCB**   | 金安国纪（002636）、圣泉集团（605589）、康达新材（002669） | 银禧科技（300221）、同宇新材（301630）、瑞华泰（688323）、东材科技（601208）、美联新材（300586）、世名科技（300522）、国际复材（301526）、雅葆轩（870357） |,,| ⑦  | **PCB（覆铜板/电子树脂）**     | 金安国纪（002636）3连板、圣泉集团（605589）2连板           | 山东玻纤（605006）、宏昌电子（603002）、华正新材（603186）                                        |,,| ⑦  | **钨涨价概念**                 | 翔鹭钨业（002842）                                             | 中钨高新（000657）、章源钨业（002378）、厦门钨业（600549）                                        |,,,| ⑦  | **影视院线**            | 博纳影业（001330）                                        | 华智数媒（301262）、上海电影（601595）、光线传媒（300251）、北京文化（000802）                           |
| 得邦照明 | 603303 |,,,| 特发服务 | 300917 |,,,,| 国芳集团 | 601086 |,,,| ⑧  | **机器人**   | 埃斯顿（002747）、晋拓股份（603211）               | 景业智能（688290）、腾亚精工（301125）、丰光精密（430510）、豪恩汽电（301488）、中科三环（000970）、秦川机床（000837）、征和工业（003033）            |,,| ⑧  | **电子特气**              | 和远气体（002971）5天3板                          | 中船特气（688146）、昊华科技（600378）、凯美特气（002549）、广钢气体（688548）                           |,,| ⑧  | **电子特气**                  | 和远气体（002971）、昊华科技（600378）                                | 中船特气（688146）、杭氧股份（002430）、雅克科技（002409）、华谊集团（600623）                           |,,,| ⑧  | **电网设备**            | 华明装备（002270）、泰永长征（002927）                           | 科林电气（603050）、中熔电气（301031）、三星电气（601567）、安靠智电（300617）                           |
,,,| 金融街  | 000402 |,,,,,,,| ⑨  | **工业气体**  | 和远气体（002971）                           | 华特气体（688268）、硅烷科技（838402）、昊华科技（600378）、金宏气体（688106）、蜀道装备（300540）、正帆科技（688596）                         |,,| ⑨  | **影视院线**              | 中视传媒（600088）                              | 博纳影业（001330）、慈文传媒（002343）、横店影视（603103）、捷成股份（300182）、百纳千成（300291）              |,,| ⑨  | **化工（硫磺/磷化工）**            | 兴发集团（600141）、澄星股份（600078）、六国化工（600470）                   | 粤桂股份（000833）、川金诺（300505）、迪尔化工（831304）、赤天化（600227）、云天化（600096）                 |,,,| ⑨  | **数据中心电力设备（固态断路器）** | 泰永长征（002927）                                        | （带动高压直流配电产业链关注）                                                               |
---,,,| 万科A  | 000002 |,,,,---,,,| ⑩  | **电子布涨价** | ——                                     | 中国巨石（600176）、菲利华（300395）、中材科技（002080）、国际复材（301526）                                                    |,,| ⑩  | **食品饮料**              | 元祖股份（603886）                              | 金字火腿（002515）、惠泉啤酒（600573）、百润股份（002568）、欧福蛋业（839371）、迎驾贡酒（603198）、安井食品（603345） |,,| ⑩  | **电力**                    | 广安爱众（600979）                                             | 豫能控股（001896）、大唐发电（601991）、粤电力A（000539）、西昌电力（600505）、宁波能源（600982）              |,,,| ⑩  | **先进封装**            | 蓝箭电子（301348）                                        | 联瑞新材（688300）、光力科技（300480）、正业科技（300410）、太极实业（600667）、华正新材（603186）、大港股份（002077） |
,,,| 招商蛇口 | 001979 |,,,,,,,| ?  | **光纤通信**  | 长江通信（600345）                           | 唯科科技（301196）、泰和新材（002254）、长芯博创（688630）、飞凯材料（300398）、亨通光电（600487）、长飞光纤（601869）                         |,,| ?  | **低空经济**              | 宗申动力（001696）3连板、邦德股份（838171）、上工申贝（600843） | 金盾股份（300411）、万丰奥威（002085）、苏交科（300284）                                         |,,| ?  | **光刻机**                   | 炬光科技（688167，20CM）                                        | 中船特气（688146）、先锋精科（688605）、富创精密（688409）、美埃科技（688376）、凯美特气（002549）、华特气体（688268） |,,,
# 电力,,,| 中百集团 | 000759 |,,,,## 2. 非金属材料,,,| ?  | **公交运输**  | 大众交通（600611）                           | 锦江在线（600650）、申通地铁（600834）、富临运业（002357）、海汽集团（603069）、江西长运（600561）                                      |,,| ?  | **化学原料**              | 三孚股份（603938）                              | 金牛化工（600722）、金煤科技（002597）、恒光股份（301118）、红星发展（600367）、氯碱化工（600618）              |,,,,,---
,,,| 步步高  | 002251 |,,,,,,,| ?  | **半导体设备** | 亚翔集成（603929）                           | 圣晖集成（603163）、富创精密（688409）、华康洁净（301235）、柏诚股份（601133）、中微公司（688012）、美埃科技（688376）                         |,,,,---,,,
| 公司   | 股票代码   |,,,| 茂业商业 | 600828 |,,,,| 公司   | 代码     |,,,| ?  | **存储芯片**  | 圣泉集团（605589）                           | 盈方微（000670）、东芯股份（688110）、商络电子（300975）、华特气体（688268）、博敏电子（603936）                                       |,,---,,,,,# 今日热点强度分析（按资金热度排序）
| ---- | ------ |,,,| 百大集团 | 600865 |,,,,| ---- | ------ |,,,| ?  | **模拟芯片**  | 杰华特（688141）                            | 晶丰明源（688368）、芯朋微（688508）、赛微微电（688325）、纳芯微（688052）、南芯科技（688484）                                        |,,,,# 今日热点强度分析（按资金热度排序）,,,
| 豫能控股 | 001896 |,,,| 东百集团 | 600693 |,,,,| 天马新材 | 838971 |,,,| ?  | **半导体**   | 杰华特（688141）                            | 晶丰明源（688368）、富创精密（688409）、宏微科技（688711）、星宸科技（301536）、沪硅产业（688126）、东芯股份（688110）                         |,,# 今日热点强度分析（按资金关注度排序）,,,,,## ????? 第一主线：军工航空航天 + 低空经济（最强）
| 广西能源 | 600310 |,,,| 国芳集团 | 601086 |,,,,| 粤桂股份 | 000833 |,,,,,,,## ????? 第一主线：半导体材料国产替代（最强）,,,
| 百通能源 | 001376 |,,,| 中国中免 | 601888 |,,,,| 坤彩科技 | 603826 |,,,---,,## ????? 第一主线：AI产业链（最强）,,,,,今天最大的变化，是**军工航空航天全面爆发**。
| 新中港  | 605162 |,,,| 武汉凡谷 | 002194 |,,,,| 宁新新材 | 839719 |,,,,,,,今天资金全面回流半导体上游材料，形成完整产业链共振：,,,
| 京能电力 | 600578 |,,,| 盛路通信 | 002446 |,,,,| 石英股份 | 603688 |,,,## 今日热点强度分析（按资金热度排序）,,今天AI方向出现了多个分支同步走强：,,,,,资金攻击路线：
| 西昌电力 | 600505 |,,,| 中兴通讯 | 000063 |,,,,| 联瑞新材 | 688300 |,,,,,,,```text,,,
,,,| 创远信科 | 831961 |,,,,,,,### ????? 第一主线：半导体国产替代（最强）,,```,,半导体材料,,,```text
---,,,| 天娱数科 | 002354 |,,,,---,,,,,AI算力,,      │,,,SpaceX催化
,,,| 凡拓数创 | 301313 |,,,,,,,涉及：,,    │,, ├──靶材,,,      │
# 存储芯片,,,| 索辰科技 | 688507 |,,,,## 3. 减速器,,,,,算力租赁,, ├──光刻胶,,,航空航天
,,,| 能科科技 | 603859 |,,,,,,,* 光刻机,,    │,, ├──电子特气,,,      │
| 公司   | 股票代码   |,,,| 汉鑫科技 | 837092 |,,,,| 公司   | 代码     |,,,* 电子化学品,,AI智能体（Agent）,, ├──硅片,,,军工装备
| ---- | ------ |,,,| 云从科技 | 688327 |,,,,| ---- | ------ |,,,* PCB,,    │,, └──光刻机设备,,,      │
| 大为股份 | 002213 |,,,| 奥比中光 | 688322 |,,,,| 丰光精密 | 430510 |,,,* 半导体设备,,物理AI,,```,,,低空经济
| 江化微  | 603078 |,,,| 神剑股份 | 002361 |,,,,| 宁波东力 | 002164 |,,,* 存储芯片,,```,,,,,```
| 云汉芯城 | 301401 |,,,| 中超控股 | 002471 |,,,,| 吉冈精密 | 836720 |,,,* 模拟芯片,,,,核心个股：,,,
| 太极实业 | 600667 |,,,| 星图测控 | 920116 |,,,,| 万通液压 | 830839 |,,,* 半导体,,涉及个股：,,,,,核心个股：
| 概伦电子 | 688206 |,,,| 信科移动 | 688387 |,,,,| 德恩精工 | 300780 |,,,,,,,* 兴福电子（20CM）,,,
| 雅创电子 | 301099 |,,,| 电科蓝天 | 301595 |,,,,| 鼎智科技 | 873593 |,,,出现次数超过**7次**，且板块之间高度联动：,,* 美利云,,* 康强电子,,,* 宗申动力
,,,| 维信诺  | 002387 |,,,,| 斯菱智驱 | 301550 |,,,,,* 拓维信息,,* 昊华科技,,,* 中信海直
---,,,| 沃格光电 | 603773 |,,,,| 精进电动 | 688280 |,,,```,,* 中贝通信,,* 和远气体,,,* 中航西飞
,,,| 戈碧迦  | 835438 |,,,,| 金道科技 | 301279 |,,,光刻机,,* 天娱数科,,* 炬光科技（20CM）,,,* 航发科技
# 超级电容,,,| 联创电子 | 002036 |,,,,,,,      │,,* 南兴股份,,* 江丰电子,,,* 晨曦航空
,,,| 冠捷科技 | 000727 |,,,,---,,,电子化学品,,* 南威软件,,* 富创精密,,,* 航天发展
| 公司   | 股票代码   |,,,| 纬达光电 | 873001 |,,,,,,,      │,,* 宇信科技,,* 中船特气,,,* 海特高新
| ---- | ------ |,,,| 联得装备 | 300545 |,,,,## 4. 机器人,,,PCB材料,,* 思特奇,,,,,
| 江海股份 | 002484 |,,,| 隆利科技 | 300752 |,,,,,,,      │,,* 首都在线,,相比昨天的：,,,低空经济与军工航空形成高度共振。
| 华锋股份 | 002806 |,,,| 中青宝  | 300052 |,,,,| 公司   | 代码     |,,,半导体设备,,* 数据港,,,,,
| 祥和实业 | 603500 |,,,| 凯撒文化 | 002425 |,,,,| ---- | ------ |,,,      │,,,,> PCB → 先进封装 → 电子特气,,,其中：
| 龙辰科技 | 833580 |,,,| 冰川网络 | 300533 |,,,,| 宁波东力 | 002164 |,,,模拟IC,,其中：,,,,,
| 艾华集团 | 603989 |,,,| 姚记科技 | 002605 |,,,,| 丰光精密 | 430510 |,,,      │,,,,今天进一步升级到了：,,,* **宗申动力**继续保持高人气。
| 元力股份 | 300174 |,,,| 三七互娱 | 002555 |,,,,| 斯菱智驱 | 301550 |,,,存储芯片,,* **天娱数科**已经4连板，同时具备**AI+传媒+物理AI+智能体**多重属性。,,,,,* **中航西飞、航发科技**涨停提升整个军工板块情绪。
| 新宙邦  | 300037 |,,,| 凯盛科技 | 600552 |,,,,| 贝斯特  | 300580 |,,,      │,,* **拓维信息**作为算力核心龙头涨停，对整个AI方向带动明显。,,> **半导体材料+光刻机+靶材+特气+硅片**,,,
,,,| 三峡新材 | 600293 |,,,,| 秦川机床 | 000837 |,,,国产半导体,,,,,,,这是今日最强主线。
---,,,| 五方光电 | 002962 |,,,,| 鼎智科技 | 873593 |,,,```,,**AI已经重新成为今日最强主线。**,,产业链更加完整，是今日资金最集中的方向。,,,
,,,| 彩虹股份 | 600707 |,,,,| 三协电机 | 873833 |,,,,,,,,,,---
# 元件,,,| 大有能源 | 600403 |,,,,,,,核心龙头：,,---,,---,,,
,,,| 安泰集团 | 600408 |,,,,---,,,,,,,,,,## ???? 第二主线：战略金属（钼+稀土）
| 公司   | 股票代码   |,,,| 广汇能源 | 600256 |,,,,,,,* 同宇新材,,## ???? 第二主线：半导体国产替代,,## ???? 第二主线：战略金属（钨）,,,
| ---- | ------ |,,,| 宝泰隆  | 601011 |,,,,## 5. 光纤通信,,,* 富创精密,,,,,,,继昨天钨之后，今天资金继续攻击战略金属。
| 世运电路 | 603920 |,,,| 平煤股份 | 601666 |,,,,,,,* 西陇科学,,今天半导体继续活跃，不过资金开始向上游材料集中：,,今天最大的新增热点就是：,,,
| 东山精密 | 002384 |,,,| 烽火通信 | 600498 |,,,,| 公司   | 代码     |,,,* 杰华特,,,,,,,资金路线：
| 江海股份 | 002484 |,,,| 三孚股份 | 603938 |,,,,| ---- | ------ |,,,* 圣泉集团,,```,,> **钨价格大涨 + 全球战略金属价值重估**,,,
| 胜宏科技 | 300476 |,,,| 特发信息 | 000070 |,,,,| 中天科技 | 600522 |,,,* 亚翔集成,,半导体,,,,,```text
| 风华高科 | 000636 |,,,| 吴通控股 | 300292 |,,,,| 泰和新材 | 002254 |,,,,,     │,,消息刺激：,,,资源重估
,,,| 远东股份 | 600869 |,,,,| 恒光股份 | 301118 |,,,这是今天资金攻击的绝对主线。,,先进封装,,,,,      │
---,,,| 永鼎股份 | 600105 |,,,,| 石英股份 | 603688 |,,,,,     │,,* 钨精矿采购价上涨25%以上,,,钨
,,,| 长飞光纤 | 601869 |,,,,| 亨通光电 | 600487 |,,,---,,PCB,,* 全球去全球化趋势强化资源价值,,,      │
# MLCC,,,| 百合花  | 603823 |,,,,,,,,,     │,,,,,钼
,,,| 江化微  | 603078 |,,,,---,,,### ???? 第二主线：AI应用+传媒,,覆铜板,,资金攻击路线：,,,      │
| 公司   | 股票代码   |,,,| 莱伯泰科 | 688056 |,,,,,,,,,     │,,,,,稀土永磁
| ---- | ------ |,,,| 南大光电 | 300346 |,,,,## 6. 商业航天,,,AI应用：,,电子树脂,,```text,,,      │
| 双星新材 | 002585 |,,,| 胜科纳米 | 688757 |,,,,,,,,,     │,,钨涨价,,,工业金属
| 宏达电子 | 300726 |,,,| 安达智能 | 688125 |,,,,| 公司   | 代码     |,,,* 天地在线,,电子特气,,    │,,,```
| 利和兴  | 301013 |,,,| 高盟新材 | 300200 |,,,,| ---- | ------ |,,,* 真视通,,```,,稀有金属ETF,,,
| 宏明电子 | 301539 |,,,| 阿拉丁  | 688179 |,,,,| 创远信科 | 831961 |,,,* 视觉中国,,,,    │,,,代表个股：
| 昀冢科技 | 688260 |,,,,,,,| 神剑股份 | 002361 |,,,* 蓝色光标,,代表股：,,钨矿资源,,,
| 洁美科技 | 002859 |,,,---,,,,| 能科科技 | 603859 |,,,* 星环科技,,,,```,,,* 金钼股份
,,,,,,,| 七丰精工 | 873169 |,,,,,* 气派科技,,,,,* 盛龙股份
---,,,# 当前市场题材热度（按资金关注度排序）,,,,| 中天火箭 | 003009 |,,,传媒：,,* 康强电子,,核心个股：,,,* 安泰科技
,,,,,,,| 华体科技 | 603679 |,,,,,* 海光信息,,,,,* 洛阳钼业
# 工业气体,,,## 第一梯队（★★★★★）,,,,,,,* 天娱数科,,* 金安国纪,,* 翔鹭钨业,,,* 海亮股份
,,,,,,,---,,,* 世纪天鸿,,* 圣泉集团,,* 章源钨业,,,* 中钢天源
| 公司   | 股票代码   |,,,### ① AI算力硬件（最强主线）,,,,,,,* 佳云科技,,* 和远气体,,* 中钨高新,,,* 大地熊
| ---- | ------ |,,,,,,,## 7. 元件（PCB/电子元件）,,,,,* 中船特气,,* 厦门钨业,,,
| 中船特气 | 688146 |,,,细分方向：,,,,,,,说明资金开始从AI算力向**AI Agent、AI营销、AI内容生成**扩散。,,,,* 金钼股份,,,说明：
| 华特气体 | 688268 |,,,,,,,| 公司   | 代码     |,,,,,相比昨天：,,* 东方钽业,,,
| 和远气体 | 002971 |,,,* 光通信,,,,| ---- | ------ |,,,其中：,,,,,,,> **战略资源涨价逻辑仍在持续发酵。**
| 三孚股份 | 603938 |,,,* 光纤,,,,| 华正新材 | 603186 |,,,,,* 光刻机热度下降,,这是今天新增最强的周期资源方向。,,,
| 广钢气体 | 688548 |,,,* 光学光电子,,,,| 金安国纪 | 002636 |,,,> 天地在线同时属于AI+传媒双概念，是今天辨识度最高个股之一。,,* PCB、先进封装、电子材料继续加强,,,,,---
| 凯美特气 | 002549 |,,,* 玻璃基板,,,,| 麦捷科技 | 300319 |,,,,,,,---,,,
,,,* CPO,,,,| 格利尔  | 831641 |,,,---,,说明资金仍然围绕国产替代展开。,,,,,## ???? 第三主线：先进封装
---,,,* 6G,,,,| 宝鼎科技 | 002552 |,,,,,,,## ???? 第三主线：电子特气,,,
,,,,,,,| 鹏鼎控股 | 002938 |,,,### ??? 第三主线：电子布涨价,,---,,,,,半导体方向没有退潮，而是聚焦：
# PCB,,,代表个股：,,,,| 顺络电子 | 002138 |,,,,,,,电子特气已经连续多天强化：,,,
,,,,,,,,,,新闻明确指出：,,## ???? 第三主线：PCB产业链,,,,,* 先进封装
| 公司   | 股票代码   |,,,* 沃格光电（603773）,,,,---,,,,,,,* 和远气体（一字涨停）,,,* 封测材料
| ---- | ------ |,,,* 烽火通信（600498）,,,,,,,> 电子布今年5轮涨价，同比翻倍。,,今天PCB再次强化：,,* 昊华科技（一字涨停）,,,* 高端基板
| 世运电路 | 603920 |,,,* 武汉凡谷（002194）,,,,## 8. 养鸡,,,,,,,* 中船特气,,,
| 矩子科技 | 300802 |,,,* 三孚股份（603938）,,,,,,,受益方向：,,* 金安国纪（三连板）,,* 杭氧股份,,,代表：
| 新锐股份 | 688257 |,,,* 长飞光纤（601869）,,,,| 公司   | 代码     |,,,,,* 圣泉集团（二连板）,,* 雅克科技,,,
| 亨通股份 | 600226 |,,,* 中兴通讯（000063）,,,,| ---- | ------ |,,,* 中国巨石,,* 山东玻纤,,,,,* 蓝箭电子
| 东威科技 | 688700 |,,,,,,,| 湘佳股份 | 002982 |,,,* 国际复材,,* 华正新材,,与半导体材料形成联动：,,,* 联瑞新材
| 东山精密 | 002384 |,,,**特点：**,,,,| 晓鸣股份 | 300967 |,,,* 中材科技,,* 宏昌电子,,,,,* 华正新材
,,,,,,,| 民和股份 | 002234 |,,,* 菲利华,,,,```text,,,* 大港股份
---,,,* AI算力升级带动高速互联需求。,,,,| 益生股份 | 002458 |,,,,,而昨天的：,,电子特气,,,* 光力科技
,,,* 光模块、光纤、玻璃基板等方向形成产业链共振，是当前市场最强主线。,,,,| 立华股份 | 300761 |,,,同时带动：,,,,      │,,,
# 燃气轮机,,,,,,,| 仙坛股份 | 002746 |,,,,,* 电子布,,光刻机,,,属于AI芯片产业链的重要方向。
,,,---,,,,| 京基智农 | 000048 |,,,* PCB,,* PCB,,      │,,,
| 公司   | 股票代码   |,,,,,,,,,,* 覆铜板(CCL),,* 光刻机材料,,半导体材料,,,---
| ---- | ------ |,,,## 第二梯队（★★★★☆）,,,,---,,,* 高端电子材料,,* 电子化学品,,      │,,,
| 中国动力 | 600482 |,,,,,,,,,,,,,,先进制程,,,## ??? 第四主线：电网设备
| 杰瑞股份 | 002353 |,,,### ② AI应用（物理AI + 游戏）,,,,## 9. 煤炭,,,这是今天材料端的新催化。,,今天继续扩散到：,,```,,,
| 万泽股份 | 000534 |,,,,,,,,,,,,,,,,,今天数据中心高压直流设备催化：
| 联德股份 | 605060 |,,,代表个股：,,,,| 公司   | 代码     |,,,---,,* 覆铜板,,属于国产替代的重要分支。,,,
| 应流股份 | 603308 |,,,,,,,| ---- | ------ |,,,,,* 电子树脂,,,,,* 泰永长征
,,,* 天娱数科（002354）,,,,| 大有能源 | 600403 |,,,### ??? 第四主线：机器人,,,,---,,,* 华明装备
---,,,* 云从科技（688327）,,,,| 郑州煤电 | 600121 |,,,,,说明资金仍在挖掘AI服务器硬件产业链。,,,,,* 科林电气
,,,* 奥比中光（688322）,,,,| 平煤股份 | 601666 |,,,机器人反复活跃：,,,,## ??? 第四主线：光纤通信,,,* 中熔电气
# 中船系,,,* 中青宝（300052）,,,,| 山西焦煤 | 000983 |,,,,,---,,,,,
,,,* 凯撒文化（002425）,,,,| 宝泰隆  | 601011 |,,,* 埃斯顿,,,,受AI算力基础设施需求刺激：,,,消息刺激：
| 公司   | 股票代码   |,,,* 三七互娱（002555）,,,,| 兖矿能源 | 600188 |,,,* 晋拓股份,,## ??? 第四主线：低空经济,,,,,
| ---- | ------ |,,,,,,,,,,* 景业智能,,,,* 烽火通信,,,> 国产DC800V固态断路器实现规模化商用。
| 中船特气 | 688146 |,,,逻辑：,,,,---,,,* 秦川机床,,资金再次回流：,,* 泰和新材,,,
| 中国动力 | 600482 |,,,,,,,,,,,,,,* 通光线缆,,,未来受益方向：
| 久之洋  | 300516 |,,,* AI Agent、数字人、AI游戏、AI内容生成持续受到资金关注。,,,,## 10. 创新药,,,偏趋势行情，更多属于AI产业链延伸。,,* 宗申动力（三连板）,,* 永鼎股份,,,
| 中船汉光 | 300847 |,,,* AI应用开始承接AI硬件外溢资金。,,,,,,,,,* 上工申贝,,* 金信诺,,,* 数据中心
| 中国船舶 | 600150 |,,,,,,,| 公司   | 代码     |,,,---,,* 邦德股份,,,,,* AI算力中心
,,,---,,,,| ---- | ------ |,,,,,* 万丰奥威,,属于：,,,* 新型电网
---,,,,,,,| 百花医药 | 600721 |,,,### ?? 电力,,* 苏交科,,,,,
,,,## 第三梯队（★★★★☆）,,,,| 津药药业 | 600488 |,,,,,,,> AI算力基础设施（光通信）方向。,,,属于AI基础设施的新分支。
# 高性能碳纤维,,,,,,,| 赛伦生物 | 688163 |,,,电力属于防御板块：,,属于政策催化下的人气板块，但整体强度略弱于AI和半导体。,,,,,
,,,### ③ 半导体材料（光刻胶）,,,,| 鲁抗医药 | 600789 |,,,,,,,虽然强度不如半导体，但连续活跃值得关注。,,,---
| 公司   | 股票代码   |,,,,,,,| 莱美药业 | 300006 |,,,* 深南电A,,---,,,,,
| ---- | ------ |,,,代表个股：,,,,| 三元基因 | 837344 |,,,* 大连热电,,,,---,,,## ??? 第五主线：影视传媒
| 上海石化 | 600688 |,,,,,,,,,,* 上海电力,,## ??? 第五主线：旅游酒店,,,,,
| 中复神鹰 | 688295 |,,,* 百合花（603823）,,,,---,,,,,,,## ??? 第五主线：化工涨价,,,影视板块异动：
| 光威复材 | 300699 |,,,* 江化微（603078）,,,,,,,主要因为：,,文旅方向异动：,,,,,
| 中简科技 | 300777 |,,,* 南大光电（300346）,,,,## 11. 电力,,,,,,,今天硫磺、磷化工方向走强：,,,* 博纳影业
| 吉林碳谷 | 836077 |,,,* 胜科纳米（688757）,,,,,,,* 夏季用电高峰,,* 天府文旅,,,,,* 上海电影
| 恒神股份 | 832397 |,,,,,,,| 公司   | 代码     |,,,* 电煤价格稳定,,* 黄山旅游,,* 兴发集团,,,* 光线传媒
,,,逻辑：,,,,| ---- | ------ |,,,* 红利资产轮动,,* 众信旅游,,* 澄星股份,,,* 北京文化
---,,,,,,,| 西昌电力 | 600505 |,,,,,* 云南旅游,,* 六国化工,,,
,,,* 国产替代、自主可控预期持续强化。,,,,| 京能电力 | 600578 |,,,持续性一般。,,* 西域旅游,,* 云天化,,,偏消费娱乐方向，对指数贡献有限。
# CPO（光模块）,,,* 与先进制程和国产芯片产业链形成联动。,,,,| 豫能控股 | 001896 |,,,,,,,,,,
,,,,,,,| 长源电力 | 000966 |,,,---,,更偏向消费复苏和暑期预期，持续性需要观察。,,属于：,,,---
| 公司   | 股票代码   |,,,---,,,,| 华电辽能 | 600396 |,,,,,,,,,,
| ---- | ------ |,,,,,,,,,,## 从游资角度看，今日资金攻击路线,,---,,资源品涨价逻辑。,,,# 今日资金攻击路线
| 东山精密 | 002384 |,,,## 第四梯队（★★★☆☆）,,,,---,,,,,,,,,,
| 天洋新材 | 603330 |,,,,,,,,,,```,,## ?? 影视传媒,,与钨、有色形成周期板块共振。,,,```text
| 三安光电 | 600703 |,,,### ④ 商业航天 + 6G,,,,# 二、题材强度分析,,,半导体国产替代,,,,,,,军工航空航天★★★★★
| 环旭电子 | 601231 |,,,,,,,,,,        │,,传媒继续受AI催化：,,---,,,        │
| 易天股份 | 300812 |,,,代表个股：,,,,按照今天盘面表现和资金活跃度排序：,,,        ├──光刻机,,,,,,,        ├──SpaceX催化
| 太辰光  | 300570 |,,,,,,,,,,        ├──电子化学品,,* 中视传媒,,## ?? 电力,,,        ├──航空航天
| 剑桥科技 | 603083 |,,,* 神剑股份（002361）,,,,## 第一梯队（★★★★★）,,,        ├──PCB,,* 博纳影业,,,,,        ├──军工装备
,,,* 盛路通信（002446）,,,,,,,        ├──电子布,,* 慈文传媒,,资金继续博弈夏季用电：,,,        └──低空经济
---,,,* 信科移动（688387）,,,,### 机器人 + 减速器,,,        ├──半导体设备,,* 百纳千成,,,,,
,,,* 星图测控（920116）,,,,,,,        ├──存储芯片,,,,* 广安爱众,,,
# 液冷服务器,,,,,,,核心股：,,,        └──模拟芯片,,属于AI内容生成、数字文娱方向的补涨。,,* 大唐发电,,,战略金属★★★★☆
,,,逻辑：,,,,,,,             ↑,,,,* 豫能控股,,,        │
| 公司   | 股票代码   |,,,,,,,* 丰光精密（30cm涨停）,,,       今日最强主线★★★★★,,---,,* 粤电力A,,,        ├──钨
| ---- | ------ |,,,* 卫星互联网、低轨卫星通信、6G融合发展，属于AI通信基础设施延伸方向。,,,,* 宁波东力（涨停）,,,,,,,,,,        ├──钼
| 淳中科技 | 603516 |,,,,,,,* 鼎智科技,,,,,## ?? 食品饮料,,属于防御方向，持续性偏一般。,,,        ├──铜
| 大元泵业 | 603757 |,,,---,,,,* 斯菱智驱,,,AI应用,,,,,,,        └──稀土永磁
| 欧陆通  | 300870 |,,,,,,,* 贝斯特,,,      │,,属于防御消费：,,---,,,
| 飞龙股份 | 002536 |,,,## 第五梯队（★★★☆☆）,,,,,,,      ├──传媒,,,,,,,
| 强瑞技术 | 301128 |,,,,,,,特点：,,,      ├──营销,,* 元祖股份,,## ?? 养鸡概念,,,先进封装★★★★
,,,### ⑤ 地产 + 零售消费,,,,,,,      └──视觉AI,,* 百润股份,,,,,
---,,,,,,,* 减速器是人形机器人最核心零部件之一。,,,        ★★★★,,* 迎驾贡酒,,主要受猪鸡周期价格预期刺激：,,,
,,,地产：,,,,* 丰光精密30cm涨停带动整个北交所机器人链。,,,,,* 安井食品,,,,,电网设备★★★★
# 机器人,,,,,,,* 机器人属于近期反复活跃的趋势主线。,,,,,,,* 京基智农（三连板）,,,      │
,,,* 大悦城,,,,,,,机器人,,更多体现资金高低切换，对市场情绪带动有限。,,* 晓鸣股份,,,      └──数据中心DC800V
| 公司   | 股票代码   |,,,* 阳光股份,,,,资金强度：★★★★★,,,    ★★★,,,,* 湘佳股份,,,
| ---- | ------ |,,,* 万科A,,,,,,,,,---,,* 民和股份,,,
| 模塑科技 | 000700 |,,,* 招商蛇口,,,,---,,,,,,,,,,影视传媒★★☆
| 世运电路 | 603920 |,,,,,,,,,,电力,,# 今日资金攻击路线,,属于农业方向轮动，持续性仍需观察。,,,```
| 南山智尚 | 300918 |,,,零售：,,,,### 光通信（光纤）,,,    ★★,,,,,,,
| 双林股份 | 300100 |,,,,,,,,,,```,,```text,,---,,,# 与昨天相比的变化
| 绿的谐波 | 688017 |,,,* 中百集团,,,,核心股：,,,,,AI产业链★★★★★,,,,,
| 北特科技 | 603009 |,,,* 步步高,,,,,,,### 如果按短线情绪来看，今天市场最值得关注的核心题材排序是：,,      │,,# 今日资金攻击路线,,,### 持续强化：
| 巨轮智能 | 002031 |,,,* 国芳集团,,,,* 中天科技,,,,,      ├──算力租赁,,,,,
,,,* 中国中免,,,,* 亨通光电,,,1. **半导体国产替代（光刻机+设备+材料+芯片）★★★★★**,,      ├──AI智能体,,```text,,,* **战略金属**从昨天的**钨**扩散到今天的**钼、铜、稀土永磁**，资源股行情继续深化。
---,,,,,,,* 泰和新材,,,2. **AI应用端（Agent+传媒+营销）★★★★☆**,,      ├──物理AI,,半导体国产替代★★★★★,,,* **先进封装**继续活跃，说明半导体产业链热度仍在。
,,,逻辑：,,,,,,,3. **电子布涨价（PCB材料链）★★★★**,,      └──数据中心,,        │,,,
# 科创50相关强势股,,,,,,,特点：,,,4. **机器人★★★★**,,,,        ├──半导体材料,,,### 明显升温：
,,,* 政策刺激预期驱动，更多属于低位修复行情。,,,,,,,5. **电力★★☆**,,,,        ├──靶材,,,
| 公司   | 股票代码   |,,,,,,,* 中天科技创历史新高。,,,,,半导体国产替代★★★★☆,,        ├──光刻胶,,,* **军工航空航天**受SpaceX事件催化全面爆发。
| ---- | ------ |,,,---,,,,* 属于AI算力基础设施延伸。,,,其中，**半导体材料（光刻胶、电子化学品、PCB、电子布）与设备方向形成了最完整的产业链共振，是今天最强的热点题材。**,,      │,,        ├──电子特气,,,* **低空经济**再次成为市场资金聚焦方向。
| 大全能源 | 688303 |,,,,,,,* 与CPO、光模块、铜缆形成同一产业链。,,,,,      ├──先进封装,,        ├──硅片,,,* **电网设备+数据中心配电**成为AI基础设施新热点。
| 盛美上海 | 688082 |,,,## 第六梯队（★★☆☆☆）,,,,,,,,,      ├──PCB,,        └──光刻机,,,
| 佰维存储 | 688525 |,,,,,,,资金强度：★★★★★,,,,,      ├──覆铜板,,,,,### 明显降温：
| 澜起科技 | 688008 |,,,### ⑥ 航运,,,,,,,,,      ├──电子树脂,,,,,
,,,,,,,---,,,,,      └──电子特气,,战略金属★★★★★,,,* 光刻机
---,,,代表：,,,,,,,,,,,      │,,,* 半导体材料
,,,,,,,## 第二梯队（★★★★☆）,,,,,,,      ├──钨涨价,,,* 电子特气
# 今日题材强度排序,,,* 凤凰航运,,,,,,,,,低空经济★★★☆,,      ├──稀有金属ETF,,,* 光通信
,,,* 中远海控,,,,### 商业航天,,,,,,,      └──资源重估,,,* 化工涨价
### 第一梯队（最强）,,,* 宁波海运,,,,,,,,,,,,,,* 电力
,,,,,,,核心股：,,,,,旅游消费★★★,,,,,
#### PCB + 元件 + MLCC + 超级电容,,,主要受国际运价及航运景气度影响，持续性仍需观察。,,,,,,,,,,,光通信★★★★,,,这些前几日强势方向今日资金关注度有所下降。
,,,,,,,* 创远信科,,,,,,,      │,,,
核心股：,,,---,,,,* 神剑股份,,,,,影视传媒★★☆,,      ├──光纤,,,---
,,,,,,,* 中天火箭,,,,,,,      └──AI算力基础设施,,,
* 世运电路（603920）,,,## 第七梯队（★★☆☆☆）,,,,* 华体科技,,,,,,,,,,# 综合来看，今日市场主线排序
* 江海股份（002484）,,,,,,,,,,,,食品饮料★★,,,,,
* 风华高科（000636）,,,### ⑦ 煤炭,,,,催化：,,,,,```,,化工涨价★★★☆,,,| 排名 | 热点题材              | 强度    |
* 宏达电子（300726）,,,,,,,,,,,,,,,,,| -- | ----------------- | ----- |
* 东山精密（002384）,,,代表：,,,,* SpaceX IPO超额认购消息刺激。,,,,,## 与昨天相比的变化,,,,,| ①  | **军工航空航天＋低空经济**   | ????? |
,,,,,,,* 卫星互联网+6G预期。,,,,,,,电力★★★,,,| ②  | **战略金属（钼＋铜＋稀土）**  | ????☆ |
逻辑链：,,,* 大有能源,,,,,,,,,* **继续强化：**,,,,,| ③  | **先进封装（AI芯片产业链）** | ????  |
,,,* 安泰集团,,,,资金强度：★★★★☆,,,,,,,,,,| ④  | **电网设备＋数据中心配电**   | ????  |
**AI服务器 → PCB → 元件 → MLCC → 超级电容**,,,* 广汇能源,,,,,,,,,  * AI应用 → 升级到 **AI智能体 + 物理AI + 算力租赁**,,养鸡★★,,,| ⑤  | **影视传媒**          | ??☆   |
,,,,,,,---,,,,,  * 半导体 → 聚焦 **先进封装 + PCB材料 + 电子特气**,,```,,,
资金集中度最高。,,,属于资源股轮动方向，对指数有支撑作用，但题材扩散能力较弱。,,,,,,,,,  * PCB产业链连续两天成为资金核心方向。,,,,,## 最近四个交易日热点演变
,,,,,,,### 创新药,,,,,,,# 与昨天相比的变化,,,
---,,,---,,,,,,,,,* **明显降温：**,,,,,```text
,,,,,,,核心股：,,,,,,,### 持续强化：,,,AI应用
### 第二梯队,,,# 当前市场最强产业链,,,,,,,,,  * 电力,,,,,    ↓
,,,,,,,* 百花医药,,,,,  * 光刻机,,* **半导体产业链**进一步升级，从PCB、先进封装扩散至**半导体材料、光刻机、电子特气、靶材、硅片**。,,,半导体国产替代
#### 光模块 / CPO / 光通信,,,```text,,,,* 津药药业,,,,,  * 机器人,,* **电子特气**连续走强，成为资金抱团方向。,,,    ↓
,,,AI服务器,,,,* 鲁抗医药,,,,,,,,,,半导体材料+战略资源
核心股：,,,    │,,,,,,,,,* **新晋热点：**,,### 明显升温：,,,    ↓
,,,    ├── 光模块(CPO),,,,特点：,,,,,,,,,,军工航空航天+低空经济
* 东山精密（002384）,,,    │,,,,,,,,,  * 旅游酒店,,* **钨资源涨价**成为今日新增最强周期题材，叠加ETF资金流入和价格上涨催化。,,,        +
* 三安光电（600703）,,,    ├── 光纤通信,,,,* 医药属于防御方向。,,,,,  * 低空经济,,* **光通信**受AI算力需求驱动再次活跃。,,,战略金属
* 太辰光（300570）,,,    │      ├── 烽火通信,,,,* 市场弱势时资金容易回流。,,,,,  * 食品饮料（消费修复）,,,,,        +
* 剑桥科技（603083）,,,    │      ├── 长飞光纤,,,,,,,,,,,### 降温方向：,,,先进封装
* 天洋新材（603330）,,,    │      └── 特发信息,,,,资金强度：★★★★☆,,,,,### 综合来看，今日市场主线排序为：,,,,,```
,,,    │,,,,,,,,,,,* AI智能体,,,
逻辑链：,,,    ├── 6G通信,,,,---,,,,,1. **AI产业链（算力租赁＋AI智能体＋物理AI）★★★★★**,,* 算力租赁,,,可以看到，**市场主线已经从AI软件逐渐切换到“硬科技（军工+半导体）”与“战略资源（金属）”双轮驱动，而低空经济和数据中心电力设备成为新的资金增量方向。**
,,,    │      ├── 武汉凡谷,,,,,,,,,2. **半导体国产替代（先进封装＋PCB＋电子特气）★★★★☆**,,* 旅游酒店,,,
**AI服务器 → 铜连接 → CPO → 光纤通信**,,,    │      └── 中兴通讯,,,,## 第三梯队（★★★☆☆）,,,,,3. **PCB材料链（覆铜板＋电子树脂）★★★★**,,* 影视传媒,,,
,,,    │,,,,,,,,,4. **低空经济★★★☆**,,* 低空经济,,,
---,,,    ├── 光学光电子,,,,### 电力,,,,,5. **旅游酒店★★★**,,,,,
,,,    │      ├── 沃格光电,,,,,,,,,6. **影视传媒★★☆**,,这些方向今日均未形成新的大面积涨停潮。,,,
### 第三梯队,,,    │      ├── 华映科技,,,,核心股：,,,,,7. **食品饮料★★**,,,,,
,,,    │      └── 京东方A,,,,,,,,,,,## 综合来看，今日市场主线排序为：,,,
#### 半导体材料,,,    │,,,,* 西昌电力,,,,,其中，**AI产业链与半导体材料链形成“双主线共振”，是当前市场最值得持续跟踪的核心热点。**,,,,,
,,,    └── 玻璃基板,,,,* 豫能控股,,,,,,,1. **半导体国产替代（半导体材料＋光刻机＋电子特气＋靶材＋硅片）★★★★★**,,,
* 存储芯片,,,           ├── 沃格光电,,,,* 京能电力,,,,,,,2. **战略金属（钨涨价＋稀有金属）★★★★★**,,,
* 工业气体,,,           ├── 凯盛科技,,,,,,,,,,,3. **电子特气★★★★☆**,,,
* 先进封装,,,           └── 彩虹股份,,,,特点：,,,,,,,4. **光通信（AI基础设施）★★★★**,,,
,,,```,,,,,,,,,,,5. **化工涨价★★★☆**,,,
核心股：,,,,,,,* 持续性最好。,,,,,,,6. **电力★★★**,,,
,,,## 综合来看，当前A股市场资金关注度最高的主线依然是：,,,,* 已经从主升进入高位震荡。,,,,,,,7. **养鸡概念★★**,,,
* 中船特气（688146）,,,,,,,,,,,,,,,,,
* 华特气体（688268）,,,1. **AI算力硬件（光通信、光纤、玻璃基板、6G）?????**,,,,资金强度：★★★☆,,,,,,,**今日市场最核心的共振主线已经从单纯的AI应用扩展到“国产半导体材料自主可控 + 战略资源涨价”双主线，尤其是半导体材料链的持续性最强，值得重点跟踪。**,,,
* 通富微电（002156，前期龙头）,,,2. **AI应用（物理AI、游戏）????**,,,,,,,,,,,,,,
* 概伦电子（688206）,,,3. **半导体材料（光刻胶）????**,,,,---,,,,,,,,,,
,,,4. **商业航天???**,,,,,,,,,,,,,,
---,,,5. **地产、消费复苏???**,,,,### 零售消费,,,,,,,,,,
,,,6. **航运、煤炭周期??**,,,,,,,,,,,,,,
### 第四梯队,,,,,,,核心股：,,,,,,,,,,
,,,,,,,,,,,,,,,,,
#### 电力,,,,,,,* 中百集团,,,,,,,,,,
,,,,,,,* 中央商场,,,,,,,,,,
核心股：,,,,,,,* 中国中免,,,,,,,,,,
,,,,,,,,,,,,,,,,,
* 豫能控股（001896）,,,,,,,特点：,,,,,,,,,,
* 广西能源（600310）,,,,,,,,,,,,,,,,,
* 新中港（605162）,,,,,,,* 地产链资金扩散。,,,,,,,,,,
,,,,,,,* 属于政策刺激方向。,,,,,,,,,,
虽然仍有涨停，但市场关注度已经明显被AI硬件链抢走。,,,,,,,,,,,,,,,,,
,,,,,,,资金强度：★★★☆,,,,,,,,,,
---,,,,,,,,,,,,,,,,,
,,,,,,,---,,,,,,,,,,
### 第五梯队,,,,,,,,,,,,,,,,,
,,,,,,,## 第四梯队（★★★☆☆）,,,,,,,,,,
#### 机器人,,,,,,,,,,,,,,,,,
,,,,,,,### PCB/元件,,,,,,,,,,
核心股：,,,,,,,,,,,,,,,,,
,,,,,,,核心股：,,,,,,,,,,
* 模塑科技（000700）,,,,,,,,,,,,,,,,,
* 绿的谐波（688017）,,,,,,,* 华正新材,,,,,,,,,,
* 北特科技（603009）,,,,,,,* 金安国纪,,,,,,,,,,
,,,,,,,* 鹏鼎控股,,,,,,,,,,
属于轮动补涨方向。,,,,,,,,,,,,,,,,,
,,,,,,,特点：,,,,,,,,,,
---,,,,,,,,,,,,,,,,,
,,,,,,,* 今天属于修复反弹。,,,,,,,,,,
## 当前市场最强主线,,,,,,,* 前期AI硬件主线内部轮动。,,,,,,,,,,
,,,,,,,,,,,,,,,,,
### 主线一：AI硬件产业链,,,,,,,资金强度：★★★☆,,,,,,,,,,
,,,,,,,,,,,,,,,,,
AI服务器,,,,,,,---,,,,,,,,,,
→ 液冷,,,,,,,,,,,,,,,,,
→ PCB,,,,,,,## 第五梯队（★★☆☆☆）,,,,,,,,,,
→ 元件,,,,,,,,,,,,,,,,,
→ MLCC,,,,,,,### 煤炭,,,,,,,,,,
→ CPO,,,,,,,,,,,,,,,,,
→ 光通信,,,,,,,核心股：,,,,,,,,,,
,,,,,,,,,,,,,,,,,
核心龙头群：,,,,,,,* 大有能源（6连板）,,,,,,,,,,
,,,,,,,* 郑州煤电,,,,,,,,,,
* 东山精密（002384）,,,,,,,,,,,,,,,,,
* 世运电路（603920）,,,,,,,特点：,,,,,,,,,,
* 江海股份（002484）,,,,,,,,,,,,,,,,,
* 三安光电（600703）,,,,,,,* 焦煤价格上涨刺激。,,,,,,,,,,
* 中船特气（688146）,,,,,,,* 主要是个股行情，不是板块行情。,,,,,,,,,,
,,,,,,,,,,,,,,,,,
---,,,,,,,资金强度：★★☆,,,,,,,,,,
,,,,,,,,,,,,,,,,,
### 主线二：半导体国产替代,,,,,,,---,,,,,,,,,,
,,,,,,,,,,,,,,,,,
工业气体,,,,,,,### 养殖（鸡肉）,,,,,,,,,,
→ 存储芯片,,,,,,,,,,,,,,,,,
→ 先进封装,,,,,,,核心股：,,,,,,,,,,
→ 光刻设备,,,,,,,,,,,,,,,,,
,,,,,,,* 湘佳股份,,,,,,,,,,
核心股：,,,,,,,* 晓鸣股份,,,,,,,,,,
,,,,,,,,,,,,,,,,,
* 中船特气（688146）,,,,,,,特点：,,,,,,,,,,
* 华特气体（688268）,,,,,,,,,,,,,,,,,
* 概伦电子（688206）,,,,,,,* 猪鸡价格反弹驱动。,,,,,,,,,,
* 华虹公司（688347，前期强势）,,,,,,,* 缺乏持续资金关注。,,,,,,,,,,
,,,,,,,,,,,,,,,,,
这是当前市场资金最认可的两条产业链。,,,,,,,资金强度：★★☆,,,,,,,,,,
,,,,,,,,,,,,,,,,,
,,,,,,,---,,,,,,,,,,
,,,,,,,,,,,,,,,,,
,,,,,,,# 当前市场主线结构,,,,,,,,,,
,,,,,,,,,,,,,,,,,
,,,,,,,```text,,,,,,,,,,
,,,,,,,机器人,,,,,,,,,,
,,,,,,, └─减速器（最强）,,,,,,,,,,
,,,,,,,,,,,,,,,,,
,,,,,,,AI算力,,,,,,,,,,
,,,,,,, └─光纤通信,,,,,,,,,,
,,,,,,,    └─CPO,,,,,,,,,,
,,,,,,,    └─铜缆,,,,,,,,,,
,,,,,,,,,,,,,,,,,
,,,,,,,科技成长,,,,,,,,,,
,,,,,,, └─商业航天,,,,,,,,,,
,,,,,,, └─6G,,,,,,,,,,
,,,,,,,,,,,,,,,,,
,,,,,,,防御方向,,,,,,,,,,
,,,,,,, └─创新药,,,,,,,,,,
,,,,,,, └─电力,,,,,,,,,,
,,,,,,,,,,,,,,,,,
,,,,,,,周期方向,,,,,,,,,,
,,,,,,, └─煤炭,,,,,,,,,,
,,,,,,, └─养殖,,,,,,,,,,
,,,,,,,```,,,,,,,,,,
,,,,,,,,,,,,,,,,,
,,,,,,,### 今日资金关注度排名,,,,,,,,,,
,,,,,,,,,,,,,,,,,
,,,,,,,1. 机器人/减速器 ?????,,,,,,,,,,
,,,,,,,2. 光纤通信 ?????,,,,,,,,,,
,,,,,,,3. 商业航天 ????,,,,,,,,,,
,,,,,,,4. 创新药 ????,,,,,,,,,,
,,,,,,,5. 电力 ???,,,,,,,,,,
,,,,,,,6. 零售消费 ???,,,,,,,,,,
,,,,,,,7. PCB元件 ???,,,,,,,,,,
,,,,,,,8. 煤炭 ??,,,,,,,,,,
,,,,,,,9. 养殖 ??,,,,,,,,,,
,,,,,,,,,,,,,,,,,
,,,,,,,从连板高度和趋势强度来看，**机器人（减速器）+ 光通信（光纤）**已经开始接替此前单纯电力题材，成为资金攻击的核心方向。,,,,,,,,,,
