# 一、今日热点板块及股票代码整理,,,,,# 一、今日热点板块及股票代码整理,,,,,# 一、今日热点板块及股票代码整理,,,,,# 一、今日热点板块及股票代码整理,,,,,# 一、今日热点板块及股票代码整理
,,,,,,,,,,,,,,,,,,,,
---,,,,,---,,,,,---,,,,,---,,,,,---
,,,,,,,,,,,,,,,,,,,,
# ① 光纤通信（今日最强方向之一）,,,,,# ① 光纤通信（今日绝对核心主线）,,,,,# ① 创新药（今日最强主线）,,,,,# ① 算力租赁（今日最强方向之一）,,,,,# ① PCB（CCL/玻纤，今日最强主线）
,,,,,,,,,,,,,,,,,,,,
| 股票   | 代码         |,,,,,| 股票   | 代码         |,,,,,| 股票   | 代码         |,,,,,| 股票   | 代码         |,,,,,| 股票   | 代码         |
| ---- | ---------- |,,,,,| ---- | ---------- |,,,,,| ---- | ---------- |,,,,,| ---- | ---------- |,,,,,| ---- | ---------- |
| 特发信息 | **000070** |,,,,,| 长飞光纤 | **601869** |,,,,,| 海欣股份 | **600851** |,,,,,| 航锦科技 | **000818** |,,,,,| 中材科技 | **002080** |
| 亨通光电 | **600487** |,,,,,| 特发信息 | **000070** |,,,,,| 海南海药 | **000566** |,,,,,| 神州数码 | **000034** |,,,,,| 超声电子 | **000823** |
| 通鼎互联 | **002491** |,,,,,| 三孚股份 | **603938** |,,,,,| 迦南科技 | **300412** |,,,,,| 中创环保 | **300056** |,,,,,| 贤丰控股 | **002141** |
| 长飞光纤 | **601869** |,,,,,| 长江通信 | **600345** |,,,,,| 景峰医药 | **000908** |,,,,,| 盈峰环境 | **000967** |,,,,,| 国际复材 | **301526** |
| 永鼎股份 | **600105** |,,,,,| 烽火通信 | **600498** |,,,,,| 新华制药 | **000756** |,,,,,| 平治信息 | **300571** |,,,,,| 中国巨石 | **600176** |
,,,,,| 长盈通  | **688143** |,,,,,| 乐普医疗 | **300003** |,,,,,| 群兴玩具 | **002575** |,,,,,| 广合科技 | **001389** |
### 特点,,,,,| 亨通光电 | **600487** |,,,,,| 博瑞医药 | **688166** |,,,,,| 宏景科技 | **301396** |,,,,,| 宏和科技 | **603256** |
,,,,,| 中天科技 | **600522** |,,,,,,,,,,,,,,,
* 特发信息涨停并创历史新高,,,,,| 通鼎互联 | **002491** |,,,,,### 龙头表现,,,,,### 龙头表现,,,,,### 龙头表现
* 长飞光纤A/H股同步大涨,,,,,,,,,,,,,,,,,,,,
* AI算力网络建设继续强化,,,,,### 龙头表现,,,,,* 海欣股份4连板,,,,,* 航锦科技2连板,,,,,* **中材科技13天7板，续创历史新高**
,,,,,,,,,,* 海南海药2连板,,,,,* 神州数码涨停,,,,,* 超声电子涨停
---,,,,,* 长飞光纤涨停历史新高,,,,,* 创新药ETF开盘大涨4.5%,,,,,,,,,,* 贤丰控股涨停
,,,,,* 特发信息历史新高,,,,,,,,,,AI基础设施继续强化。,,,,,* 国际复材、中国巨石继续趋势创新高
# ② 有色金属（钴+钨+钼）,,,,,* 长盈通大涨10%+,,,,,创新药正式从轮动题材升级为市场主线之一。,,,,,,,,,,
,,,,,,,,,,,,,,,---,,,,,PCB产业链炒作已经由覆铜板（CCL）扩散至**玻纤→铜箔→PCB制造→封装**的完整产业链。
| 股票   | 代码         |,,,,,本轮AI主线已经从PCB延伸至光通信。,,,,,---,,,,,,,,,,
| ---- | ---------- |,,,,,,,,,,,,,,,# ② 液冷服务器,,,,,---
| 中钨高新 | **000657** |,,,,,---,,,,,# ② PCB（玻纤+铜箔）,,,,,,,,,,
| 兴业银锡 | **000426** |,,,,,,,,,,,,,,,| 股票   | 代码         |,,,,,# ② 玻璃基板（AI硬件新分支）
| 厦门钨业 | **600549** |,,,,,# ② 算力租赁/算力基础设施,,,,,| 股票   | 代码         |,,,,,| ---- | ---------- |,,,,,
| 洛阳钼业 | **603993** |,,,,,,,,,,| ---- | ---------- |,,,,,| 冰轮环境 | **000811** |,,,,,| 股票    | 代码         |
| 中色股份 | **000758** |,,,,,| 股票   | 代码         |,,,,,| 中国巨石 | **600176** |,,,,,| 英维克  | **002837** |,,,,,| ----- | ---------- |
| 中金岭南 | **000060** |,,,,,| ---- | ---------- |,,,,,| 国际复材 | **301526** |,,,,,| 飞龙股份 | **002536** |,,,,,| 雷曼光电  | **300162** |
,,,,,| 利通电子 | **603629** |,,,,,| 满坤科技 | **301132** |,,,,,| 川环科技 | **300547** |,,,,,| 凯盛科技  | **600552** |
资源主线继续发酵。,,,,,| 中科金财 | **002657** |,,,,,| 华正新材 | **603186** |,,,,,| 南方泵业 | **300145** |,,,,,| 红星发展  | **600367** |
,,,,,| 特发信息 | **000070** |,,,,,| 平安电工 | **001359** |,,,,,| 大元泵业 | **603757** |,,,,,| 旗滨集团  | **601636** |
---,,,,,| 协创数据 | **300857** |,,,,,| 铜冠铜箔 | **301217** |,,,,,,,,,,| 莱宝高科  | **002106** |
,,,,,| 润建股份 | **002929** |,,,,,| 亨通股份 | **600226** |,,,,,### 逻辑,,,,,| 京东方A  | **000725** |
# ③ 锆概念,,,,,| 铜牛信息 | **300895** |,,,,,,,,,,,,,,,| 力诺药包  | **301188** |
,,,,,,,,,,### 特点,,,,,```text,,,,,| 长信科技  | **300088** |
| 股票   | 代码           |,,,,,政策催化：,,,,,,,,,,AI服务器功耗提升,,,,,| 美迪凯   | **688079** |
| ---- | ------------ |,,,,,,,,,,* 中国巨石涨停,,,,,↓,,,,,| 沃格光电  | **603773** |
| 长裕集团 | **待确认（北交所）** |,,,,,《促进平台经济大中小企业协同发展行动方案（2026-2028）》。,,,,,* 国际复材创新高,,,,,散热需求爆发,,,,,| TCL科技 | **000100** |
| 东方锆业 | **002167**   |,,,,,,,,,,* 玻纤、铜箔继续领涨,,,,,↓,,,,,| 艾森股份  | **688720** |
| 盛和资源 | **600392**   |,,,,,---,,,,,,,,,,液冷渗透率提升,,,,,| 彩虹股份  | **600707** |
| 凯盛科技 | **600552**   |,,,,,,,,,,AI服务器材料链继续强化。,,,,,```,,,,,| 安彩高科  | **600207** |
| 国瓷材料 | **300285**   |,,,,,# ③ 创新药,,,,,,,,,,,,,,,
,,,,,,,,,,---,,,,,---,,,,,### 龙头表现
### 龙头表现,,,,,| 股票   | 代码         |,,,,,,,,,,,,,,,
,,,,,| ---- | ---------- |,,,,,# ③ 光通信（当前AI核心）,,,,,# ③ 光通信/光纤材料,,,,,* 雷曼光电20CM涨停
* 长裕集团5天4板,,,,,| 新华制药 | **000756** |,,,,,,,,,,,,,,,* 旗滨集团涨停
* 东方锆业2连板,,,,,| 海南海药 | **000566** |,,,,,| 股票   | 代码         |,,,,,| 股票   | 代码         |,,,,,* 莱宝高科涨停
,,,,,| 海欣股份 | **600851** |,,,,,| ---- | ---------- |,,,,,| ---- | ---------- |,,,,,* 京东方A逼近涨停
锆成为稀有金属中的新核心。,,,,,| 粤万年青 | **301111** |,,,,,| 通鼎互联 | **002491** |,,,,,| 光电股份 | **600184** |,,,,,* 凯盛科技持续强势
,,,,,| 康芝药业 | **300086** |,,,,,| 泰和新材 | **002254** |,,,,,| 泰和新材 | **002254** |,,,,,
---,,,,,| 盘龙药业 | **002864** |,,,,,| 航天电器 | **002025** |,,,,,| 宏柏新材 | **605366** |,,,,,玻璃基板已经成为AI显示、先进封装的重要补涨方向。
,,,,,| 博瑞医药 | **688166** |,,,,,| 永鼎股份 | **600105** |,,,,,| 金信诺  | **300252** |,,,,,
# ④ 磷化工,,,,,,,,,,| 新亚电子 | **605277** |,,,,,| 中天科技 | **600522** |,,,,,---
,,,,,属于超跌后的机构回流。,,,,,| 杭电股份 | **603618** |,,,,,| 永鼎股份 | **600105** |,,,,,
| 股票   | 代码         |,,,,,,,,,,| 三孚股份 | **603938** |,,,,,| 唯科科技 | **301196** |,,,,,# ③ 先进封装
| ---- | ---------- |,,,,,---,,,,,| 亨通光电 | **600487** |,,,,,,,,,,
| 川发龙蟒 | **002312** |,,,,,,,,,,| 中天科技 | **600522** |,,,,,### 龙头,,,,,| 股票   | 代码         |
| 川金诺  | **300505** |,,,,,# ④ 券商,,,,,| 光库科技 | **300620** |,,,,,,,,,,| ---- | ---------- |
| 兴发集团 | **600141** |,,,,,,,,,,,,,,,* 泰和新材14天7板,,,,,| 太极实业 | **600667** |
| 川恒股份 | **002895** |,,,,,| 股票   | 代码         |,,,,,### 龙头表现,,,,,* 光电股份涨停,,,,,| 中科飞测 | **688361** |
| 湖北宜化 | **000422** |,,,,,| ---- | ---------- |,,,,,,,,,,* 宏柏新材2连板,,,,,| 芯源微  | **688037** |
| 云天化  | **600096** |,,,,,| 长江证券 | **000783** |,,,,,* 永鼎股份反包涨停创新高,,,,,,,,,,| 精测电子 | **300567** |
,,,,,| 广发证券 | **000776** |,,,,,* 通鼎互联涨停,,,,,资金已经开始炒作光纤上游原材料。,,,,,| 凯盛科技 | **600552** |
属于资源品扩散方向。,,,,,| 中信建投 | **601066** |,,,,,* 泰和新材涨停,,,,,,,,,,
,,,,,| 华安证券 | **600909** |,,,,,,,,,,---,,,,,### 龙头
---,,,,,| 东北证券 | **000686** |,,,,,AI网络建设持续加速。,,,,,,,,,,
,,,,,,,,,,,,,,,# ④ 超级电容,,,,,* 太极实业涨停
# ⑤ AI应用,,,,,### 特征,,,,,---,,,,,,,,,,* 中科飞测大涨10%+
,,,,,,,,,,,,,,,| 股票   | 代码         |,,,,,
| 股票   | 代码         |,,,,,* 长江证券2连板,,,,,# ④ AI应用,,,,,| ---- | ---------- |,,,,,先进封装仍然是AI芯片产业链的重要方向。
| ---- | ---------- |,,,,,* 华安证券持续强势,,,,,,,,,,| 黑猫股份 | **002068** |,,,,,
| 华凯易佰 | **300592** |,,,,,,,,,,| 股票   | 代码         |,,,,,| 新疆众和 | **600888** |,,,,,---
| 天娱数科 | **002354** |,,,,,指数行情预期升温。,,,,,| ---- | ---------- |,,,,,| 元力股份 | **300174** |,,,,,
| 正和生态 | **605069** |,,,,,,,,,,| 天娱数科 | **002354** |,,,,,| 艾华集团 | **603989** |,,,,,# ④ 绿电
| 苏州科达 | **603660** |,,,,,---,,,,,| 星宸科技 | **301536** |,,,,,| 万顺新材 | **300057** |,,,,,
| 中科金财 | **002657** |,,,,,,,,,,| 三七互娱 | **002555** |,,,,,| 江海股份 | **002484** |,,,,,| 股票   | 代码             |
| 凡拓数创 | **301313** |,,,,,# ⑤ 金融科技,,,,,| 新易盛  | **300502** |,,,,,| 海星股份 | **603115** |,,,,,| ---- | -------------- |
| 昆仑万维 | **300418** |,,,,,,,,,,| 吉比特  | **603444** |,,,,,,,,,,| 龙源电力 | **001289**（A股） |
,,,,,| 股票   | 代码         |,,,,,,,,,,### 龙头,,,,,| 三一重能 | **688349**     |
AI应用端开始出现回流。,,,,,| ---- | ---------- |,,,,,### 催化,,,,,,,,,,| 节能风电 | **601016**     |
,,,,,| 银之杰  | **300085** |,,,,,,,,,,黑猫股份5天4板。,,,,,| 华电辽能 | **600396**     |
---,,,,,| 恒银科技 | **603106** |,,,,,豆包大模型日均 Token 调用量突破180万亿。,,,,,,,,,,| 西昌电力 | **600505**     |
,,,,,| 赢时胜  | **300377** |,,,,,,,,,,---,,,,,| 京能电力 | **600578**     |
# ⑥ 培育钻石,,,,,| 中科金财 | **002657** |,,,,,资金开始关注：,,,,,,,,,,
,,,,,| 大智慧  | **601519** |,,,,,,,,,,# ⑤ 存储芯片,,,,,### 龙头
| 股票   | 代码              |,,,,,| 同花顺  | **300033** |,,,,,```text,,,,,,,,,,
| ---- | --------------- |,,,,,,,,,,AI应用,,,,,| 股票   | 代码         |,,,,,* 龙源电力涨停
| 黄河旋风 | **600172**      |,,,,,金融科技ETF明显放量。,,,,,↓,,,,,| ---- | ---------- |,,,,,* 三一重能涨超10%
| 四方达  | **300179**      |,,,,,,,,,,推理需求,,,,,| 太极实业 | **600667** |,,,,,
| 惠丰钻石 | **839725（北交所）** |,,,,,---,,,,,↓,,,,,| 汇成股份 | **688403** |,,,,,属于政策+电力改革催化下的防御成长方向。
| 力量钻石 | **301071**      |,,,,,,,,,,算力消耗,,,,,| 雅克科技 | **002409** |,,,,,
| 沃尔德  | **688028**      |,,,,,# ⑥ 机器人,,,,,```,,,,,| 佰维存储 | **688525** |,,,,,---
,,,,,,,,,,,,,,,| 江波龙  | **301308** |,,,,,
属于超硬材料方向。,,,,,| 股票   | 代码         |,,,,,---,,,,,| 胜科纳米 | **688757** |,,,,,# ⑤ 机器人
,,,,,| ---- | ---------- |,,,,,,,,,,,,,,,
---,,,,,| 巨轮智能 | **002031** |,,,,,# ⑤ 港口航运,,,,,### 催化,,,,,| 股票   | 代码              |
,,,,,| 方正电机 | **002196** |,,,,,,,,,,,,,,,| ---- | --------------- |
# ⑦ 靶材（半导体材料）,,,,,| 万向钱潮 | **000559** |,,,,,| 股票   | 代码         |,,,,,美光财报超预期。,,,,,| 模塑科技 | **000700**      |
,,,,,| 北自科技 | **603082** |,,,,,| ---- | ---------- |,,,,,,,,,,| 祥鑫科技 | **002965**      |
| 股票   | 代码         |,,,,,| 睿能科技 | **603933** |,,,,,| 招商轮船 | **601872** |,,,,,存储价格景气度继续提升。,,,,,| 恒锋工具 | **300488**      |
| ---- | ---------- |,,,,,| 长盛轴承 | **300718** |,,,,,| 中远海能 | **600026** |,,,,,,,,,,| 朗迪集团 | **603726**      |
| 欧莱新材 | **688530** |,,,,,,,,,,| 招商南油 | **601975** |,,,,,---,,,,,| 丰光精密 | **430510（北交所）** |
| 有研新材 | **600206** |,,,,,机器人继续保持活跃。,,,,,| 国航远洋 | **833171** |,,,,,,,,,,| 征和工业 | **003033**      |
| 江丰电子 | **300666** |,,,,,,,,,,| 南京港  | **002040** |,,,,,# ⑥ 先进封装,,,,,
| 阿石创  | **300706** |,,,,,---,,,,,| 宁波远洋 | **601022** |,,,,,,,,,,### 龙头
,,,,,,,,,,,,,,,| 股票   | 代码         |,,,,,
### 特点,,,,,# ⑦ 锆资源,,,,,属于地缘与运价驱动。,,,,,| ---- | ---------- |,,,,,* 模塑科技涨停
,,,,,,,,,,,,,,,| 长电科技 | **600584** |,,,,,* 祥鑫科技2连板
欧莱新材创历史新高。,,,,,| 股票   | 代码         |,,,,,---,,,,,| 盛剑科技 | **603324** |,,,,,
,,,,,| ---- | ---------- |,,,,,,,,,,| 国林科技 | **300786** |,,,,,机器人维持轮动活跃。
说明：,,,,,| 东方锆业 | **002167** |,,,,,# ⑥ 消费电子/芯片,,,,,| 芯源微  | **688037** |,,,,,
,,,,,| 长裕集团 | **待确认**    |,,,,,,,,,,| 中科飞测 | **688361** |,,,,,---
资金开始向半导体材料扩散。,,,,,| 爱迪特  | **301580** |,,,,,| 股票   | 代码         |,,,,,| 耐科装备 | **688419** |,,,,,
,,,,,| 三祥新材 | **603663** |,,,,,| ---- | ---------- |,,,,,,,,,,# 二、今日盘面分析
---,,,,,| 凯盛科技 | **600552** |,,,,,| 长电科技 | **600584** |,,,,,### 龙头,,,,,
,,,,,| 盛和资源 | **600392** |,,,,,| 中芯国际 | **688981** |,,,,,,,,,,---
# ⑧ 玻璃基板,,,,,| 国瓷材料 | **300285** |,,,,,| 东山精密 | **002384** |,,,,,* 长电科技4天3板,,,,,
,,,,,,,,,,| 生益科技 | **600183** |,,,,,* 总市值突破1800亿,,,,,# ① AI硬件产业链继续统治市场（★★★★★）
| 股票   | 代码         |,,,,,### 龙头,,,,,| 京东方A | **000725** |,,,,,* 拟投资78亿建设先进封装基地,,,,,
| ---- | ---------- |,,,,,,,,,,| 华工科技 | **000988** |,,,,,,,,,,今天虽然指数震荡，
| 凯盛科技 | **600552** |,,,,,东方锆业3连板。,,,,,,,,,,---,,,,,
| 沃格光电 | **603773** |,,,,,,,,,,### 特点,,,,,,,,,,但是资金依旧围绕AI硬件展开。
| 帝尔激光 | **300776** |,,,,,---,,,,,,,,,,# ⑦ MLCC,,,,,
| 京东方A | **000725** |,,,,,,,,,,* 长电科技涨停,,,,,,,,,,今天最强方向：
| 德龙激光 | **688170** |,,,,,# ⑧ 电子特气,,,,,* 中芯国际大涨,,,,,| 股票   | 代码         |,,,,,
,,,,,,,,,,* 消费电子ETF连续吸金,,,,,| ---- | ---------- |,,,,,```text
属于先进封装材料方向。,,,,,| 股票   | 代码         |,,,,,,,,,,| 昀冢科技 | **688260** |,,,,,PCB（CCL）
,,,,,| ---- | ---------- |,,,,,---,,,,,| 火炬电子 | **603678** |,,,,,
---,,,,,| 华特气体 | **688268** |,,,,,,,,,,| 三环集团 | **300408** |,,,,,↓
,,,,,| 凯美特气 | **002549** |,,,,,# ⑦ 先进封装,,,,,| 风华高科 | **000636** |,,,,,
# ⑨ 算力租赁,,,,,| 蜀道装备 | **300540** |,,,,,,,,,,| 博迁新材 | **605376** |,,,,,玻纤
,,,,,| 杭氧股份 | **002430** |,,,,,| 股票   | 代码         |,,,,,| 洁美科技 | **002859** |,,,,,
| 股票   | 代码         |,,,,,| 金宏气体 | **688106** |,,,,,| ---- | ---------- |,,,,,,,,,,↓
| ---- | ---------- |,,,,,| 昊华科技 | **600378** |,,,,,| 太极实业 | **600667** |,,,,,### 龙头,,,,,
| 协创数据 | **300857** |,,,,,,,,,,| 汇成股份 | **688403** |,,,,,,,,,,玻璃基板
| 利通电子 | **603629** |,,,,,半导体材料继续扩散。,,,,,| 三安光电 | **600703** |,,,,,昀冢科技再创新高。,,,,,
| 宏景科技 | **301396** |,,,,,,,,,,| 英诺激光 | **301021** |,,,,,,,,,,↓
| 润建股份 | **002929** |,,,,,---,,,,,| 长电科技 | **600584** |,,,,,---,,,,,
| 铜牛信息 | **300895** |,,,,,,,,,,| 绿通科技 | **301322** |,,,,,,,,,,先进封装
,,,,,# ⑨ 玻璃基板,,,,,,,,,,# ⑧ 折叠屏,,,,,```
AI算力方向重新活跃。,,,,,,,,,,### 特征,,,,,,,,,,
,,,,,| 股票   | 代码         |,,,,,,,,,,| 股票   | 代码         |,,,,,可以看到：
---,,,,,| ---- | ---------- |,,,,,* 太极实业创新高涨停,,,,,| ---- | ---------- |,,,,,
,,,,,| 彩虹股份 | **600707** |,,,,,* 汇成股份创新高涨停,,,,,| 维信诺  | **002387** |,,,,,整个AI硬件材料链全部上涨。
# ⑩ 储能,,,,,| 五方光电 | **002962** |,,,,,* 三安光电涨停,,,,,| 安洁科技 | **002635** |,,,,,
,,,,,| 凯盛科技 | **600552** |,,,,,,,,,,| 万顺新材 | **300057** |,,,,,说明：
| 股票   | 代码         |,,,,,| 隆利科技 | **300752** |,,,,,先进封装接力PCB。,,,,,| 长信科技 | **300088** |,,,,,
| ---- | ---------- |,,,,,| 锐科激光 | **300747** |,,,,,,,,,,| 精研科技 | **300709** |,,,,,> **机构资金仍然没有离开AI。**
| 阳光电源 | **300274** |,,,,,| 蓝思科技 | **300433** |,,,,,---,,,,,,,,,,
| 湖南裕能 | **301358** |,,,,,,,,,,,,,,,消费电子方向回暖。,,,,,---
| 潍柴动力 | **000338** |,,,,,---,,,,,# ⑧ 存储芯片,,,,,,,,,,
| 龙蟠科技 | **603906** |,,,,,,,,,,,,,,,---,,,,,# ② PCB进入主升浪后半段（★★★★★）
| 德方纳米 | **300769** |,,,,,# ⑩ 光刻胶,,,,,| 股票   | 代码         |,,,,,,,,,,
,,,,,,,,,,| ---- | ---------- |,,,,,# ⑨ 游戏,,,,,最近两周演变：
新能源方向开始补涨。,,,,,| 股票   | 代码              |,,,,,| 长电科技 | **600584** |,,,,,,,,,,
,,,,,| ---- | --------------- |,,,,,| 三安光电 | **600703** |,,,,,| 股票   | 代码         |,,,,,```text
---,,,,,| 怡达股份 | **300721**      |,,,,,| 中科飞测 | **688361** |,,,,,| ---- | ---------- |,,,,,PCB
,,,,,| 佳先股份 | **430489（北交所）** |,,,,,| 华虹公司 | **688347** |,,,,,| 巨人网络 | **002558** |,,,,,
# 二、今日盘面分析,,,,,| 八亿时空 | **688181**      |,,,,,| 中芯国际 | **688981** |,,,,,| 中青宝  | **300052** |,,,,,↓
,,,,,| 高盟新材 | **300200**      |,,,,,,,,,,| 冰川网络 | **300533** |,,,,,
---,,,,,| 广信材料 | **300537**      |,,,,,### 催化,,,,,| 三七互娱 | **002555** |,,,,,覆铜板(CCL)
,,,,,| 红宝丽  | **002165**      |,,,,,,,,,,| 完美世界 | **002624** |,,,,,
# ① AI主线出现新切换（★★★★★）,,,,,| 强力新材 | **300429**      |,,,,,三星发布UFS5.0存储方案。,,,,,| 吉比特  | **603444** |,,,,,↓
,,,,,,,,,,,,,,,,,,,,
最近几天市场一直围绕：,,,,,半导体材料方向。,,,,,---,,,,,AI应用端活跃。,,,,,玻纤
,,,,,,,,,,,,,,,,,,,,
```text,,,,,---,,,,,# ⑨ 券商,,,,,---,,,,,↓
PCB,,,,,,,,,,,,,,,,,,,,
↓,,,,,# ? 芯片电感,,,,,| 股票   | 代码         |,,,,,# ⑩ 钨资源,,,,,铜箔
,,,,,,,,,,| ---- | ---------- |,,,,,,,,,,
CCL覆铜板,,,,,| 股票   | 代码         |,,,,,| 华安证券 | **600909** |,,,,,| 股票   | 代码         |,,,,,↓
,,,,,| ---- | ---------- |,,,,,| 华创云信 | **600155** |,,,,,| ---- | ---------- |,,,,,
↓,,,,,| 龙磁科技 | **300835** |,,,,,| 国元证券 | **000728** |,,,,,| 翔鹭钨业 | **002842** |,,,,,PCB设备
,,,,,| 田中精机 | **300461** |,,,,,| 长江证券 | **000783** |,,,,,| 中钨高新 | **000657** |,,,,,
玻纤,,,,,| 悦安新材 | **688786** |,,,,,| 财达证券 | **600906** |,,,,,| 厦门钨业 | **600549** |,,,,,↓
,,,,,| 科瑞思  | **301314** |,,,,,| 红塔证券 | **601236** |,,,,,| 章源钨业 | **002378** |,,,,,
↓,,,,,| 麦捷科技 | **300319** |,,,,,| 招商证券 | **600999** |,,,,,,,,,,先进封装
,,,,,,,,,,,,,,,资源股继续活跃。,,,,,```
铜箔,,,,,属于AI服务器被动元件。,,,,,### 龙头,,,,,,,,,,
```,,,,,,,,,,,,,,,---,,,,,今天：
,,,,,---,,,,,华安证券涨停。,,,,,,,,,,
展开。,,,,,,,,,,,,,,,# 二、今日盘面分析,,,,,* 中材科技13天7板
,,,,,# ? 培育钻石,,,,,---,,,,,,,,,,* 中国巨石趋势创新高
而今天最大的变化是：,,,,,,,,,,,,,,,---,,,,,* 国际复材继续创新高
,,,,,| 股票   | 代码         |,,,,,# 二、今日盘面分析,,,,,,,,,,
资金开始从材料端切换到：,,,,,| ---- | ---------- |,,,,,,,,,,# ① AI产业链重新全面强化（★★★★★）,,,,,说明：
,,,,,| 黄河旋风 | **600172** |,,,,,---,,,,,,,,,,
```text,,,,,| 惠丰钻石 | **839725** |,,,,,,,,,,今天最大的特点：,,,,,PCB已经从单一题材，
光纤,,,,,| 力量钻石 | **301071** |,,,,,# ① 市场形成“三主线”结构（★★★★★）,,,,,,,,,,
,,,,,| 四方达  | **300179** |,,,,,,,,,,AI从多个方向同时爆发：,,,,,升级成产业链行情。
↓,,,,,,,,,,与前几天不同，,,,,,,,,,,
,,,,,超硬材料继续强势。,,,,,,,,,,```text,,,,,资金开始：
算力网络,,,,,,,,,,今天已经不是单纯AI行情。,,,,,算力租赁,,,,,
,,,,,---,,,,,,,,,,+,,,,,> **挖掘产业链细分龙头。**
↓,,,,,,,,,,市场出现：,,,,,液冷服务器,,,,,
,,,,,# ? 化工,,,,,,,,,,+,,,,,---
算力租赁,,,,,,,,,,```text,,,,,光通信,,,,,
,,,,,| 股票   | 代码         |,,,,,创新药,,,,,+,,,,,# ③ 玻璃基板成为最强补涨方向（★★★★★）
↓,,,,,| ---- | ---------- |,,,,,+,,,,,先进封装,,,,,
,,,,,| 六国化工 | **600470** |,,,,,AI算力,,,,,+,,,,,今天最大的新增热点：
AI应用,,,,,| 川发龙蟒 | **002312** |,,,,,+,,,,,存储芯片,,,,,
```,,,,,| 川金诺  | **300505** |,,,,,大金融,,,,,+,,,,,玻璃基板。
,,,,,| 潞化科技 | **待确认**    |,,,,,```,,,,,MLCC,,,,,
即：,,,,,| 金正大  | **002470** |,,,,,,,,,,```,,,,,资金选择：
,,,,,,,,,,三条主线并行。,,,,,,,,,,
> AI基础设施 → AI落地应用,,,,,---,,,,,,,,,,形成完整共振。,,,,,```text
,,,,,,,,,,这是指数强势阶段最典型特征。,,,,,,,,,,先进封装
开始轮动。,,,,,# ? 煤炭,,,,,,,,,,这通常意味着：,,,,,
,,,,,,,,,,---,,,,,,,,,,↓
---,,,,,| 股票   | 代码         |,,,,,,,,,,> 主升浪阶段资金再次回流AI。,,,,,
,,,,,| ---- | ---------- |,,,,,# ② 创新药正式晋升第一主线,,,,,,,,,,玻璃基板
# ② 光纤通信成为今日核心,,,,,| 宝泰隆  | **601011** |,,,,,,,,,,---,,,,,
,,,,,| 云煤能源 | **600792** |,,,,,最近三天演变：,,,,,,,,,,↓
今天最强板块其实不是PCB。,,,,,| 辽宁能源 | **600758** |,,,,,,,,,,# ② 光通信进入主升三阶段,,,,,
,,,,,| 新集能源 | **601918** |,,,,,```text,,,,,,,,,,显示面板
而是：,,,,,| 晋控煤业 | **601001** |,,,,,创新药异动,,,,,过去两周演变：,,,,,
,,,,,| 陕西黑猫 | **601015** |,,,,,,,,,,,,,,,↓
```text,,,,,,,,,,↓,,,,,```text,,,,,
光纤通信,,,,,资源板块补涨。,,,,,,,,,,PCB,,,,,OLED
```,,,,,,,,,,ETF大幅流入,,,,,,,,,,```
,,,,,---,,,,,,,,,,↓,,,,,
核心股：,,,,,,,,,,↓,,,,,,,,,,几乎形成联动。
,,,,,# ? 液冷服务器,,,,,,,,,,光纤通信,,,,,
* 特发信息涨停新高,,,,,,,,,,龙头连板,,,,,,,,,,尤其：
* 长飞光纤大涨,,,,,| 股票   | 代码         |,,,,,,,,,,↓,,,,,
* 亨通光电上涨,,,,,| ---- | ---------- |,,,,,↓,,,,,,,,,,* 雷曼光电20CM
* 通鼎互联上涨,,,,,| 英维克  | **002837** |,,,,,,,,,,光纤材料,,,,,* 京东方A放量
,,,,,| 大元泵业 | **603757** |,,,,,板块集体爆发,,,,,,,,,,* 凯盛科技继续强势
逻辑：,,,,,| 飞龙股份 | **002536** |,,,,,```,,,,,↓,,,,,
,,,,,| 强瑞技术 | **301128** |,,,,,,,,,,（今天）,,,,,说明：
```text,,,,,| 川环科技 | **300547** |,,,,,今天：,,,,,光纤上游原材料,,,,,
AI推理时代,,,,,| 淳中科技 | **603516** |,,,,,,,,,,```,,,,,资金开始交易：
,,,,,| 佳力图  | **603912** |,,,,,* 海欣股份4连板,,,,,,,,,,
↓,,,,,| 新朋股份 | **002328** |,,,,,* 海南海药2连板,,,,,今天：,,,,,下一代封装材料。
,,,,,,,,,,* 创新药ETF暴涨,,,,,,,,,,
流量爆发,,,,,AI算力基础设施方向。,,,,,,,,,,* 泰和新材14天7板,,,,,这是AI硬件新的扩散方向。
,,,,,,,,,,说明：,,,,,* 光电股份涨停,,,,,
↓,,,,,---,,,,,,,,,,* 宏柏新材连板,,,,,---
,,,,,,,,,,机构资金开始重新配置医药成长。,,,,,,,,,,
光网络升级,,,,,# 二、今日盘面分析,,,,,,,,,,说明资金已经开始深挖产业链。,,,,,# ④ 先进封装热度仍在
,,,,,,,,,,### 创新药成为今天最强增量方向,,,,,,,,,,
↓,,,,,---,,,,,,,,,,这往往是主升浪后期的重要特征。,,,,,连续几天：
,,,,,,,,,,这是本周最大变化。,,,,,,,,,,
光纤需求增加,,,,,# ① AI算力主线彻底升级（★★★★★）,,,,,,,,,,---,,,,,* 长电科技
```,,,,,,,,,,---,,,,,,,,,,* 太极实业
,,,,,过去一周热点演变：,,,,,,,,,,# ③ 算力租赁重新成为热点,,,,,* 中科飞测
属于AI算力网络建设。,,,,,,,,,,# ③ AI主线没有退潮（★★★★★）,,,,,,,,,,
,,,,,```text,,,,,,,,,,近期政策不断催化：,,,,,持续上涨。
---,,,,,PCB,,,,,很多人以为创新药来了，,,,,,,,,,,
,,,,,↓,,,,,,,,,,```text,,,,,说明：
# ③ 资源主线继续深化（★★★★★）,,,,,,,,,,AI会结束。,,,,,AI推理需求增长,,,,,
,,,,,CCL覆铜板,,,,,,,,,,,,,,,AI芯片扩产逻辑仍在继续。
资源方向没有结束。,,,,,,,,,,但今天恰恰相反。,,,,,↓,,,,,
,,,,,↓,,,,,,,,,,,,,,,目前资金已经形成：
只是从：,,,,,,,,,,AI内部继续扩散：,,,,,算力需求暴增,,,,,
,,,,,玻纤,,,,,,,,,,,,,,,```text
```text,,,,,,,,,,```text,,,,,↓,,,,,GPU
铜,,,,,↓,,,,,PCB,,,,,,,,,,
↓,,,,,,,,,,,,,,,租赁模式扩张,,,,,↓
,,,,,铜箔,,,,,↓,,,,,```,,,,,
钼,,,,,,,,,,,,,,,,,,,,先进封装
↓,,,,,↓,,,,,光通信,,,,,表现：,,,,,
,,,,,,,,,,,,,,,,,,,,↓
钨,,,,,光纤通信,,,,,↓,,,,,* 航锦科技2连板,,,,,
```,,,,,,,,,,,,,,,* 神州数码涨停,,,,,玻璃基板
,,,,,↓,,,,,先进封装,,,,,,,,,,
继续扩散：,,,,,,,,,,,,,,,算力方向再度成为焦点。,,,,,↓
,,,,,算力租赁,,,,,↓,,,,,,,,,,
```text,,,,,,,,,,,,,,,---,,,,,PCB
锆,,,,,↓,,,,,存储芯片,,,,,,,,,,```
↓,,,,,,,,,,,,,,,# ④ 长电科技带动先进封装爆发,,,,,
,,,,,液冷服务器,,,,,↓,,,,,,,,,,完整产业链。
磷化工,,,,,```,,,,,,,,,,今天最值得关注的是：,,,,,
↓,,,,,,,,,,AI应用,,,,,,,,,,---
,,,,,今天市场已经明确：,,,,,```,,,,,### 长电科技,,,,,
钴,,,,,,,,,,,,,,,,,,,,# ⑤ 绿电成为防御方向
```,,,,,> AI基础设施成为当前最强主线。,,,,,几乎全产业链上涨。,,,,,* 4天3板,,,,,
,,,,,,,,,,,,,,,* 历史新高附近,,,,,今天指数震荡。
目前已经形成：,,,,,---,,,,,说明：,,,,,* 78亿元先进封装项目,,,,,
,,,,,,,,,,,,,,,,,,,,部分资金：
### 战略资源金属体系,,,,,# ② 光纤通信成为市场总龙头,,,,,AI资金仍然充足。,,,,,资金开始炒作：,,,,,
,,,,,,,,,,,,,,,,,,,,流向：
* 稀土,,,,,核心观察：,,,,,---,,,,,```text,,,,,
* 钨,,,,,,,,,,,,,,,先进制程受限,,,,,* 风电
* 钼,,,,,| 股票   | 状态     |,,,,,# ④ 光通信已经成为AI总龙头,,,,,,,,,,* 电力
* 铜,,,,,| ---- | ------ |,,,,,,,,,,↓,,,,,* 绿电
* 锆,,,,,| 长飞光纤 | 历史新高涨停 |,,,,,近期核心龙头演变：,,,,,,,,,,
* 钴,,,,,| 特发信息 | 历史新高   |,,,,,,,,,,先进封装补位,,,,,特点：
,,,,,| 长盈通  | 创阶段新高  |,,,,,```text,,,,,,,,,,
资金仍在持续流入。,,,,,| 亨通光电 | 趋势加速   |,,,,,PCB,,,,,↓,,,,,不是主线。
,,,,,,,,,,↓,,,,,,,,,,
---,,,,,这说明：,,,,,,,,,,封装价值提升,,,,,属于：
,,,,,,,,,,长飞光纤,,,,,```,,,,,
# ④ 锆概念成为资源龙头,,,,,资金已经不再满足于PCB。,,,,,↓,,,,,,,,,,资金防守。
,,,,,,,,,,,,,,,这是AI芯片产业链的重要逻辑。,,,,,
本周资源方向最强细分：,,,,,开始炒：,,,,,特发信息,,,,,,,,,,持续性仍需观察。
,,,,,,,,,,↓,,,,,---,,,,,
并不是铜。,,,,,```text,,,,,,,,,,,,,,,---
,,,,,AI服务器,,,,,永鼎股份,,,,,# ⑤ 存储芯片景气度上升,,,,,
而是：,,,,,,,,,,```,,,,,,,,,,# ⑥ 机器人维持轮动
,,,,,↓,,,,,,,,,,美光业绩超预期。,,,,,
> 锆,,,,,,,,,,今天：,,,,,,,,,,机器人没有全面爆发。
,,,,,数据中心,,,,,,,,,,直接刺激：,,,,,
表现：,,,,,,,,,,* 永鼎股份历史新高,,,,,,,,,,仍属于：
,,,,,↓,,,,,* 通鼎互联涨停,,,,,* 佰维存储,,,,,
* 长裕集团5天4板,,,,,,,,,,* 泰和新材涨停,,,,,* 江波龙,,,,,轮动行情。
* 东方锆业2连板,,,,,光网络,,,,,,,,,,* 汇成股份,,,,,
,,,,,,,,,,说明：,,,,,,,,,,目前：
这是典型的：,,,,,↓,,,,,,,,,,上涨。,,,,,
,,,,,,,,,,市场已经从：,,,,,,,,,,明显弱于：
资源主线内部高低切。,,,,,光纤通信,,,,,,,,,,逻辑：,,,,,
,,,,,```,,,,,> AI服务器,,,,,,,,,,* PCB
---,,,,,,,,,,,,,,,```text,,,,,* 光通信
,,,,,这是产业链向网络层扩散。,,,,,转向：,,,,,HBM需求,,,,,* AI硬件
# ⑤ AI应用开始回流,,,,,,,,,,,,,,,,,,,,
,,,,,---,,,,,> AI网络建设,,,,,↓,,,,,---
最近一直弱势的AI应用：,,,,,,,,,,,,,,,,,,,,
,,,,,# ③ 大金融开始形成新主线（★★★★☆）,,,,,---,,,,,DRAM涨价,,,,,# 三、今日资金流向排序
今天出现明显异动。,,,,,,,,,,,,,,,,,,,,
,,,,,今天有一个重要变化：,,,,,# ⑤ 先进封装接力PCB,,,,,↓,,,,,| 排名    | 板块          | 强度   |
核心：,,,,,,,,,,,,,,,,,,,,| ----- | ----------- | ---- |
,,,,,券商+金融科技同时上涨。,,,,,今天很重要的信号：,,,,,存储盈利改善,,,,,| ????? | PCB（CCL+玻纤） | 第一主线 |
* 华凯易佰20CM,,,,,,,,,,,,,,,```,,,,,| ????? | 玻璃基板        | 第一主线 |
* 天娱数科涨停,,,,,形成：,,,,,```text,,,,,,,,,,| ????☆ | 先进封装        | 第二主线 |
* 昆仑万维上涨,,,,,,,,,,长电科技涨停,,,,,属于AI硬件受益方向。,,,,,| ????  | AI硬件材料      | 第二主线 |
,,,,,```text,,,,,,,,,,,,,,,| ???   | 绿电          | 轮动方向 |
说明：,,,,,券商,,,,,↓,,,,,---,,,,,| ???   | 机器人         | 轮动方向 |
,,,,,,,,,,,,,,,,,,,,
资金开始尝试：,,,,,+,,,,,太极实业涨停,,,,,# ⑥ 超级电容继续超预期,,,,,---
,,,,,,,,,,,,,,,,,,,,
```text,,,,,金融科技,,,,,↓,,,,,此前市场担心：,,,,,# 四、与昨天盘面对比
AI硬件,,,,,,,,,,,,,,,,,,,,
,,,,,+,,,,,汇成股份涨停,,,,,艾华集团公告称：,,,,,昨天：
↓,,,,,,,,,,```,,,,,,,,,,
,,,,,指数放量,,,,,,,,,,> 尚未形成收入。,,,,,```text
AI算力,,,,,```,,,,,资金开始布局：,,,,,,,,,,算力租赁
,,,,,,,,,,,,,,,但资金并未退潮。,,,,,
↓,,,,,组合。,,,,,### 后摩尔时代,,,,,,,,,,↓
,,,,,,,,,,,,,,,反而：,,,,,
AI应用,,,,,代表：,,,,,先进封装产业链。,,,,,,,,,,液冷服务器
```,,,,,,,,,,,,,,,* 黑猫股份5天4板,,,,,
,,,,,市场开始交易：,,,,,这是AI芯片扩产的重要受益方向。,,,,,* 新疆众和涨停,,,,,↓
轮动。,,,,,,,,,,,,,,,,,,,,
,,,,,> 牛市预期。,,,,,---,,,,,说明：,,,,,先进封装
但强度仍弱于硬件。,,,,,,,,,,,,,,,,,,,,
,,,,,尤其：,,,,,# ⑥ 券商持续强化,,,,,市场炒作的是未来预期。,,,,,↓
---,,,,,,,,,,,,,,,,,,,,
,,,,,* 长江证券2连板,,,,,连续三天：,,,,,---,,,,,存储芯片
# ⑥ 半导体材料继续加强,,,,,* 银之杰20CM连板,,,,,,,,,,,,,,,```
,,,,,,,,,,* 华安证券涨停,,,,,# 三、今日资金流向排序,,,,,
欧莱新材创新高。,,,,,这是明显增量资金信号。,,,,,* 长江证券强势,,,,,,,,,,今天：
,,,,,,,,,,* 国元证券上涨,,,,,| 排名    | 板块       | 强度   |,,,,,
江丰电子上涨。,,,,,---,,,,,,,,,,| ----- | -------- | ---- |,,,,,```text
,,,,,,,,,,说明：,,,,,| ????? | 光通信+光纤材料 | 第一主线 |,,,,,PCB
有研新材上涨。,,,,,# ④ 创新药出现机构回流,,,,,,,,,,| ????? | 算力租赁     | 第一主线 |,,,,,
,,,,,,,,,,市场已经开始交易：,,,,,| ????? | 先进封装     | 第一主线 |,,,,,↓
说明：,,,,,创新药突然走强。,,,,,,,,,,| ????☆ | 存储芯片     | 第二主线 |,,,,,
,,,,,,,,,,```text,,,,,| ????☆ | 液冷服务器    | 第二主线 |,,,,,玻璃基板
资金开始关注：,,,,,逻辑：,,,,,成交量放大,,,,,| ????  | 超级电容     | 第二主线 |,,,,,
,,,,,,,,,,,,,,,| ????  | MLCC     | 第二主线 |,,,,,↓
```text,,,,,* 国家药监局政策利好,,,,,↓,,,,,| ???   | 折叠屏      | 消费电子 |,,,,,
芯片,,,,,* 港股创新药持续上涨,,,,,,,,,,| ???   | 游戏       | AI应用 |,,,,,先进封装
,,,,,* 医药长期调整充分,,,,,券商业绩改善,,,,,| ???   | 钨资源      | 资源轮动 |,,,,,
↓,,,,,,,,,,,,,,,,,,,,↓
,,,,,属于：,,,,,↓,,,,,---,,,,,
设备,,,,,,,,,,,,,,,,,,,,绿电
,,,,,机构风格回归。,,,,,牛市预期,,,,,# 四、与昨天盘面对比,,,,,```
↓,,,,,,,,,,```,,,,,,,,,,
,,,,,但暂时强度弱于AI。,,,,,,,,,,昨天：,,,,,最大的变化：
靶材,,,,,,,,,,大金融正在形成独立主线。,,,,,,,,,,
,,,,,---,,,,,,,,,,```text,,,,,### AI资金重新回流材料端
↓,,,,,,,,,,---,,,,,创新药,,,,,
,,,,,# ⑤ 锆资源继续主升,,,,,,,,,,,,,,,昨天：
先进材料,,,,,,,,,,# 三、今日资金流向排序,,,,,↓,,,,,
```,,,,,最近资源股最强细分已经明确：,,,,,,,,,,,,,,,偏算力。
,,,,,,,,,,| 排名    | 板块       | 强度   |,,,,,光通信,,,,,
属于半导体补涨方向。,,,,,不是铜。,,,,,| ----- | -------- | ---- |,,,,,,,,,,今天：
,,,,,,,,,,| ????? | 创新药      | 第一主线 |,,,,,↓,,,,,
---,,,,,不是钨。,,,,,| ????? | 光通信      | 第一主线 |,,,,,,,,,,偏材料。
,,,,,,,,,,| ????? | PCB+先进封装 | 第一主线 |,,,,,先进封装,,,,,
# 三、今日资金流向排序,,,,,而是：,,,,,| ????☆ | 券商       | 第二主线 |,,,,,,,,,,说明：
,,,,,,,,,,| ????☆ | AI应用     | 第二主线 |,,,,,↓,,,,,
| 排名    | 板块          | 强度   |,,,,,> 锆,,,,,| ????  | 存储芯片     | 第二主线 |,,,,,,,,,,AI行情正在产业链内部轮动。
| ----- | ----------- | ---- |,,,,,,,,,,| ???   | 港口航运     | 轮动方向 |,,,,,券商,,,,,
| ????? | 光纤通信        | 第一主线 |,,,,,核心：,,,,,,,,,,```,,,,,---
| ????? | 有色金属（锆、钨、钼） | 第一主线 |,,,,,,,,,,---,,,,,,,,,,
| ????☆ | 算力租赁        | 第二主线 |,,,,,* 东方锆业3连板,,,,,,,,,,今天：,,,,,# 五、当前市场主线排序
| ????☆ | AI应用        | 第二主线 |,,,,,* 长裕集团继续涨停,,,,,# 四、与昨天盘面对比,,,,,,,,,,
| ????  | 半导体材料（靶材）   | 第二主线 |,,,,,,,,,,,,,,,```text,,,,,## 第一主线（最强）
| ????  | 玻璃基板        | 第二主线 |,,,,,锆成为资源股龙头。,,,,,昨天：,,,,,算力租赁,,,,,
| ???   | 储能          | 轮动   |,,,,,,,,,,,,,,,,,,,,AI硬件材料链
| ???   | 磷化工         | 资源补涨 |,,,,,---,,,,,```text,,,,,↓,,,,,
| ???   | 培育钻石        | 材料补涨 |,,,,,,,,,,光通信,,,,,,,,,,包括：
,,,,,# ⑥ 半导体材料继续扩散,,,,,,,,,,液冷服务器,,,,,
---,,,,,,,,,,↓,,,,,,,,,,* PCB
,,,,,资金继续炒：,,,,,,,,,,↓,,,,,* CCL
# 四、与昨天盘面对比,,,,,,,,,,液冷服务器,,,,,,,,,,* 玻纤
,,,,,```text,,,,,,,,,,先进封装,,,,,* 铜箔
昨天热点：,,,,,电子特气,,,,,↓,,,,,,,,,,* 玻璃基板
,,,,,,,,,,,,,,,↓,,,,,
```text,,,,,↓,,,,,金融科技,,,,,,,,,,---
PCB,,,,,,,,,,,,,,,存储芯片,,,,,
↓,,,,,光刻胶,,,,,↓,,,,,,,,,,## 第二主线
,,,,,,,,,,,,,,,↓,,,,,
CCL,,,,,↓,,,,,创新药,,,,,,,,,,AI芯片
,,,,,,,,,,```,,,,,光纤材料,,,,,
↓,,,,,芯片电感,,,,,,,,,,```,,,,,包括：
,,,,,,,,,,今天：,,,,,,,,,,
MLCC,,,,,↓,,,,,,,,,,可以看到：,,,,,* 先进封装
,,,,,,,,,,```text,,,,,,,,,,* 半导体设备
↓,,,,,玻璃基板,,,,,创新药,,,,,### 创新药降温,,,,,* 存储芯片
,,,,,```,,,,,,,,,,,,,,,
超级电容,,,,,,,,,,↓,,,,,### AI重新夺回市场主导权,,,,,---
,,,,,说明：,,,,,,,,,,,,,,,
↓,,,,,,,,,,光通信,,,,,资金重新回流科技成长。,,,,,## 第三主线
,,,,,AI硬件行情并未结束。,,,,,,,,,,,,,,,
半导体设备,,,,,,,,,,↓,,,,,---,,,,,高端制造
```,,,,,而是在不断向材料端延伸。,,,,,,,,,,,,,,,
,,,,,,,,,,先进封装,,,,,# 五、当前市场主线排序,,,,,包括：
今天热点：,,,,,---,,,,,,,,,,,,,,,
,,,,,,,,,,↓,,,,,## 第一主线（最强）,,,,,* 机器人
```text,,,,,# 三、今日资金流向排序,,,,,,,,,,,,,,,* 消费电子
光纤通信,,,,,,,,,,券商,,,,,AI基础设施,,,,,
,,,,,| 排名    | 板块              | 强度   |,,,,,```,,,,,,,,,,---
↓,,,,,| ----- | --------------- | ---- |,,,,,,,,,,包括：,,,,,
,,,,,| ????? | 光纤通信            | 第一主线 |,,,,,最大变化：,,,,,,,,,,## 第四主线
算力租赁,,,,,| ????? | 算力基础设施（液冷+算力租赁） | 第一主线 |,,,,,,,,,,* 光通信,,,,,
,,,,,| ????☆ | 券商+金融科技         | 第二主线 |,,,,,### 创新药强度超过金融科技,,,,,* 算力租赁,,,,,新能源
↓,,,,,| ????☆ | 锆资源             | 第二主线 |,,,,,,,,,,* 液冷服务器,,,,,
,,,,,| ????  | 创新药             | 第二主线 |,,,,,开始进入市场C位。,,,,,* 光模块,,,,,包括：
AI应用,,,,,| ????  | 半导体材料           | 第二主线 |,,,,,,,,,,,,,,,
,,,,,| ???   | 化工              | 资源补涨 |,,,,,---,,,,,---,,,,,* 绿电
↓,,,,,| ???   | 煤炭              | 周期补涨 |,,,,,,,,,,,,,,,* 风电
,,,,,| ???   | 机器人             | 轮动方向 |,,,,,# 五、后市重点关注,,,,,## 第二主线,,,,,* 电力
半导体材料,,,,,,,,,,,,,,,,,,,,
```,,,,,---,,,,,## 第一主线：创新药,,,,,AI硬件,,,,,---
,,,,,,,,,,,,,,,,,,,,
可以发现：,,,,,# 四、与昨天盘面对比,,,,,重点观察：,,,,,包括：,,,,,# 六、短线龙头观察池
,,,,,,,,,,,,,,,,,,,,
### AI内部轮动发生变化,,,,,昨天：,,,,,* 海欣股份,,,,,* PCB,,,,,| 方向   | 龙头             |
,,,,,,,,,,* 海南海药,,,,,* 先进封装,,,,,| ---- | -------------- |
从：,,,,,```text,,,,,* 新华制药,,,,,* 存储芯片,,,,,| PCB  | 中材科技、国际复材、中国巨石 |
,,,,,光纤通信,,,,,* 博瑞医药,,,,,* MLCC,,,,,| 玻璃基板 | 凯盛科技、雷曼光电、京东方A |
> AI服务器材料,,,,,,,,,,* 乐普医疗,,,,,,,,,,| 先进封装 | 太极实业、中科飞测      |
,,,,,↓,,,,,,,,,,---,,,,,| AI硬件 | 长电科技（趋势核心）     |
切换到：,,,,,,,,,,如果继续连板，,,,,,,,,,,| 机器人  | 祥鑫科技、模塑科技      |
,,,,,算力租赁,,,,,,,,,,## 第三主线,,,,,| 绿电   | 龙源电力           |
> AI网络建设+AI应用,,,,,,,,,,创新药有望成为7月主线之一。,,,,,,,,,,
,,,,,↓,,,,,,,,,,资源,,,,,---
---,,,,,,,,,,---,,,,,,,,,,
,,,,,AI应用,,,,,,,,,,包括：,,,,,# 七、综合判断
资源方向则继续加强：,,,,,```,,,,,## 第二主线：AI算力产业链,,,,,,,,,,
,,,,,,,,,,,,,,,* 钨,,,,,今天市场最大的变化是：
```text,,,,,今天：,,,,,关注：,,,,,* 锆,,,,,
铜,,,,,,,,,,,,,,,* 铜,,,,,> **AI产业链的炒作重心进一步向“材料端”集中，PCB、玻纤、玻璃基板、先进封装形成完整联动，显示机构资金仍围绕AI基础设施建设进行深度挖掘。**
,,,,,```text,,,,,* 永鼎股份,,,,,* 稀土,,,,,
↓,,,,,光纤通信,,,,,* 长飞光纤,,,,,,,,,,目前市场已经形成以下资金结构：
,,,,,,,,,,* 通鼎互联,,,,,明显弱于AI。,,,,,
钨,,,,,↓,,,,,* 长电科技,,,,,,,,,,```text
,,,,,,,,,,* 太极实业,,,,,---,,,,,AI硬件材料（最强）
↓,,,,,液冷服务器,,,,,* 中芯国际,,,,,,,,,,        │
,,,,,,,,,,,,,,,# 六、短线龙头观察池,,,,,PCB → 玻纤 → 玻璃基板 → 先进封装
锆,,,,,↓,,,,,---,,,,,,,,,,        │
,,,,,,,,,,,,,,,| 方向   | 龙头        |,,,,,AI算力基础设施（光通信、液冷）轮动
↓,,,,,金融科技,,,,,## 第三主线：券商,,,,,| ---- | --------- |,,,,,        │
,,,,,,,,,,,,,,,| 光通信  | 泰和新材、永鼎股份 |,,,,,机器人、绿电等作为支线轮动
磷化工,,,,,↓,,,,,关注：,,,,,| 算力租赁 | 航锦科技、神州数码 |,,,,,```
```,,,,,,,,,,,,,,,| 先进封装 | 长电科技      |,,,,,
,,,,,创新药,,,,,* 华安证券,,,,,| 存储芯片 | 太极实业、汇成股份 |,,,,,### 明日重点观察
没有出现退潮迹象。,,,,,```,,,,,* 长江证券,,,,,| 超级电容 | 黑猫股份      |,,,,,
,,,,,,,,,,* 国元证券,,,,,| 创新药  | 海欣股份      |,,,,,1. **PCB产业链**：关注中材科技、中国巨石、国际复材能否继续维持趋势，判断AI材料主线是否延续。
---,,,,,说明：,,,,,,,,,,,,,,,2. **玻璃基板**：观察凯盛科技、京东方A、雷曼光电是否继续放量，确认是否成长为新的核心分支。
,,,,,,,,,,券商决定指数高度。,,,,,---,,,,,3. **先进封装**：关注太极实业、中科飞测能否接力长电科技，维持芯片产业链热度。
# 五、后市重点关注,,,,,AI主线没有退潮。,,,,,,,,,,,,,,,4. **AI算力方向**：若光通信、液冷服务器重新活跃，则说明AI主线仍处于健康轮动而非退潮。
,,,,,,,,,,---,,,,,# 七、综合判断,,,,,
## 第一主线：AI基础设施升级,,,,,而是在：,,,,,,,,,,,,,,,
,,,,,,,,,,# 六、综合判断,,,,,今天盘面的核心变化是：,,,,,
重点关注：,,,,,### AI网络 → AI算力 → AI金融,,,,,,,,,,,,,,,
,,,,,,,,,,今天盘面的核心特征是：,,,,,> **创新药和券商开始分化，而AI产业链重新形成“算力租赁+光通信+液冷服务器+先进封装+存储芯片”的全链条共振。**,,,,,
* 光纤通信,,,,,不断扩散。,,,,,,,,,,,,,,,
* 光模块,,,,,,,,,,> **创新药全面爆发，AI算力链持续扩散，大金融继续活跃，市场已经从单一AI行情演变为“创新药+AI+券商”三主线共振格局。**,,,,,从市场结构看：,,,,,
* 算力租赁,,,,,---,,,,,,,,,,,,,,,
* PCB,,,,,,,,,,从资金流向看：,,,,,```text,,,,,
* 玻璃基板,,,,,资源股则发生变化：,,,,,,,,,,AI基础设施,,,,,
,,,,,,,,,,```text,,,,,+,,,,,
这是目前机构资金最认可的方向。,,,,,昨天：,,,,,创新药（最强增量）,,,,,AI硬件,,,,,
,,,,,,,,,,+,,,,,+,,,,,
---,,,,,```text,,,,,AI光通信（最强趋势）,,,,,先进封装,,,,,
,,,,,锆,,,,,+,,,,,```,,,,,
## 第二主线：战略资源,,,,,,,,,,券商（指数核心）,,,,,,,,,,
,,,,,↓,,,,,```,,,,,已经重新成为资金最集中的核心方向。,,,,,
重点关注：,,,,,,,,,,,,,,,,,,,,
,,,,,磷化工,,,,,构成当前市场最重要的三大方向。,,,,,如果接下来长电科技、泰和新材、航锦科技继续保持强势，那么市场大概率将进入 **AI科技主升浪第二阶段**，重点关注光通信上游材料、先进封装和存储芯片三个细分赛道。,,,,,
* 锆,,,,,```,,,,,,,,,,,,,,,
* 稀土,,,,,,,,,,相比上周单纯围绕PCB和资源炒作，当前市场明显进入**机构趋势资金主导阶段**，其中光通信、先进封装和创新药是持续性最值得关注的核心赛道。,,,,,,,,,,
* 钨,,,,,今天：,,,,,,,,,,,,,,,
* 铜,,,,,,,,,,,,,,,,,,,,
* 钼,,,,,```text,,,,,,,,,,,,,,,
,,,,,锆,,,,,,,,,,,,,,,
尤其锆概念短期最强。,,,,,,,,,,,,,,,,,,,,
,,,,,↓,,,,,,,,,,,,,,,
---,,,,,,,,,,,,,,,,,,,,
,,,,,煤炭,,,,,,,,,,,,,,,
## 第三主线：AI应用回流,,,,,,,,,,,,,,,,,,,,
,,,,,↓,,,,,,,,,,,,,,,
重点观察：,,,,,,,,,,,,,,,,,,,,
,,,,,化工,,,,,,,,,,,,,,,
* 昆仑万维,,,,,```,,,,,,,,,,,,,,,
* 天娱数科,,,,,,,,,,,,,,,,,,,,
* 中科金财,,,,,锆仍然最强。,,,,,,,,,,,,,,,
* 华凯易佰,,,,,,,,,,,,,,,,,,,,
,,,,,---,,,,,,,,,,,,,,,
能否形成持续性。,,,,,,,,,,,,,,,,,,,,
,,,,,# 五、后市重点关注,,,,,,,,,,,,,,,
---,,,,,,,,,,,,,,,,,,,,
,,,,,## 第一主线（最强）,,,,,,,,,,,,,,,
# 六、综合判断,,,,,,,,,,,,,,,,,,,,
,,,,,AI基础设施,,,,,,,,,,,,,,,
今天盘面最大的变化是：,,,,,,,,,,,,,,,,,,,,
,,,,,关注：,,,,,,,,,,,,,,,
> **AI主线从“服务器材料链”开始向“光纤通信+算力网络+AI应用”扩散，而资源方向则继续从铜、钨扩散到锆、磷化工等战略资源。**,,,,,,,,,,,,,,,,,,,,
,,,,,* 长飞光纤,,,,,,,,,,,,,,,
从资金结构来看：,,,,,* 特发信息,,,,,,,,,,,,,,,
,,,,,* 英维克,,,,,,,,,,,,,,,
```text,,,,,* 中际旭创,,,,,,,,,,,,,,,
AI网络建设,,,,,* 新易盛,,,,,,,,,,,,,,,
+,,,,,* 利通电子,,,,,,,,,,,,,,,
战略资源金属,,,,,,,,,,,,,,,,,,,,
```,,,,,---,,,,,,,,,,,,,,,
,,,,,,,,,,,,,,,,,,,,
已经成为当前市场最强的“双主线”。,,,,,## 第二主线,,,,,,,,,,,,,,,
,,,,,,,,,,,,,,,,,,,,
相比前几天单纯炒PCB和覆铜板，今天市场出现了明显的“AI网络化”特征，而资源股则仍保持趋势主升状态。对于短线而言，**光纤通信、锆资源、算力租赁**是当前最值得重点跟踪的三个方向。,,,,,金融科技+券商,,,,,,,,,,,,,,,
,,,,,,,,,,,,,,,,,,,,
,,,,,关注：,,,,,,,,,,,,,,,
,,,,,,,,,,,,,,,,,,,,
,,,,,* 银之杰,,,,,,,,,,,,,,,
,,,,,* 长江证券,,,,,,,,,,,,,,,
,,,,,* 中科金财,,,,,,,,,,,,,,,
,,,,,* 同花顺,,,,,,,,,,,,,,,
,,,,,,,,,,,,,,,,,,,,
,,,,,---,,,,,,,,,,,,,,,
,,,,,,,,,,,,,,,,,,,,
,,,,,## 第三主线,,,,,,,,,,,,,,,
,,,,,,,,,,,,,,,,,,,,
,,,,,锆资源,,,,,,,,,,,,,,,
,,,,,,,,,,,,,,,,,,,,
,,,,,关注：,,,,,,,,,,,,,,,
,,,,,,,,,,,,,,,,,,,,
,,,,,* 东方锆业,,,,,,,,,,,,,,,
,,,,,* 长裕集团,,,,,,,,,,,,,,,
,,,,,* 三祥新材,,,,,,,,,,,,,,,
,,,,,* 国瓷材料,,,,,,,,,,,,,,,
,,,,,,,,,,,,,,,,,,,,
,,,,,---,,,,,,,,,,,,,,,
,,,,,,,,,,,,,,,,,,,,
,,,,,# 六、综合判断,,,,,,,,,,,,,,,
,,,,,,,,,,,,,,,,,,,,
,,,,,今天市场最大的变化是：,,,,,,,,,,,,,,,
,,,,,,,,,,,,,,,,,,,,
,,,,,> **AI主线已经从“服务器材料链”升级到“光纤通信+液冷服务器+算力租赁”的完整算力基础设施体系，同时大金融开始接力形成新的增量资金方向。**,,,,,,,,,,,,,,,
,,,,,,,,,,,,,,,,,,,,
,,,,,当前市场已经形成三条较清晰的主线：,,,,,,,,,,,,,,,
,,,,,,,,,,,,,,,,,,,,
,,,,,```text,,,,,,,,,,,,,,,
,,,,,AI算力基础设施,,,,,,,,,,,,,,,
,,,,,+,,,,,,,,,,,,,,,
,,,,,金融科技券商,,,,,,,,,,,,,,,
,,,,,+,,,,,,,,,,,,,,,
,,,,,锆资源,,,,,,,,,,,,,,,
,,,,,```,,,,,,,,,,,,,,,
,,,,,,,,,,,,,,,,,,,,
,,,,,其中，**光纤通信（长飞光纤、特发信息）已经成为全市场辨识度最高的核心方向，而券商与金融科技能否持续放量，将决定指数是否有望开启新一轮趋势行情。**,,,,,,,,,,,,,,,
