symbol,stock_name,signal_date,phase,combo_id,combo_name,position_stage,meaning,action_hint,match_exact,resonance_score,resonance_ok,score_position,score_volume,score_turnover,score_chip,score_trend,resonance_note,close,pct_change,ma20,ma60,range_low,range_high,range_pct,close_vs_ma20_pct,close_vs_ma60_pct,volume,vol_ma20,vol_ratio,vol_amplify,vol_shrink,price_up,price_down,is_breakout,is_stagnant,platform_level,breakout_high,breakout_close,breakout_vol,breakout_vol_ratio,turnover_today_pct,turnover_ma20_pct,turnover_ratio,turnover_high,turnover_low,turnover_rising,chip_available,chip_pattern,chip_pattern_label,chip_state,chip_concentration,chip_peak_position,chip_bottom_stable,chip_bottom_empty,ma5_score_total
000417,合百集团,2026-08-20,2,1,底部缩量,bottom,抛压减轻,耐心观察，等待放量确认,True,92.0,True,20.0,20.0,20.0,20.0,12.0,,5.62,0.1783,5.8895,6.893166666666667,5.09,9.19,0.1293,-4.5759,-18.47,204969.0,413148.54899999994,0.4961,False,True,True,False,False,True,6.36,5.68,5.62,204969.0,0.4961,2.6311,5.3034,0.4961,False,False,False,True,low_single_peak,低位单峰底仓稳,concentrated,0.2273,0.1976,True,False,
000688,国城矿业,2026-08-20,2,1,底部缩量,bottom,抛压减轻,耐心观察，等待放量确认,True,92.0,True,20.0,20.0,20.0,20.0,12.0,缩量+低换手，惜售一致,30.76,-0.6781,30.190000000000005,33.86833333333333,23.88,49.5,0.2685,1.888,-9.1777,153159.06,220226.38999999998,0.6955,False,True,False,True,False,True,34.1,31.75,30.76,153159.06,0.6955,1.2924,1.8584,0.6955,False,True,False,True,multi_peak_stable,上涨多峰底不动,concentrated,0.0761,0.3169,True,False,
002875,安奈儿,2026-08-20,2,1,底部缩量,bottom,抛压减轻,耐心观察，等待放量确认,True,92.0,True,20.0,20.0,20.0,20.0,12.0,缩量+低换手，惜售一致,13.34,2.2222,13.12,14.803333333333335,10.55,22.23,0.2389,1.6768,-9.8852,32202.94,46311.074,0.6954,False,True,True,False,False,False,14.54,13.43,13.34,32202.94,0.6954,1.5161,2.1803,0.6954,False,True,False,True,single_peak,单峰,concentrated,0.1253,0.2611,False,False,
002878,元隆雅图,2026-08-20,2,1,底部缩量,bottom,抛压减轻,耐心观察，等待放量确认,True,92.0,True,20.0,20.0,20.0,20.0,12.0,缩量+低换手，惜售一致,12.31,1.3169,12.2385,12.611666666666668,10.7,16.68,0.2692,0.5842,-2.392,42277.0,62069.024,0.6811,False,True,True,False,False,False,13.14,12.41,12.31,42277.0,0.6811,1.7922,2.6312,0.6811,False,True,False,True,multi_peak_stable,上涨多峰底不动,concentrated,0.0878,0.301,True,False,
600089,特变电工,2026-08-20,2,1,底部缩量,bottom,抛压减轻,耐心观察，等待放量确认,True,92.0,True,20.0,20.0,20.0,20.0,12.0,缩量+低换手，惜售一致,20.05,-1.2802,20.944,21.784,18.6,26.13,0.1926,-4.2685,-7.96,557663.22,1111031.5839999998,0.5019,False,True,False,True,False,False,21.8,20.52,20.05,557663.22,0.5019,1.1037,2.1989,0.5019,False,True,False,True,multi_peak_stable,上涨多峰底不动,concentrated,0.166,0.3586,True,False,
600527,江南高纤,2026-08-20,2,1,底部缩量,bottom,抛压减轻,耐心观察，等待放量确认,True,92.0,True,20.0,20.0,20.0,20.0,12.0,缩量+低换手，惜售一致,2.13,1.4286,2.1595000000000004,2.2126666666666663,1.98,2.72,0.2027,-1.3661,-3.7361,287318.84,488653.39949999994,0.588,False,True,True,False,False,False,2.25,2.16,2.13,287318.84,0.588,1.6591,2.8217,0.588,False,True,False,True,low_single_peak,低位单峰底仓稳,concentrated,0.4271,0.1622,True,False,
600630,龙头股份,2026-08-20,2,1,底部缩量,bottom,抛压减轻,耐心观察，等待放量确认,True,92.0,True,20.0,20.0,20.0,20.0,12.0,缩量+低换手，惜售一致,6.65,1.682,6.532000000000001,7.586833333333333,5.84,10.63,0.1691,1.8065,-12.3481,77832.0,116048.0405,0.6707,False,True,True,False,False,False,6.84,6.69,6.65,77832.0,0.6707,1.8319,2.7314,0.6707,False,True,False,True,low_single_peak,低位单峰底仓稳,concentrated,0.1783,0.1587,True,False,
002615,哈尔斯,2026-08-20,2,1,底部缩量,bottom,抛压减轻,耐心观察，等待放量确认,False,82.0,True,20.0,10.0,20.0,20.0,12.0,,6.56,0.9231,6.539,6.981666666666667,6.06,8.44,0.2101,0.3212,-6.0396,51964.0,71297.306,0.7288,False,False,True,False,False,True,6.86,6.63,6.56,51964.0,0.7288,1.7194,2.3598,0.7286,False,True,False,True,low_single_peak,低位单峰底仓稳,concentrated,0.2213,0.2269,True,False,
603085,天成自控,2026-08-20,2,1,底部缩量,bottom,抛压减轻,耐心观察，等待放量确认,False,82.0,True,20.0,10.0,20.0,20.0,12.0,,10.0,4.1667,9.713,10.791,8.69,14.4,0.2294,2.9548,-7.3302,52421.0,56955.22050000001,0.9204,False,False,True,False,False,False,10.36,10.03,10.0,52421.0,0.9204,1.3201,1.4343,0.9204,False,True,False,True,low_single_peak,低位单峰底仓稳,concentrated,0.1387,0.2294,True,False,
000060,中金岭南,2026-08-20,2,1,底部缩量,bottom,抛压减轻,耐心观察，等待放量确认,False,74.0,True,20.0,10.0,12.0,20.0,12.0,,6.51,1.2442,6.501,6.974333333333334,5.88,8.84,0.2128,0.1384,-6.6577,1043488.36,1209879.9515,0.8625,False,False,True,False,False,False,7.03,6.67,6.51,1043488.36,0.8625,2.3496,2.7243,0.8625,False,False,False,True,low_single_peak,低位单峰底仓稳,concentrated,0.1311,0.2432,True,False,
600596,新安股份,2026-08-20,2,1,底部缩量,bottom,抛压减轻,耐心观察，等待放量确认,False,74.0,True,20.0,10.0,12.0,20.0,12.0,,10.53,-1.6807,10.639,12.685166666666667,9.53,18.39,0.1129,-1.0245,-16.9897,289602.5,359013.8075,0.8067,False,False,False,True,False,False,11.42,10.83,10.53,289602.5,0.8067,2.1458,2.6602,0.8066,False,False,False,True,low_single_peak,低位单峰底仓稳,concentrated,0.2449,0.1433,True,False,
603045,福达合金,2026-08-20,2,1,底部缩量,bottom,抛压减轻,耐心观察，等待放量确认,False,74.0,True,20.0,10.0,12.0,20.0,12.0,,52.04,-0.4971,52.193000000000005,66.21566666666666,44.77,95.05,0.1446,-0.2931,-21.4083,58665.28,74748.3365,0.7848,False,False,False,True,False,True,58.65,53.63,52.04,58665.28,0.7848,4.3313,5.5187,0.7848,False,False,False,True,low_single_peak,低位单峰底仓稳,concentrated,0.0996,0.2035,True,False,
603588,高能环境,2026-08-20,2,1,底部缩量,bottom,抛压减轻,耐心观察，等待放量确认,False,74.0,True,20.0,10.0,12.0,20.0,12.0,,13.66,2.8614,13.4505,14.594,11.05,20.7,0.2705,1.5576,-6.3999,587504.07,609591.8674999999,0.9638,False,False,True,False,False,False,14.88,13.94,13.66,587504.07,0.9638,3.857,4.002,0.9638,False,False,False,True,multi_peak_stable,上涨多峰底不动,concentrated,0.0922,0.2746,True,False,
001206,依依股份,2026-08-20,2,1,底部缩量,bottom,抛压减轻,耐心观察，等待放量确认,False,68.0,True,20.0,10.0,6.0,20.0,12.0,缩量组合但换手偏高,16.95,2.9769,16.666500000000003,17.925166666666666,15.08,25.6,0.1778,1.701,-5.4402,69041.96,80966.07250000001,0.8527,False,False,True,False,False,False,20.34,17.59,16.95,69041.96,0.8527,6.4607,7.5765,0.8527,True,False,False,True,low_single_peak,低位单峰底仓稳,concentrated,0.2619,0.1635,True,False,
000009,中国宝安,2026-08-20,2,3,上涨缩量整理,uptrend,惜售、趋势健康,持股或寻找加仓机会,True,94.0,True,20.0,20.0,20.0,20.0,14.0,缩量+低换手，惜售一致；底仓稳+缩量，健康整理,7.5,1.2146,7.518000000000001,6.913666666666667,5.93,8.39,0.6382,-0.2394,8.4808,219899.96,543340.188,0.4047,False,True,True,False,False,False,8.39,7.65,7.5,219899.96,0.4047,0.8536,2.1092,0.4047,False,True,False,True,multi_peak_stable,上涨多峰底不动,concentrated,0.1357,0.7602,True,False,
000572,海马汽车,2026-08-20,2,3,上涨缩量整理,uptrend,惜售、趋势健康,持股或寻找加仓机会,True,94.0,True,20.0,20.0,20.0,20.0,14.0,缩量+低换手，惜售一致；底仓稳+缩量，健康整理,3.84,3.2258,3.806,3.8823333333333334,3.21,4.65,0.4375,0.8933,-1.0904,320559.77,462822.6125,0.6926,False,True,True,False,False,False,4.04,3.86,3.84,320559.77,0.6926,1.952,2.8182,0.6926,False,True,False,True,multi_peak_stable,上涨多峰底不动,concentrated,0.2497,0.4097,True,False,
002162,悦心健康,2026-08-20,2,3,上涨缩量整理,uptrend,惜售、趋势健康,持股或寻找加仓机会,True,94.0,True,20.0,20.0,20.0,20.0,14.0,缩量+低换手，惜售一致,4.07,2.2613,4.0135,3.7804999999999995,3.28,4.28,0.79,1.4077,7.6577,109732.64,179988.46850000002,0.6097,False,True,True,False,False,False,4.28,4.08,4.07,109732.64,0.6097,1.1949,1.9599,0.6097,False,True,False,True,single_peak,单峰,concentrated,0.1973,0.72,True,False,
002612,朗姿股份,2026-08-20,2,3,上涨缩量整理,uptrend,惜售、趋势健康,持股或寻找加仓机会,True,94.0,True,20.0,20.0,20.0,20.0,14.0,,15.48,1.3089,15.0855,12.978166666666665,10.61,17.2,0.739,2.6151,19.2772,53500.0,164245.56650000002,0.3257,False,True,True,False,False,False,17.2,15.8,15.48,53500.0,0.3257,2.1025,6.4547,0.3257,False,False,False,True,single_peak,单峰,concentrated,0.234,0.7572,True,False,
002672,东江环保,2026-08-20,2,3,上涨缩量整理,uptrend,惜售、趋势健康,持股或寻找加仓机会,True,94.0,True,20.0,20.0,20.0,20.0,14.0,缩量+低换手，惜售一致；底仓稳+缩量，健康整理,3.65,2.5281,3.531,3.533666666666667,3.05,4.13,0.5556,3.3702,3.2921,51147.0,90941.4045,0.5624,False,True,True,False,False,False,3.72,3.65,3.65,51147.0,0.5624,0.5651,1.0048,0.5624,False,True,False,True,low_single_peak,低位单峰底仓稳,concentrated,0.2917,0.3241,True,False,
002762,金发拉比,2026-08-20,2,3,上涨缩量整理,uptrend,惜售、趋势健康,持股或寻找加仓机会,True,94.0,True,20.0,20.0,20.0,20.0,14.0,,10.21,1.3903,9.3735,8.639999999999999,6.51,11.34,0.766,8.9241,18.1713,76773.28,146959.198,0.5224,False,True,True,False,False,False,11.34,10.34,10.21,76773.28,0.5224,3.632,6.9524,0.5224,False,False,False,True,single_peak,单峰,concentrated,0.2017,0.764,True,False,
002862,实丰文化,2026-08-20,2,3,上涨缩量整理,uptrend,惜售、趋势健康,持股或寻找加仓机会,True,94.0,True,20.0,20.0,20.0,20.0,14.0,缩量+低换手，惜售一致；底仓稳+缩量，健康整理,13.47,2.2779,13.327000000000002,13.737,11.3,18.14,0.3173,1.073,-1.9437,23430.6,34906.996499999994,0.6712,False,True,True,False,False,False,14.16,13.55,13.47,23430.6,0.6712,1.8223,2.7148,0.6712,False,True,False,True,multi_peak_stable,上涨多峰底不动,concentrated,0.1136,0.3509,True,False,
002955,鸿合科技,2026-08-20,2,3,上涨缩量整理,uptrend,惜售、趋势健康,持股或寻找加仓机会,True,94.0,True,20.0,20.0,20.0,20.0,14.0,缩量+低换手，惜售一致；底仓稳+缩量，健康整理,34.83,0.4036,33.8235,31.80216666666667,22.79,39.15,0.7359,2.9757,9.5208,37034.4,72402.3345,0.5115,False,True,True,False,False,True,36.98,35.36,34.83,37034.4,0.5115,1.8929,3.7007,0.5115,False,True,False,True,multi_peak_stable,上涨多峰底不动,concentrated,0.0748,0.7341,True,False,
002959,小熊电器,2026-08-20,2,3,上涨缩量整理,uptrend,惜售、趋势健康,持股或寻找加仓机会,True,94.0,True,20.0,20.0,20.0,20.0,14.0,缩量+低换手，惜售一致；底仓稳+缩量，健康整理,33.68,1.2019,33.9385,33.792,30.15,38.13,0.4424,-0.7617,-0.3314,6083.88,9991.1,0.6089,False,True,True,False,False,False,35.08,33.91,33.68,6083.88,0.6089,0.4352,0.7147,0.6089,False,True,False,True,multi_peak_stable,上涨多峰底不动,concentrated,0.2222,0.4323,True,False,
003041,真爱美家,2026-08-20,2,3,上涨缩量整理,uptrend,惜售、趋势健康,持股或寻找加仓机会,True,94.0,True,20.0,20.0,20.0,20.0,14.0,缩量+低换手，惜售一致,40.56,0.0247,40.6015,43.023166666666675,31.99,59.54,0.3111,-0.1022,-5.7252,12276.28,23542.045000000006,0.5215,False,True,True,False,False,True,45.5,41.55,40.56,12276.28,0.5215,0.8972,1.7206,0.5214,False,True,False,True,multi_peak,多峰,concentrated,0.0747,0.3996,False,False,
600429,三元股份,2026-08-20,2,3,上涨缩量整理,uptrend,惜售、趋势健康,持股或寻找加仓机会,True,94.0,True,20.0,20.0,20.0,20.0,14.0,缩量+低换手，惜售一致；底仓稳+缩量，健康整理,4.6,1.3216,4.5255,4.387833333333333,3.96,4.99,0.6214,1.6462,4.8353,107881.0,194167.0785,0.5556,False,True,True,False,False,False,4.82,4.62,4.6,107881.0,0.5556,0.7204,1.2966,0.5556,False,True,False,True,multi_peak_stable,上涨多峰底不动,concentrated,0.1436,0.5243,True,False,
603139,康惠股份,2026-08-20,2,3,上涨缩量整理,uptrend,惜售、趋势健康,持股或寻找加仓机会,True,94.0,True,20.0,20.0,20.0,20.0,14.0,缩量+低换手，惜售一致；底仓稳+缩量，健康整理,35.38,0.9703,34.519999999999996,37.563333333333325,29.13,46.92,0.3513,2.4913,-5.8124,12086.0,24005.136,0.5035,False,True,True,False,False,True,37.67,35.78,35.38,12086.0,0.5035,1.2101,2.4034,0.5035,False,True,False,True,multi_peak_stable,上涨多峰底不动,concentrated,0.0446,0.3412,True,False,
603511,爱慕股份,2026-08-20,2,3,上涨缩量整理,uptrend,惜售、趋势健康,持股或寻找加仓机会,True,94.0,True,20.0,20.0,20.0,20.0,14.0,缩量+低换手，惜售一致,12.84,1.2618,12.0595,12.191833333333333,10.9,13.75,0.6807,6.4721,5.3164,10381.82,17588.0275,0.5903,False,True,True,False,False,False,13.05,12.92,12.84,10381.82,0.5903,0.2583,0.4376,0.5902,False,True,False,True,single_peak,单峰,concentrated,0.035,0.386,True,False,
603518,锦泓集团,2026-08-20,2,3,上涨缩量整理,uptrend,惜售、趋势健康,持股或寻找加仓机会,True,94.0,True,20.0,20.0,20.0,20.0,14.0,缩量+低换手，惜售一致；底仓稳+缩量，健康整理,8.15,1.6209,7.961499999999999,7.86,6.78,9.35,0.5331,2.3676,3.6896,36638.96,58485.50349999999,0.6265,False,True,True,False,False,False,8.32,8.16,8.15,36638.96,0.6265,1.0649,1.6998,0.6265,False,True,False,True,multi_peak_stable,上涨多峰底不动,concentrated,0.1468,0.5136,True,False,
605388,均瑶健康,2026-08-20,2,3,上涨缩量整理,uptrend,惜售、趋势健康,持股或寻找加仓机会,True,94.0,True,20.0,20.0,20.0,20.0,14.0,底仓稳+缩量，健康整理,6.05,1.8519,5.902,5.453,4.62,6.81,0.653,2.5076,10.9481,150465.0,244066.0725,0.6165,False,True,True,False,False,False,6.81,6.09,6.05,150465.0,0.6165,2.5057,4.0645,0.6165,False,False,False,True,multi_peak_stable,上涨多峰底不动,concentrated,0.1532,0.6301,True,False,
002348,高乐股份,2026-08-20,2,3,上涨缩量整理,uptrend,惜售、趋势健康,持股或寻找加仓机会,True,92.0,True,20.0,20.0,20.0,20.0,12.0,缩量+低换手，惜售一致,11.31,-1.8229,11.2975,11.532999999999998,8.1,16.09,0.4018,0.1106,-1.9336,180022.0,328087.3435,0.5487,False,True,False,True,False,False,13.29,11.81,11.31,180022.0,0.5487,1.9924,3.6312,0.5487,False,True,False,True,multi_peak_stable,上涨多峰底不动,concentrated,0.0709,0.4881,True,False,
002570,贝因美,2026-08-20,2,3,上涨缩量整理,uptrend,惜售、趋势健康,持股或寻找加仓机会,True,92.0,True,20.0,20.0,20.0,20.0,12.0,缩量+低换手，惜售一致；底仓稳+缩量，健康整理,4.5,0.0,4.4205,4.473666666666666,3.85,5.97,0.3066,1.7984,0.5886,123092.83,258234.6765,0.4767,False,True,False,False,False,True,4.77,4.54,4.5,123092.83,0.4767,1.1398,2.3911,0.4767,False,True,False,True,low_single_peak,低位单峰底仓稳,concentrated,0.2693,0.2594,True,False,
002705,新宝股份,2026-08-20,2,3,上涨缩量整理,uptrend,惜售、趋势健康,持股或寻找加仓机会,True,92.0,True,20.0,20.0,20.0,20.0,12.0,缩量+低换手，惜售一致,11.3,-0.1767,11.6645,11.603166666666665,10.58,12.86,0.3158,-3.1249,-2.6128,41327.24,83933.33649999999,0.4924,False,True,False,True,False,True,12.33,11.44,11.3,41327.24,0.4924,0.5117,1.0393,0.4924,False,True,False,True,multi_peak_stable,上涨多峰底不动,concentrated,0.2674,0.4035,True,False,
600661,昂立教育,2026-08-20,2,3,上涨缩量整理,uptrend,惜售、趋势健康,持股或寻找加仓机会,False,92.0,True,20.0,20.0,20.0,20.0,12.0,,8.79,-1.4574,8.9855,8.121,6.75,10.03,0.622,-2.1757,8.2379,70845.0,135084.086,0.5245,False,True,False,True,False,False,10.03,9.01,8.79,70845.0,0.5245,2.4724,4.7142,0.5245,False,False,False,True,multi_peak_stable,上涨多峰底不动,concentrated,0.3276,0.8384,True,False,
600818,ST中路,2026-08-20,2,3,上涨缩量整理,uptrend,惜售、趋势健康,持股或寻找加仓机会,True,92.0,True,20.0,20.0,20.0,20.0,12.0,缩量+低换手，惜售一致,6.9,-2.4045,6.838499999999999,6.132499999999999,5.17,7.84,0.6479,0.8993,12.5153,37277.01,63421.76499999999,0.5878,False,True,False,True,False,False,7.84,7.18,6.9,37277.01,0.5878,1.5665,2.6652,0.5878,False,True,False,True,multi_peak_stable,上涨多峰底不动,concentrated,0.2269,0.7603,True,False,
601168,西部矿业,2026-08-20,2,3,上涨缩量整理,uptrend,惜售、趋势健康,持股或寻找加仓机会,False,92.0,True,20.0,20.0,20.0,20.0,12.0,,36.66,-0.4616,38.3795,33.24583333333334,26.12,43.29,0.6139,-4.4803,10.2695,540954.01,802215.9205,0.6743,False,True,False,True,False,True,43.29,38.29,36.66,540954.01,0.6743,2.2701,3.3664,0.6743,False,False,False,True,multi_peak_stable,上涨多峰底不动,concentrated,0.0919,0.6453,True,False,
601969,海南矿业,2026-08-20,2,3,上涨缩量整理,uptrend,惜售、趋势健康,持股或寻找加仓机会,True,92.0,True,20.0,20.0,20.0,20.0,12.0,缩量+低换手，惜售一致；底仓稳+缩量，健康整理,9.23,0.0,9.1125,8.869833333333334,7.7,9.93,0.6861,1.2894,4.0606,132782.65,200760.49800000002,0.6614,False,True,False,False,False,True,9.6,9.47,9.23,132782.65,0.6614,0.6732,1.0178,0.6614,False,True,False,True,multi_peak_stable,上涨多峰底不动,concentrated,0.1282,0.6726,True,False,
000069,华侨城A,2026-08-20,2,3,上涨缩量整理,uptrend,惜售、趋势健康,持股或寻找加仓机会,False,84.0,True,20.0,10.0,20.0,20.0,14.0,,1.79,1.7045,1.782,1.7666666666666666,1.57,2.09,0.4231,0.4489,1.3208,510490.08,562589.554,0.9074,False,False,True,False,False,False,1.98,1.82,1.79,510490.08,0.9074,0.74,0.8155,0.9074,False,True,False,True,low_single_peak,低位单峰底仓稳,concentrated,0.1951,0.25,True,False,
000501,武商集团,2026-08-20,2,3,上涨缩量整理,uptrend,惜售、趋势健康,持股或寻找加仓机会,False,84.0,True,20.0,10.0,20.0,20.0,14.0,,7.13,1.1348,7.1305000000000005,7.097166666666666,6.4,7.95,0.471,-0.007,0.4626,65383.0,69247.9585,0.9442,False,False,True,False,False,False,7.33,7.15,7.13,65383.0,0.9442,0.851,0.9013,0.9442,False,True,False,True,single_peak,单峰,concentrated,0.214,0.3871,False,False,
000656,金科股份,2026-08-20,2,3,上涨缩量整理,uptrend,惜售、趋势健康,持股或寻找加仓机会,False,84.0,True,20.0,10.0,20.0,20.0,14.0,,1.26,2.439,1.2445,1.286,1.04,1.53,0.449,1.2455,-2.0218,1466858.08,1817957.1254999998,0.8069,False,False,True,False,False,False,1.38,1.28,1.26,1466858.08,0.8069,1.9333,2.396,0.8069,False,True,False,True,low_single_peak,低位单峰底仓稳,concentrated,0.4587,0.3265,True,False,
000878,云南铜业,2026-08-20,2,3,上涨缩量整理,uptrend,惜售、趋势健康,持股或寻找加仓机会,False,84.0,True,20.0,10.0,20.0,20.0,14.0,,16.09,0.941,16.162,16.386499999999998,14.01,19.67,0.3675,-0.4455,-1.8094,387848.6,437270.23500000004,0.887,False,False,True,False,False,True,17.35,16.58,16.09,387848.6,0.887,1.9357,2.1824,0.887,False,True,False,True,single_peak,单峰,concentrated,0.3757,0.3516,True,False,
002091,江苏国泰,2026-08-20,2,3,上涨缩量整理,uptrend,惜售、趋势健康,持股或寻找加仓机会,False,84.0,True,20.0,10.0,20.0,20.0,14.0,,7.78,0.7772,7.737,7.672666666666667,7.06,8.74,0.4286,0.5558,1.3989,115635.6,115831.21599999999,0.9983,False,False,True,False,False,True,8.05,7.84,7.78,115635.6,0.9983,0.7217,0.7229,0.9984,False,True,False,True,multi_peak_stable,上涨多峰底不动,concentrated,0.0966,0.381,True,False,
002187,广百股份,2026-08-20,2,3,上涨缩量整理,uptrend,惜售、趋势健康,持股或寻找加仓机会,False,84.0,True,20.0,10.0,20.0,20.0,14.0,,5.33,2.1073,5.255,5.127,4.53,5.99,0.5479,1.4272,3.9594,80121.0,112612.41399999999,0.7115,False,False,True,False,False,False,5.5,5.35,5.33,80121.0,0.7115,1.1431,1.6067,0.7115,False,True,False,True,multi_peak_stable,上涨多峰底不动,concentrated,0.1674,0.5274,True,False,
002269,美邦服饰,2026-08-20,2,3,上涨缩量整理,uptrend,惜售、趋势健康,持股或寻找加仓机会,False,84.0,True,20.0,10.0,20.0,20.0,14.0,,1.44,2.1277,1.424,1.4175,1.27,1.6,0.5152,1.1236,1.5873,349864.03,475757.717,0.7354,False,False,True,False,False,False,1.53,1.45,1.44,349864.03,0.7354,1.4928,2.0299,0.7354,False,True,False,True,single_peak,单峰,concentrated,0.4489,0.3939,True,False,
002293,罗莱生活,2026-08-20,2,3,上涨缩量整理,uptrend,惜售、趋势健康,持股或寻找加仓机会,False,84.0,True,20.0,10.0,20.0,20.0,14.0,,11.36,1.2478,11.157,10.627500000000001,9.41,11.85,0.7992,1.8195,6.8925,56489.66,71448.101,0.7906,False,False,True,False,False,False,11.52,11.4,11.36,56489.66,0.7906,0.6804,0.8606,0.7906,False,True,False,True,multi_peak_stable,上涨多峰底不动,concentrated,0.0965,0.6516,True,False,
002327,富安娜,2026-08-20,2,3,上涨缩量整理,uptrend,惜售、趋势健康,持股或寻找加仓机会,False,84.0,True,20.0,10.0,20.0,20.0,14.0,,6.63,0.607,6.526999999999999,6.443166666666667,5.9,6.83,0.7849,1.5781,2.8997,33322.0,45217.7935,0.7369,False,False,True,False,False,True,6.77,6.65,6.63,33322.0,0.7369,0.6787,0.921,0.7369,False,True,False,True,multi_peak_stable,上涨多峰底不动,concentrated,0.1917,0.6452,True,False,
002574,明牌珠宝,2026-08-20,2,3,上涨缩量整理,uptrend,惜售、趋势健康,持股或寻找加仓机会,False,84.0,True,20.0,10.0,20.0,20.0,14.0,,4.66,2.8698,4.512,4.493833333333333,3.98,5.15,0.5812,3.2801,3.6977,64875.87,69247.269,0.9369,False,False,True,False,False,False,4.72,4.7,4.66,64875.87,0.9369,1.2287,1.3115,0.9369,False,True,False,True,multi_peak_stable,上涨多峰底不动,concentrated,0.1677,0.5299,True,False,
002763,汇洁股份,2026-08-20,2,3,上涨缩量整理,uptrend,惜售、趋势健康,持股或寻找加仓机会,False,84.0,True,20.0,10.0,20.0,20.0,14.0,,7.61,0.5284,7.3125,7.322666666666666,6.47,8.36,0.6032,4.0684,3.9239,44860.0,62340.2055,0.7196,False,False,True,False,False,True,7.83,7.65,7.61,44860.0,0.7196,1.4773,2.0533,0.7195,False,True,False,True,multi_peak_stable,上涨多峰底不动,concentrated,0.1217,0.5979,True,False,
002872,ST天圣,2026-08-20,2,3,上涨缩量整理,uptrend,惜售、趋势健康,持股或寻找加仓机会,False,84.0,True,20.0,10.0,20.0,20.0,14.0,,5.3,0.7605,5.1375,5.0135,4.32,5.59,0.7717,3.163,5.7146,30808.0,23044.6505,1.3369,False,False,True,False,False,True,5.49,5.42,5.3,30808.0,1.3369,1.4335,1.0722,1.3369,False,True,True,True,single_peak,单峰,concentrated,0.2266,0.6929,True,False,
600128,苏豪弘业,2026-08-20,2,3,上涨缩量整理,uptrend,惜售、趋势健康,持股或寻找加仓机会,False,84.0,True,20.0,10.0,20.0,20.0,14.0,,8.26,1.599,7.9905,8.079666666666666,7.15,9.33,0.5092,3.3728,2.2319,35495.0,36279.48300000001,0.9784,False,False,True,False,False,False,8.33,8.31,8.26,35495.0,0.9784,1.4384,1.4702,0.9784,False,True,False,True,low_single_peak,低位单峰底仓稳,concentrated,0.1429,0.0688,True,False,
600189,泉阳泉,2026-08-20,2,3,上涨缩量整理,uptrend,惜售、趋势健康,持股或寻找加仓机会,False,84.0,True,20.0,10.0,20.0,20.0,14.0,,7.47,1.7711,7.346500000000001,7.504833333333334,6.86,8.53,0.3653,1.6811,-0.4641,79407.88,104772.3285,0.7579,False,False,True,False,False,False,7.7,7.49,7.47,79407.88,0.7579,1.1103,1.4649,0.7579,False,True,False,True,low_single_peak,低位单峰底仓稳,concentrated,0.1407,0.3234,True,False,
600208,衢州发展,2026-08-20,2,3,上涨缩量整理,uptrend,惜售、趋势健康,持股或寻找加仓机会,False,84.0,True,20.0,10.0,20.0,20.0,14.0,,2.98,2.0548,2.9579999999999997,2.9328333333333334,2.72,3.25,0.4906,0.7437,1.6082,840829.02,1022228.7665000001,0.8225,False,False,True,False,False,False,3.2,3.0,2.98,840829.02,0.8225,0.9883,1.2015,0.8226,False,True,False,True,single_peak,单峰,concentrated,0.1989,0.3396,False,False,
600551,时代出版,2026-08-20,2,3,上涨缩量整理,uptrend,惜售、趋势健康,持股或寻找加仓机会,False,84.0,True,20.0,10.0,20.0,20.0,14.0,,6.98,1.6012,6.912000000000001,6.896000000000001,6.47,7.43,0.5313,0.9838,1.2181,38827.01,42084.240000000005,0.9226,False,False,True,False,False,False,7.13,7.0,6.98,38827.01,0.9226,0.5726,0.6207,0.9226,False,True,False,True,multi_peak_stable,上涨多峰底不动,concentrated,0.1276,0.4479,True,False,
600655,豫园股份,2026-08-20,2,3,上涨缩量整理,uptrend,惜售、趋势健康,持股或寻找加仓机会,False,84.0,True,20.0,10.0,20.0,20.0,14.0,,4.61,0.8753,4.598,4.468166666666666,4.02,4.79,0.7662,0.261,3.1743,139079.8,126967.60949999999,1.0954,False,False,True,False,False,True,4.79,4.65,4.61,139079.8,1.0954,0.3575,0.3264,1.0952,False,True,False,True,multi_peak_stable,上涨多峰底不动,concentrated,0.1071,0.7532,True,False,
600774,汉商集团,2026-08-20,2,3,上涨缩量整理,uptrend,惜售、趋势健康,持股或寻找加仓机会,False,84.0,True,20.0,10.0,20.0,20.0,14.0,,7.39,3.0683,6.8575,6.806666666666667,5.84,7.89,0.7561,7.7652,8.57,45725.97,46642.277,0.9804,False,False,True,False,False,False,7.44,7.48,7.39,45725.97,0.9804,1.5507,1.5817,0.9804,False,True,False,True,multi_peak_stable,上涨多峰底不动,concentrated,0.1685,0.6634,True,False,
600824,益民集团,2026-08-20,2,3,上涨缩量整理,uptrend,惜售、趋势健康,持股或寻找加仓机会,False,84.0,True,20.0,10.0,20.0,20.0,14.0,,3.63,0.8333,3.5509999999999997,3.521333333333333,3.19,3.91,0.6111,2.2247,3.086,182821.8,125173.38100000001,1.4605,False,False,True,False,False,True,3.91,3.66,3.63,182821.8,1.4605,1.7345,1.1876,1.4605,False,True,True,True,low_single_peak,低位单峰底仓稳,concentrated,0.1842,0.1528,True,False,
600993,马应龙,2026-08-20,2,3,上涨缩量整理,uptrend,惜售、趋势健康,持股或寻找加仓机会,False,84.0,True,20.0,10.0,20.0,20.0,14.0,,23.49,1.3374,23.5065,22.935000000000002,20.62,24.67,0.7086,-0.0702,2.4199,50012.91,58722.237,0.8517,False,False,True,False,False,False,24.67,23.62,23.49,50012.91,0.8517,1.1622,1.3646,0.8517,False,True,False,True,single_peak,单峰,concentrated,0.1671,0.6864,True,False,
601061,中信金属,2026-08-20,2,3,上涨缩量整理,uptrend,惜售、趋势健康,持股或寻找加仓机会,False,84.0,True,20.0,10.0,20.0,20.0,14.0,,11.96,3.5498,11.795,11.488,9.82,13.61,0.5646,1.3989,4.1086,299366.0,245294.21950000004,1.2204,False,False,True,False,False,False,13.17,12.38,11.96,299366.0,1.2204,0.611,0.5006,1.2205,False,True,False,True,multi_peak_stable,上涨多峰底不动,concentrated,0.0813,0.4697,True,False,
603238,诺邦股份,2026-08-20,2,3,上涨缩量整理,uptrend,惜售、趋势健康,持股或寻找加仓机会,False,84.0,True,20.0,10.0,20.0,20.0,14.0,,12.4,2.3947,11.8855,11.912166666666668,10.54,13.87,0.5586,4.3288,4.0953,21192.0,26313.664999999997,0.8054,False,False,True,False,False,False,12.5,12.48,12.4,21192.0,0.8054,1.1939,1.4824,0.8054,False,True,False,True,multi_peak_stable,上涨多峰底不动,concentrated,0.1926,0.4384,True,False,
603615,茶花股份,2026-08-20,2,3,上涨缩量整理,uptrend,惜售、趋势健康,持股或寻找加仓机会,False,84.0,True,20.0,10.0,20.0,20.0,14.0,,17.14,1.7211,16.1055,16.868666666666666,13.66,21.6,0.4383,6.4233,1.6085,29062.26,36908.582,0.7874,False,False,True,False,False,False,18.22,17.25,17.14,29062.26,0.7874,1.2018,1.5263,0.7874,False,True,False,True,multi_peak_stable,上涨多峰底不动,concentrated,0.0838,0.4458,True,False,
603839,安正时尚,2026-08-20,2,3,上涨缩量整理,uptrend,惜售、趋势健康,持股或寻找加仓机会,False,84.0,True,20.0,10.0,20.0,20.0,14.0,,7.18,3.3094,6.7515,6.428333333333333,5.57,7.68,0.763,6.3467,11.693,30745.6,41558.13650000001,0.7398,False,False,True,False,False,False,7.25,7.21,7.18,30745.6,0.7398,0.7944,1.0738,0.7398,False,True,False,True,multi_peak_stable,上涨多峰底不动,concentrated,0.1172,0.3934,True,False,
603979,金诚信,2026-08-20,2,3,上涨缩量整理,uptrend,惜售、趋势健康,持股或寻找加仓机会,False,84.0,True,20.0,10.0,20.0,20.0,14.0,,74.9,2.814,74.801,70.0335,56.57,81.13,0.7463,0.1324,6.9488,73469.01,91184.41699999999,0.8057,False,False,True,False,False,False,81.13,77.5,74.9,73469.01,0.8057,1.1778,1.4618,0.8057,False,True,False,True,multi_peak_stable,上涨多峰底不动,concentrated,0.0619,0.726,True,False,
605009,豪悦护理,2026-08-20,2,3,上涨缩量整理,uptrend,惜售、趋势健康,持股或寻找加仓机会,False,84.0,True,20.0,10.0,20.0,20.0,14.0,,23.95,1.5691,23.851499999999998,23.441333333333333,20.66,25.41,0.6926,0.413,2.17,10363.63,11319.2845,0.9156,False,False,True,False,False,False,24.71,24.06,23.95,10363.63,0.9156,0.4821,0.5266,0.9155,False,True,False,True,multi_peak_stable,上涨多峰底不动,concentrated,0.1954,0.7032,True,False,
605199,ST葫芦娃,2026-08-20,2,3,上涨缩量整理,uptrend,惜售、趋势健康,持股或寻找加仓机会,False,84.0,True,20.0,10.0,20.0,20.0,14.0,,5.89,0.8562,5.8595,5.965999999999999,5.15,7.05,0.3895,0.5205,-1.2739,12522.0,14650.905999999999,0.8547,False,False,True,False,False,True,6.4,6.02,5.89,12522.0,0.8547,0.313,0.3662,0.8548,False,True,False,True,low_single_peak,低位单峰底仓稳,concentrated,0.2335,0.1316,True,False,
605599,菜百股份,2026-08-20,2,3,上涨缩量整理,uptrend,惜售、趋势健康,持股或寻找加仓机会,False,84.0,True,20.0,10.0,20.0,20.0,14.0,,15.79,0.5092,16.061500000000002,15.043333333333331,13.38,17.71,0.5566,-1.6904,4.9634,105016.89,100933.84150000001,1.0405,False,False,True,False,False,True,17.71,16.65,15.79,105016.89,1.0405,1.3502,1.2977,1.0404,False,True,False,True,multi_peak_stable,上涨多峰底不动,concentrated,0.0612,0.6051,True,False,
002266,浙富控股,2026-08-20,2,3,上涨缩量整理,uptrend,惜售、趋势健康,持股或寻找加仓机会,False,82.0,True,20.0,10.0,20.0,20.0,12.0,,4.82,-1.0267,4.8315,4.911333333333333,4.37,5.82,0.3103,-0.238,-1.8596,577080.33,781133.4625000001,0.7388,False,False,False,True,False,False,5.2,4.97,4.82,577080.33,0.7388,1.1917,1.613,0.7388,False,True,False,True,multi_peak_stable,上涨多峰底不动,concentrated,0.1932,0.4345,True,False,
002563,森马服饰,2026-08-20,2,3,上涨缩量整理,uptrend,惜售、趋势健康,持股或寻找加仓机会,False,82.0,True,20.0,10.0,20.0,20.0,12.0,,5.88,-0.8432,6.004,5.6258333333333335,4.92,6.47,0.6194,-2.0653,4.5178,183982.81,234737.339,0.7838,False,False,False,True,False,True,6.47,6.03,5.88,183982.81,0.7838,0.8312,1.0631,0.7819,False,True,False,True,multi_peak_stable,上涨多峰底不动,concentrated,0.112,0.3742,True,False,
002867,周大生,2026-08-20,2,3,上涨缩量整理,uptrend,惜售、趋势健康,持股或寻找加仓机会,False,82.0,True,20.0,10.0,20.0,20.0,12.0,,12.33,-0.4039,12.556999999999999,11.859166666666669,10.52,13.06,0.7126,-1.8078,3.9702,76900.52,73212.71949999999,1.0504,False,False,False,True,False,True,13.06,12.63,12.33,76900.52,1.0504,0.7126,0.6785,1.0503,False,True,False,True,multi_peak_stable,上涨多峰底不动,concentrated,0.0812,0.7008,True,False,
600987,航民股份,2026-08-20,2,3,上涨缩量整理,uptrend,惜售、趋势健康,持股或寻找加仓机会,False,82.0,True,20.0,10.0,20.0,20.0,12.0,,6.53,-0.1529,6.635,6.503666666666667,5.97,6.85,0.6364,-1.5825,0.4049,66757.55,63100.8905,1.0579,False,False,False,True,False,True,6.85,6.63,6.53,66757.55,1.0579,0.654,0.6181,1.058,False,True,False,True,multi_peak_stable,上涨多峰底不动,concentrated,0.1678,0.7159,True,False,
603132,金徽股份,2026-08-20,2,3,上涨缩量整理,uptrend,惜售、趋势健康,持股或寻找加仓机会,False,82.0,True,20.0,10.0,20.0,20.0,12.0,,18.27,-0.2185,17.2725,16.356,13.86,19.47,0.7861,5.7751,11.7021,60586.82,86449.176,0.7008,False,False,False,True,False,True,19.47,18.9,18.27,60586.82,0.7008,0.6195,0.884,0.7008,False,True,False,True,single_peak,单峰,concentrated,0.0364,0.8806,True,False,
603398,*ST沐邦,2026-08-20,2,3,上涨缩量整理,uptrend,惜售、趋势健康,持股或寻找加仓机会,False,82.0,True,20.0,10.0,20.0,20.0,12.0,,10.49,-3.318,9.937000000000001,12.207333333333334,7.66,15.08,0.3814,5.5651,-14.068,71662.73,93183.49399999999,0.769,False,False,False,True,False,False,11.44,10.95,10.49,71662.73,0.769,1.6526,2.1489,0.7691,False,True,False,True,multi_peak_stable,上涨多峰底不动,concentrated,0.1383,0.4232,True,False,
001219,青岛食品,2026-08-20,2,3,上涨缩量整理,uptrend,惜售、趋势健康,持股或寻找加仓机会,True,78.0,True,20.0,20.0,20.0,4.0,14.0,缩量+低换手，惜售一致；吸筹/持股组合但筹码发散,12.7,0.316,12.511,12.461333333333334,11.23,13.72,0.5904,1.5107,1.9153,20386.0,29864.288500000002,0.6826,False,True,True,False,False,True,13.68,12.76,12.7,20386.0,0.6826,1.0718,1.5702,0.6826,False,True,False,True,multi_peak,多峰,dispersed,0.0744,0.6707,False,True,
002173,创新医疗,2026-08-20,2,3,上涨缩量整理,uptrend,惜售、趋势健康,持股或寻找加仓机会,True,78.0,True,20.0,20.0,20.0,4.0,14.0,吸筹/持股组合但筹码发散,19.06,2.7493,20.6435,18.612,15.28,24.0,0.4335,-7.6707,2.407,413726.9,700976.6355,0.5902,False,True,True,False,False,False,24.0,19.6,19.06,413726.9,0.5902,9.8304,16.6556,0.5902,True,False,False,True,scattered,多峰分散无主力,dispersed,0.0592,0.4381,True,False,
002584,西陇科学,2026-08-20,2,3,上涨缩量整理,uptrend,惜售、趋势健康,持股或寻找加仓机会,True,78.0,True,20.0,20.0,20.0,4.0,14.0,吸筹/持股组合但筹码发散,8.06,1.2563,7.7780000000000005,8.278166666666667,6.23,11.75,0.3315,3.6256,-2.6354,185723.0,313609.7145,0.5922,False,True,True,False,False,False,8.45,8.16,8.06,185723.0,0.5922,3.9648,6.695,0.5922,False,False,False,True,single_peak,单峰,dispersed,0.2757,0.3569,False,True,
002599,盛通股份,2026-08-20,2,3,上涨缩量整理,uptrend,惜售、趋势健康,持股或寻找加仓机会,True,78.0,True,20.0,20.0,20.0,4.0,14.0,缩量+低换手，惜售一致；吸筹/持股组合但筹码发散,5.87,1.5571,6.0725,5.817166666666666,4.84,6.57,0.5954,-3.3347,0.9082,63741.0,107307.058,0.594,False,True,True,False,False,False,6.42,5.9,5.87,63741.0,0.594,1.542,2.5959,0.594,False,True,False,True,scattered,多峰分散无主力,dispersed,0.1606,0.6705,True,False,
002719,ST麦趣,2026-08-20,2,3,上涨缩量整理,uptrend,惜售、趋势健康,持股或寻找加仓机会,True,78.0,True,20.0,20.0,20.0,4.0,14.0,缩量+低换手，惜售一致；吸筹/持股组合但筹码发散,6.05,2.3689,5.958,6.273333333333334,4.71,7.9,0.4201,1.5441,-3.56,19813.0,42754.46799999999,0.4634,False,True,True,False,False,False,6.33,6.06,6.05,19813.0,0.4634,1.224,2.6412,0.4634,False,True,False,True,scattered,多峰分散无主力,dispersed,0.1595,0.373,True,False,
002780,三夫户外,2026-08-20,2,3,上涨缩量整理,uptrend,惜售、趋势健康,持股或寻找加仓机会,True,78.0,True,20.0,20.0,20.0,4.0,14.0,吸筹/持股组合但筹码发散,13.27,3.108,13.006499999999999,12.998833333333332,11.2,14.76,0.5815,2.0259,2.0861,40474.45,58371.2,0.6934,False,True,True,False,False,False,13.74,13.31,13.27,40474.45,0.6934,3.0979,4.4677,0.6934,False,False,False,True,single_peak,单峰,dispersed,0.131,0.5618,False,True,
603610,麒盛科技,2026-08-20,2,3,上涨缩量整理,uptrend,惜售、趋势健康,持股或寻找加仓机会,True,78.0,True,20.0,20.0,20.0,4.0,14.0,缩量+低换手，惜售一致；吸筹/持股组合但筹码发散,15.36,2.4,14.678,16.058333333333334,12.32,20.04,0.3938,4.6464,-4.3487,49729.0,80831.679,0.6152,False,True,True,False,False,False,16.17,15.85,15.36,49729.0,0.6152,1.4088,2.2899,0.6152,False,True,False,True,scattered,多峰分散无主力,dispersed,0.0406,0.4119,True,False,
000630,铜陵有色,2026-08-20,2,3,上涨缩量整理,uptrend,惜售、趋势健康,持股或寻找加仓机会,False,76.0,True,20.0,10.0,12.0,20.0,14.0,,6.41,0.6279,6.4365,6.498833333333334,5.69,8.02,0.309,-0.4117,-1.3669,2706708.85,3030042.4485000004,0.8933,False,False,True,False,False,True,7.0,6.6,6.41,2706708.85,0.8933,2.4291,2.7192,0.8933,False,False,False,True,low_single_peak,低位单峰底仓稳,concentrated,0.1292,0.3047,True,False,
000710,贝瑞基因,2026-08-20,2,3,上涨缩量整理,uptrend,惜售、趋势健康,持股或寻找加仓机会,False,76.0,True,20.0,10.0,12.0,20.0,14.0,,9.37,9.9765,8.824000000000002,8.273,7.2,9.99,0.7778,6.1877,13.26,153198.0,204867.61,0.7478,False,False,True,False,False,False,9.99,9.37,9.37,153198.0,0.7478,4.649,6.217,0.7478,False,False,False,True,multi_peak_stable,上涨多峰底不动,concentrated,0.1494,0.8244,True,False,
000737,北方铜业,2026-08-20,2,3,上涨缩量整理,uptrend,惜售、趋势健康,持股或寻找加仓机会,False,76.0,True,20.0,10.0,12.0,20.0,14.0,,14.06,1.5896,13.8155,13.523666666666667,11.5,15.54,0.6337,1.7698,3.9659,782970.08,610719.6,1.282,False,False,True,False,False,False,14.95,14.57,14.06,782970.08,1.282,4.1111,3.2066,1.2821,False,False,False,True,multi_peak_stable,上涨多峰底不动,concentrated,0.1788,0.7178,True,False,
000955,欣龙控股,2026-08-20,2,3,上涨缩量整理,uptrend,惜售、趋势健康,持股或寻找加仓机会,False,76.0,True,20.0,10.0,12.0,20.0,14.0,,4.22,0.4762,4.1045,4.223333333333333,3.47,5.15,0.4464,2.814,-0.0789,111264.2,104887.00150000001,1.0608,False,False,True,False,False,True,4.42,4.26,4.22,111264.2,1.0608,2.0669,1.9484,1.0608,False,False,False,True,multi_peak_stable,上涨多峰底不动,concentrated,0.177,0.494,True,False,
002132,恒星科技,2026-08-20,2,3,上涨缩量整理,uptrend,惜售、趋势健康,持股或寻找加仓机会,False,76.0,True,20.0,10.0,12.0,20.0,14.0,,4.46,1.8265,4.1765,4.8341666666666665,3.72,6.14,0.3058,6.788,-7.74,472328.12,560820.7465,0.8422,False,False,True,False,False,False,4.7,4.5,4.46,472328.12,0.8422,3.3757,4.0082,0.8422,False,False,False,True,low_single_peak,低位单峰底仓稳,concentrated,0.1371,0.281,True,False,
002345,潮宏基,2026-08-20,2,3,上涨缩量整理,uptrend,惜售、趋势健康,持股或寻找加仓机会,False,76.0,True,20.0,10.0,12.0,20.0,14.0,,10.17,6.3808,10.506,9.895666666666667,8.37,11.95,0.5028,-3.1982,2.7723,414632.98,293198.237,1.4142,False,False,True,False,False,False,11.95,10.48,10.17,414632.98,1.4142,4.7811,3.3809,1.4142,False,False,True,True,multi_peak_stable,上涨多峰底不动,concentrated,0.1071,0.5112,True,False,
002721,金一文化,2026-08-20,2,3,上涨缩量整理,uptrend,惜售、趋势健康,持股或寻找加仓机会,False,76.0,True,20.0,10.0,12.0,20.0,14.0,,2.59,2.7778,2.617,2.4480000000000004,2.14,3.23,0.4128,-1.0317,5.8007,1229062.99,1313285.9239999999,0.9359,False,False,True,False,False,False,3.23,2.69,2.59,1229062.99,0.9359,4.6216,4.9383,0.9359,False,False,False,True,single_peak,单峰,concentrated,0.2841,0.6055,True,False,
002727,一心堂,2026-08-20,2,3,上涨缩量整理,uptrend,惜售、趋势健康,持股或寻找加仓机会,False,76.0,True,20.0,10.0,12.0,20.0,14.0,,11.9,3.0303,11.6875,11.112333333333332,9.41,12.91,0.7114,1.8182,7.0882,99426.95,137254.6865,0.7244,False,False,True,False,False,False,12.91,11.96,11.9,99426.95,0.7244,2.5305,3.4932,0.7244,False,False,False,True,multi_peak,多峰,concentrated,0.0835,0.7686,False,False,
002950,奥美医疗,2026-08-20,2,3,上涨缩量整理,uptrend,惜售、趋势健康,持股或寻找加仓机会,False,76.0,True,20.0,10.0,12.0,20.0,14.0,,9.57,3.3477,9.286,9.233666666666666,8.33,10.37,0.6078,3.0584,3.6425,100839.0,70726.99250000001,1.4257,False,False,True,False,False,False,9.67,9.66,9.57,100839.0,1.4257,2.3472,1.6463,1.4258,False,False,True,True,single_peak,单峰,concentrated,0.3139,0.4755,True,False,
600362,江西铜业,2026-08-20,2,3,上涨缩量整理,uptrend,惜售、趋势健康,持股或寻找加仓机会,False,76.0,True,20.0,10.0,12.0,20.0,14.0,,44.57,1.2494,44.963,43.84883333333333,37.46,54.38,0.4202,-0.8741,1.6447,522570.6,611369.392,0.8548,False,False,True,False,False,False,49.98,46.11,44.57,522570.6,0.8548,2.5181,2.946,0.8548,False,False,False,True,multi_peak_stable,上涨多峰底不动,concentrated,0.1411,0.5165,True,False,
600531,豫光金铅,2026-08-20,2,3,上涨缩量整理,uptrend,惜售、趋势健康,持股或寻找加仓机会,False,76.0,True,20.0,10.0,12.0,20.0,14.0,,13.09,2.1858,12.635000000000002,13.014999999999999,10.58,17.06,0.3873,3.6011,0.5763,600570.57,531632.204,1.1297,False,False,True,False,False,False,14.7,13.69,13.09,600570.57,1.1297,4.9664,4.3963,1.1297,False,False,False,True,multi_peak_stable,上涨多峰底不动,concentrated,0.1483,0.4352,True,False,
600684,珠江股份,2026-08-20,2,3,上涨缩量整理,uptrend,惜售、趋势健康,持股或寻找加仓机会,False,76.0,True,20.0,10.0,12.0,20.0,14.0,,3.5,1.7442,3.442,3.312833333333333,2.89,3.85,0.6354,1.6851,5.6497,227462.61,173266.1765,1.3128,False,False,True,False,False,False,3.63,3.51,3.5,227462.61,1.3128,2.6652,2.0302,1.3128,False,False,True,True,multi_peak_stable,上涨多峰底不动,concentrated,0.3004,0.5312,True,False,
600711,盛屯矿业,2026-08-20,2,3,上涨缩量整理,uptrend,惜售、趋势健康,持股或寻找加仓机会,False,76.0,True,20.0,10.0,12.0,20.0,14.0,,11.64,1.6594,11.386999999999999,11.418000000000001,8.91,13.9,0.5471,2.2218,1.9443,1248364.84,1252403.0775000001,0.9968,False,False,True,False,False,False,13.18,12.18,11.64,1248364.84,0.9968,4.0392,4.0523,0.9968,False,False,False,True,multi_peak_stable,上涨多峰底不动,concentrated,0.075,0.5992,True,False,
601020,华钰矿业,2026-08-20,2,3,上涨缩量整理,uptrend,惜售、趋势健康,持股或寻找加仓机会,False,76.0,True,20.0,10.0,12.0,20.0,14.0,,21.27,2.0144,20.6535,21.805833333333336,17.02,27.17,0.4187,2.985,-2.4573,317944.61,271469.08150000003,1.1712,False,False,True,False,False,False,24.02,22.28,21.27,317944.61,1.1712,3.8775,3.3107,1.1712,False,False,False,True,multi_peak_stable,上涨多峰底不动,concentrated,0.099,0.4808,True,False,
603193,润本股份,2026-08-20,2,3,上涨缩量整理,uptrend,惜售、趋势健康,持股或寻找加仓机会,False,76.0,True,20.0,10.0,12.0,20.0,14.0,,21.36,5.0147,21.087,20.514666666666667,17.77,24.32,0.5481,1.2946,4.1206,42786.52,36967.066,1.1574,False,False,True,False,False,False,22.8,21.46,21.36,42786.52,1.1574,4.1405,3.5774,1.1574,False,False,False,True,multi_peak_stable,上涨多峰底不动,concentrated,0.1153,0.4931,True,False,
603367,辰欣药业,2026-08-20,2,3,上涨缩量整理,uptrend,惜售、趋势健康,持股或寻找加仓机会,False,76.0,True,20.0,10.0,12.0,20.0,14.0,,14.91,2.686,14.6095,13.981833333333334,12.13,16.16,0.6898,2.0569,6.6384,160049.0,156228.179,1.0245,False,False,True,False,False,False,15.71,15.17,14.91,160049.0,1.0245,3.535,3.4506,1.0245,False,False,False,True,single_peak,单峰,concentrated,0.2445,0.6377,True,False,
603900,莱绅通灵,2026-08-20,2,3,上涨缩量整理,uptrend,惜售、趋势健康,持股或寻找加仓机会,False,76.0,True,20.0,10.0,12.0,20.0,14.0,,6.19,3.1667,5.892,5.959833333333333,5.08,6.93,0.6,5.0577,3.862,89240.0,91356.8525,0.9768,False,False,True,False,False,False,6.53,6.28,6.19,89240.0,0.9768,2.6038,2.6656,0.9768,False,False,False,True,multi_peak_stable,上涨多峰底不动,concentrated,0.1671,0.5514,True,False,
002155,湖南黄金,2026-08-19,2,3,上涨缩量整理,uptrend,惜售、趋势健康,持股或寻找加仓机会,False,74.0,True,20.0,10.0,12.0,20.0,12.0,,24.56,-1.8385,24.154000000000003,24.14783333333333,20.42,29.31,0.4657,1.6809,1.7068,477355.72,559535.1835,0.8531,False,False,False,True,False,False,27.55,25.39,24.56,477355.72,0.8531,3.0548,3.5807,0.8531,False,False,False,True,multi_peak_stable,上涨多峰底不动,concentrated,0.1388,0.5377,True,False,
002219,新里程,2026-08-20,2,3,上涨缩量整理,uptrend,惜售、趋势健康,持股或寻找加仓机会,False,70.0,True,20.0,10.0,6.0,20.0,14.0,缩量组合但换手偏高,2.35,0.8584,2.2190000000000003,2.0473333333333334,1.69,2.66,0.6804,5.9036,14.7835,1725591.72,1408402.5665000002,1.2252,False,False,True,False,False,True,2.66,2.39,2.35,1725591.72,1.2252,5.2736,4.3046,1.2251,True,False,False,True,multi_peak_stable,上涨多峰底不动,concentrated,0.2064,0.6289,True,False,
002552,宝鼎科技,2026-08-20,2,3,上涨缩量整理,uptrend,惜售、趋势健康,持股或寻找加仓机会,False,70.0,True,20.0,10.0,6.0,20.0,14.0,缩量组合但换手偏高,57.04,10.0096,46.459500000000006,55.39033333333334,31.69,78.98,0.5361,22.7736,2.9783,385099.98,261892.65050000005,1.4704,False,False,True,False,False,False,62.77,57.04,57.04,385099.98,1.4704,10.4504,7.1069,1.4705,True,False,True,True,multi_peak_stable,上涨多峰底不动,concentrated,0.0613,0.5733,True,False,
002640,跨境通,2026-08-20,2,3,上涨缩量整理,uptrend,惜售、趋势健康,持股或寻找加仓机会,False,70.0,True,20.0,10.0,6.0,20.0,14.0,缩量组合但换手偏高,3.2,3.5599,3.3625,3.3146666666666667,2.72,3.98,0.381,-4.8327,-3.4594,906330.11,1162238.483,0.7798,False,False,True,False,False,False,3.65,3.26,3.2,906330.11,0.7798,5.8539,7.5067,0.7798,True,False,False,True,single_peak,单峰,concentrated,0.4216,0.5397,True,False,
002716,湖南白银,2026-08-20,2,3,上涨缩量整理,uptrend,惜售、趋势健康,持股或寻找加仓机会,False,70.0,True,20.0,10.0,6.0,20.0,14.0,缩量组合但换手偏高,9.47,4.0659,8.643,8.496,6.71,10.34,0.7603,9.5684,11.4642,2555911.97,2004229.7844999998,1.2753,False,False,True,False,False,False,10.34,9.95,9.47,2555911.97,1.2753,11.0051,8.6297,1.2753,True,False,False,True,single_peak,单峰,concentrated,0.2519,0.741,True,False,
600222,太龙药业,2026-08-20,2,3,上涨缩量整理,uptrend,惜售、趋势健康,持股或寻找加仓机会,False,70.0,True,20.0,10.0,6.0,20.0,14.0,缩量组合但换手偏高,8.11,0.1235,7.6114999999999995,7.632000000000001,6.5,9.05,0.6314,6.5493,6.2631,291104.9,211853.34650000004,1.3741,False,False,True,False,False,True,8.95,8.39,8.11,291104.9,1.3741,5.2042,3.7874,1.3741,True,False,True,True,multi_peak_stable,上涨多峰底不动,concentrated,0.0948,0.6275,True,False,
000025,特力A,2026-08-20,2,3,上涨缩量整理,uptrend,惜售、趋势健康,持股或寻找加仓机会,False,68.0,True,20.0,4.0,12.0,20.0,12.0,量能与组合方向相反,15.48,-1.3384,15.043000000000001,14.562166666666666,12.66,16.59,0.7176,2.905,6.3029,172548.32,89795.39949999998,1.9216,True,False,False,True,False,False,16.59,15.85,15.48,172548.32,1.9216,4.393,2.2862,1.9216,False,False,True,True,multi_peak_stable,上涨多峰底不动,concentrated,0.375,0.6972,True,False,
600459,贵研铂业,2026-08-20,2,3,上涨缩量整理,uptrend,惜售、趋势健康,持股或寻找加仓机会,False,68.0,True,20.0,10.0,6.0,20.0,12.0,缩量组合但换手偏高,21.3,-1.4801,20.1295,22.3405,16.8,29.99,0.3412,5.8148,-4.6575,420753.22,307885.17449999996,1.3666,False,False,False,True,False,False,23.58,22.8,21.3,420753.22,1.3666,5.5384,4.0527,1.3666,True,False,True,True,multi_peak_stable,上涨多峰底不动,concentrated,0.1143,0.3867,True,False,
600961,株冶集团,2026-08-20,2,3,上涨缩量整理,uptrend,惜售、趋势健康,持股或寻找加仓机会,False,68.0,True,20.0,10.0,6.0,20.0,12.0,缩量组合但换手偏高,27.09,-1.2395,26.193,26.8855,20.22,36.98,0.4099,3.4246,0.7606,504123.14,550735.4475,0.9154,False,False,False,True,False,False,30.8,28.93,27.09,504123.14,0.9154,6.7054,7.3254,0.9154,True,False,False,True,multi_peak_stable,上涨多峰底不动,concentrated,0.1043,0.5477,True,False,
603077,和邦生物,2026-08-20,2,3,上涨缩量整理,uptrend,惜售、趋势健康,持股或寻找加仓机会,False,68.0,True,20.0,10.0,20.0,4.0,14.0,吸筹/持股组合但筹码发散,2.38,1.2766,2.3825,2.3583333333333334,2.07,2.55,0.6458,-0.1049,0.9187,1213579.35,1518310.2850000001,0.7993,False,False,True,False,False,False,2.52,2.4,2.38,1213579.35,0.7993,1.3741,1.7192,0.7993,False,True,False,True,scattered,多峰分散无主力,dispersed,0.3628,0.4792,True,False,
603214,爱婴室,2026-08-20,2,3,上涨缩量整理,uptrend,惜售、趋势健康,持股或寻找加仓机会,False,68.0,True,20.0,10.0,20.0,4.0,14.0,吸筹/持股组合但筹码发散,13.89,2.0573,13.2805,13.160333333333334,11.62,15.3,0.6168,4.5894,5.5444,18598.0,24916.048,0.7464,False,False,True,False,False,False,13.98,13.93,13.89,18598.0,0.7464,1.3424,1.7985,0.7464,False,True,False,True,scattered,多峰分散无主力,dispersed,0.0709,0.0217,False,True,
001318,阳光乳业,2026-08-20,2,3,上涨缩量整理,uptrend,惜售、趋势健康,持股或寻找加仓机会,False,66.0,True,20.0,10.0,20.0,4.0,12.0,吸筹/持股组合但筹码发散,11.25,-0.266,11.019,10.738666666666665,9.5,12.69,0.5486,2.0964,4.7616,52314.55,69957.8435,0.7478,False,False,False,True,False,True,12.69,11.43,11.25,52314.55,0.7478,1.8508,2.475,0.7478,False,True,False,True,multi_peak,多峰,dispersed,0.0587,0.4389,False,True,
603406,天富龙,2026-08-20,2,3,上涨缩量整理,uptrend,惜售、趋势健康,持股或寻找加仓机会,False,62.0,True,20.0,4.0,6.0,20.0,12.0,量能与组合方向相反；缩量组合但换手偏高,29.02,-5.5339,27.345,27.332333333333334,25.0,31.41,0.6271,6.1254,6.1746,61273.37,17358.5015,3.5299,True,False,False,True,False,False,31.41,30.27,29.02,61273.37,3.5299,10.4349,3.5471,2.9418,True,False,True,True,multi_peak_stable,上涨多峰底不动,concentrated,0.0748,0.6552,True,False,
001360,南矿集团,2026-08-20,2,3,上涨缩量整理,uptrend,惜售、趋势健康,持股或寻找加仓机会,False,60.0,True,20.0,10.0,12.0,4.0,14.0,吸筹/持股组合但筹码发散,18.11,10.0243,15.532,16.986833333333333,12.22,23.03,0.5449,16.598,6.612,60084.0,57636.502,1.0425,False,False,True,False,False,False,18.27,18.11,18.11,60084.0,1.0425,4.7882,4.5931,1.0425,False,False,False,True,scattered,多峰分散无主力,dispersed,0.0606,0.4237,False,True,
002715,登云股份,2026-08-20,2,3,上涨缩量整理,uptrend,惜售、趋势健康,持股或寻找加仓机会,False,60.0,True,20.0,10.0,12.0,4.0,14.0,吸筹/持股组合但筹码发散,14.27,2.8098,13.617,14.058666666666669,11.44,16.38,0.5729,4.7955,1.5032,38759.11,43877.3165,0.8834,False,False,True,False,False,False,15.28,14.6,14.27,38759.11,0.8834,2.8086,3.1795,0.8833,False,False,False,True,single_peak,单峰,dispersed,0.2774,0.5992,False,True,
600857,宁波中百,2026-08-20,2,3,上涨缩量整理,uptrend,惜售、趋势健康,持股或寻找加仓机会,False,60.0,True,20.0,10.0,12.0,4.0,14.0,吸筹/持股组合但筹码发散,20.25,2.6876,17.8815,17.6445,13.83,24.24,0.6167,13.2455,14.7666,71874.3,75977.46,0.946,False,False,True,False,False,False,21.33,20.78,20.25,71874.3,0.946,3.2041,3.387,0.946,False,False,False,True,scattered,多峰分散无主力,dispersed,0.0918,0.6119,True,False,
601212,白银有色,2026-08-20,2,3,上涨缩量整理,uptrend,惜售、趋势健康,持股或寻找加仓机会,False,60.0,True,20.0,10.0,12.0,4.0,14.0,吸筹/持股组合但筹码发散,5.54,2.5926,5.319000000000001,5.372833333333333,4.38,6.55,0.5346,4.1549,3.1113,2231772.23,1889492.6185000003,1.1811,False,False,True,False,False,False,6.48,5.84,5.54,2231772.23,1.1811,3.014,2.5517,1.1812,False,False,False,True,multi_peak,多峰,dispersed,0.116,0.5622,False,True,
603439,三力制药,2026-08-20,2,3,上涨缩量整理,uptrend,惜售、趋势健康,持股或寻找加仓机会,False,60.0,True,20.0,10.0,12.0,4.0,14.0,吸筹/持股组合但筹码发散,12.92,2.4584,11.4785,12.947666666666667,9.51,17.38,0.4333,12.5583,-0.2137,104812.0,140376.075,0.7467,False,False,True,False,False,False,13.71,13.12,12.92,104812.0,0.7467,2.5954,3.476,0.7467,False,False,False,True,scattered,多峰分散无主力,dispersed,0.0732,0.418,False,True,
603630,拉芳家化,2026-08-20,2,3,上涨缩量整理,uptrend,惜售、趋势健康,持股或寻找加仓机会,False,60.0,True,20.0,10.0,12.0,4.0,14.0,吸筹/持股组合但筹码发散,14.97,5.5712,14.9065,14.0185,12.04,16.65,0.6356,0.426,6.7875,96957.0,102536.21599999999,0.9456,False,False,True,False,False,False,16.65,15.15,14.97,96957.0,0.9456,4.3053,4.553,0.9456,False,False,False,True,single_peak,单峰,dispersed,0.2243,0.577,False,True,
000603,盛达资源,2026-08-20,2,3,上涨缩量整理,uptrend,惜售、趋势健康,持股或寻找加仓机会,False,54.0,False,20.0,10.0,6.0,4.0,14.0,缩量组合但换手偏高；吸筹/持股组合但筹码发散,33.28,6.3599,29.8305,26.758666666666667,18.25,39.33,0.713,11.5637,24.3709,951984.0,720373.4965,1.3215,False,False,True,False,False,False,39.33,34.42,33.28,951984.0,1.3215,14.2787,10.8048,1.3215,True,False,True,True,single_peak,单峰,dispersed,0.2687,0.695,False,True,
002329,皇氏集团,2026-08-20,2,3,上涨缩量整理,uptrend,惜售、趋势健康,持股或寻找加仓机会,False,52.0,False,20.0,10.0,6.0,4.0,12.0,缩量组合但换手偏高；吸筹/持股组合但筹码发散,3.51,-7.874,3.566,3.3773333333333335,2.56,4.71,0.4419,-1.5704,3.9281,1272335.41,914085.4395,1.3919,False,False,False,True,False,False,4.71,3.72,3.51,1272335.41,1.3919,19.5265,14.0285,1.3919,True,False,True,True,scattered,多峰分散无主力,dispersed,0.1981,0.7628,False,True,
002678,珠江钢琴,2026-08-20,2,4,上涨放量突破,uptrend,趋势增强,可顺势参与，但避免追高过度,True,94.0,True,20.0,20.0,20.0,20.0,14.0,,4.89,3.8217,4.5055,4.708666666666667,3.72,6.44,0.4301,8.534,3.8511,345812.1,93741.064,3.689,True,False,True,False,False,False,5.09,5.06,4.89,345812.1,3.689,2.5473,0.6905,3.689,False,False,True,True,multi_peak_stable,上涨多峰底不动,concentrated,0.072,0.2132,True,False,
600490,鹏欣资源,2026-08-20,2,4,上涨放量突破,uptrend,趋势增强,可顺势参与，但避免追高过度,True,94.0,True,20.0,20.0,20.0,20.0,14.0,,7.25,2.6912,6.9185,6.667666666666666,5.51,8.07,0.6797,4.7915,8.7337,860761.51,569342.3304999999,1.5119,True,False,True,False,False,False,8.07,7.53,7.25,860761.51,1.5119,4.3197,2.8573,1.5118,False,False,True,True,multi_peak_stable,上涨多峰底不动,concentrated,0.1888,0.6602,True,False,
600763,通策医疗,2026-08-20,2,4,上涨放量突破,uptrend,趋势增强,可顺势参与，但避免追高过度,True,94.0,True,20.0,20.0,20.0,20.0,14.0,,36.54,3.6596,36.262,35.428999999999995,32.53,38.15,0.7135,0.7666,3.1358,181361.02,100226.465,1.8095,True,False,True,False,False,False,37.99,36.99,36.54,181361.02,1.8095,4.0547,2.2407,1.8095,False,False,True,True,single_peak,单峰,concentrated,0.3641,0.4751,True,False,
600916,中国黄金,2026-08-20,2,4,上涨放量突破,uptrend,趋势增强,可顺势参与，但避免追高过度,True,94.0,True,20.0,20.0,20.0,20.0,14.0,,7.69,0.6545,7.683,7.441,6.76,8.26,0.62,0.0911,3.3463,674046.55,369823.26950000005,1.8226,True,False,True,False,False,True,8.26,8.05,7.69,674046.55,1.8226,4.0122,2.2013,1.8226,False,False,True,True,multi_peak_stable,上涨多峰底不动,concentrated,0.1136,0.56,True,False,
603998,方盛制药,2026-08-20,2,4,上涨放量突破,uptrend,趋势增强,可顺势参与，但避免追高过度,True,94.0,True,20.0,20.0,20.0,20.0,14.0,放量+高换手，换手充分,10.43,2.86,9.7695,9.636500000000002,8.64,11.11,0.7247,6.7608,8.2343,226344.0,148289.564,1.5264,True,False,True,False,False,False,11.11,10.56,10.43,226344.0,1.5264,5.1549,3.3773,1.5263,True,False,True,True,multi_peak_stable,上涨多峰底不动,concentrated,0.1015,0.7126,True,False,
001368,通达创智,2026-08-20,2,4,上涨放量突破,uptrend,趋势增强,可顺势参与，但避免追高过度,True,82.0,True,20.0,20.0,20.0,4.0,18.0,吸筹/持股组合但筹码发散,24.35,6.7046,21.365000000000002,21.838666666666665,18.78,26.13,0.7578,13.9714,11.4995,41250.48,14297.782500000001,2.8851,True,False,True,False,True,False,23.65,24.65,24.35,41250.48,2.8851,3.8166,1.3229,2.8851,False,False,True,True,scattered,多峰分散无主力,dispersed,0.0534,0.0844,False,True,
002479,富春环保,2026-08-20,2,5,高位放量滞涨,high,分歧加大、可能派发,减仓或提高警惕,True,92.0,True,20.0,20.0,20.0,20.0,12.0,,5.79,3.2086,5.5665,5.0778333333333325,4.16,5.98,0.8956,4.0151,14.025,364888.0,181711.27250000002,2.0081,True,False,True,False,False,False,5.87,5.98,5.79,364888.0,2.0081,4.2278,2.1054,2.0081,False,False,True,True,high_single_empty,高位单峰底仓空,dispersed,0.1389,0.8462,True,False,
600327,大东方,2026-08-20,2,5,高位放量滞涨,high,分歧加大、可能派发,减仓或提高警惕,True,92.0,True,20.0,20.0,20.0,20.0,12.0,放量+高换手，换手充分,4.24,10.1299,3.7664999999999997,3.5473333333333334,3.03,4.3,0.9528,12.5714,19.5264,519620.44,214941.175,2.4175,True,False,True,False,False,False,4.3,4.24,4.24,519620.44,2.4175,5.8729,2.4293,2.4175,True,False,True,True,high_single_empty,高位单峰底仓空,dispersed,0.1936,0.7638,False,True,
002237,恒邦股份,2026-08-20,2,5,高位放量滞涨,high,分歧加大、可能派发,减仓或提高警惕,True,84.0,True,20.0,20.0,20.0,12.0,12.0,风险组合但筹码仍集中,15.0,4.7486,13.784,13.491666666666667,12.0,15.6,0.8333,8.8218,11.1797,509459.06,268053.636,1.9006,True,False,True,False,False,False,15.09,15.48,15.0,509459.06,1.9006,4.2727,2.2481,1.9006,False,False,True,True,multi_peak_stable,上涨多峰底不动,concentrated,0.1203,0.6111,True,False,
003023,彩虹集团,2026-08-20,2,5,高位放量滞涨,high,分歧加大、可能派发,减仓或提高警惕,True,84.0,True,20.0,10.0,20.0,20.0,14.0,,27.63,-1.0741,23.4365,21.854,16.11,29.0,0.8937,17.893,26.4299,64737.68,59716.214,1.0841,False,False,False,True,False,False,29.0,28.5,27.63,64737.68,1.0841,6.1584,5.6807,1.0841,True,False,False,True,high_single_empty,高位单峰底仓空,dispersed,0.0972,0.8759,False,True,
600315,上海家化,2026-08-20,2,5,高位放量滞涨,high,分歧加大、可能派发,减仓或提高警惕,True,84.0,True,20.0,20.0,20.0,12.0,12.0,风险组合但筹码仍集中,18.4,6.7905,17.7535,17.618666666666666,15.94,18.88,0.8367,3.6415,4.4347,249600.84,81536.77200000001,3.0612,True,False,True,False,False,False,18.88,18.75,18.4,249600.84,3.0612,3.713,1.2129,3.0612,False,False,True,True,multi_peak_stable,上涨多峰底不动,concentrated,0.279,0.4966,True,False,
000705,浙江震元,2026-08-20,2,5,高位放量滞涨,high,分歧加大、可能派发,减仓或提高警惕,False,82.0,True,20.0,10.0,20.0,20.0,12.0,,7.17,3.4632,6.726000000000001,6.540666666666667,5.76,7.35,0.8868,6.6012,9.6219,94683.38,64588.802,1.4659,False,False,True,False,False,False,7.35,7.25,7.17,94683.38,1.4659,3.358,2.2907,1.4659,False,False,True,True,multi_peak,多峰,dispersed,0.117,0.7799,False,True,
000915,华特达因,2026-08-20,2,5,高位放量滞涨,high,分歧加大、可能派发,减仓或提高警惕,False,82.0,True,20.0,10.0,20.0,20.0,12.0,多峰分散，高位警惕,26.2,1.511,25.702499999999997,25.481999999999996,23.93,26.47,0.8937,1.9356,2.8177,36765.9,25341.250999999997,1.4508,False,False,True,False,False,False,26.33,26.26,26.2,36765.9,1.4508,1.5704,1.0821,1.4512,False,True,True,True,scattered,多峰分散无主力,dispersed,0.2957,0.6181,True,False,
001337,四川黄金,2026-08-20,2,5,高位放量滞涨,high,分歧加大、可能派发,减仓或提高警惕,True,82.0,True,20.0,10.0,20.0,20.0,12.0,,48.57,2.2957,43.8765,41.62033333333333,31.68,52.72,0.8028,10.6971,16.6978,262475.85,204693.6005,1.2823,False,False,True,False,False,False,52.72,51.15,48.57,262475.85,1.2823,6.2494,4.8736,1.2823,True,False,False,True,high_single_empty,高位单峰底仓空,dispersed,0.1299,0.7471,False,True,
000650,仁和药业,2026-08-20,2,5,高位放量滞涨,high,分歧加大、可能派发,减仓或提高警惕,False,80.0,True,20.0,20.0,20.0,8.0,12.0,风险组合但筹码仍集中,5.62,3.4991,5.443,5.254833333333334,4.72,5.64,0.9783,3.2519,6.9492,417764.14,197802.0535,2.112,True,False,True,False,True,False,5.56,5.64,5.62,417764.14,2.112,3.1378,1.4857,2.112,False,False,True,True,single_peak,单峰,concentrated,0.2895,0.7391,True,False,
600479,千金药业,2026-08-20,2,5,高位放量滞涨,high,分歧加大、可能派发,减仓或提高警惕,False,80.0,True,20.0,20.0,20.0,8.0,12.0,风险组合但筹码仍集中,10.07,1.82,9.8035,9.651333333333334,8.9,10.25,0.8667,2.7184,4.3379,89485.0,52613.7705,1.7008,True,False,True,False,False,False,10.1,10.13,10.07,89485.0,1.7008,2.1382,1.2572,1.7008,False,False,True,True,single_peak,单峰,concentrated,0.1736,0.7407,True,False,
600547,山东黄金,2026-08-20,2,5,高位放量滞涨,high,分歧加大、可能派发,减仓或提高警惕,False,80.0,True,20.0,20.0,20.0,8.0,12.0,风险组合但筹码仍集中,35.3,8.582,29.238999999999997,27.044499999999996,22.32,35.76,0.9658,20.7292,30.5256,1755509.96,822217.6619999999,2.1351,True,False,True,False,True,False,32.88,35.76,35.3,1755509.96,2.1351,4.8569,2.2748,2.1351,False,False,True,True,multi_peak_stable,上涨多峰底不动,concentrated,0.1151,0.5789,True,False,
603676,卫信康,2026-08-20,2,5,高位放量滞涨,high,分歧加大、可能派发,减仓或提高警惕,False,80.0,True,20.0,20.0,20.0,8.0,12.0,放量+低换手，筹码交换不充分；风险组合但筹码仍集中,9.62,3.6638,9.0105,8.815999999999999,7.82,9.81,0.9045,6.7643,9.1198,56548.33,27269.781,2.0737,True,False,True,False,True,False,9.47,9.81,9.62,56548.33,2.0737,1.2995,0.6267,2.0737,False,True,True,True,multi_peak,多峰,concentrated,0.0633,0.6935,False,False,
603102,百合股份,2026-08-20,2,5,高位放量滞涨,uptrend,分歧加大、可能派发,减仓或提高警惕,True,78.0,True,4.0,20.0,20.0,20.0,14.0,筹码覆写→高位派发(高位单峰底仓空)；位置与组合不一致,44.13,-3.5621,37.097,34.75566666666666,30.46,48.5,0.7578,18.9584,26.9721,102157.91,29961.272999999997,3.4097,True,False,False,True,False,False,47.75,48.5,44.13,102157.91,3.4097,15.9622,4.6815,3.4097,True,False,True,True,high_single_empty,高位单峰底仓空,dispersed,0.0866,0.8226,False,True,
002172,澳洋健康,2026-08-20,2,5,高位放量滞涨,uptrend,分歧加大、可能派发,减仓或提高警惕,True,76.0,True,4.0,20.0,20.0,20.0,12.0,放量+高换手，换手充分；筹码覆写→高位派发(高位单峰底仓空)；位置与组合不一致,4.44,9.901,3.614,3.251,2.73,4.99,0.7566,22.8556,36.5734,2016839.3,474934.4414999999,4.2466,True,False,True,False,False,False,4.99,4.44,4.44,2016839.3,4.2466,26.3591,6.2071,4.2466,True,False,True,True,high_single_empty,高位单峰底仓空,dispersed,0.2167,0.7389,False,True,
000017,深中华A,2026-08-20,2,5,高位放量滞涨,high,分歧加大、可能派发,减仓或提高警惕,False,74.0,True,20.0,10.0,12.0,20.0,12.0,多峰分散，高位警惕,6.46,10.0511,6.060499999999999,5.692000000000001,4.87,6.67,0.8833,6.5919,13.4926,104706.21,92314.51100000001,1.1342,False,False,True,False,True,False,6.38,6.46,6.46,104706.21,1.1342,2.3752,2.0941,1.1342,False,False,False,True,scattered,多峰分散无主力,dispersed,0.1835,0.6278,False,True,
600489,中金黄金,2026-08-20,2,5,高位放量滞涨,high,分歧加大、可能派发,减仓或提高警惕,True,74.0,True,20.0,10.0,20.0,12.0,12.0,风险组合但筹码仍集中,26.37,4.6844,23.6675,21.48183333333333,17.24,27.4,0.8986,11.4186,22.7549,1357587.36,942583.7615,1.4403,False,False,True,False,False,False,26.7,27.4,26.37,1357587.36,1.4403,2.8007,1.9446,1.4403,False,False,True,True,multi_peak_stable,上涨多峰底不动,concentrated,0.1078,0.7835,True,False,
601069,西部黄金,2026-08-20,2,5,高位放量滞涨,high,分歧加大、可能派发,减仓或提高警惕,True,74.0,True,20.0,10.0,20.0,12.0,12.0,风险组合但筹码仍集中,30.9,4.888,26.9135,25.50133333333333,21.32,32.07,0.8912,14.8123,21.1701,425562.55,303051.2775000001,1.4043,False,False,True,False,True,False,30.8,32.07,30.9,425562.55,1.4043,4.7968,3.4159,1.4043,False,False,True,True,multi_peak_stable,上涨多峰底不动,concentrated,0.1405,0.6679,True,False,
601899,紫金矿业,2026-08-20,2,5,高位放量滞涨,high,分歧加大、可能派发,减仓或提高警惕,True,74.0,True,20.0,10.0,20.0,12.0,12.0,风险组合但筹码仍集中,33.83,4.5426,32.6985,29.68616666666667,24.12,35.36,0.8639,3.4604,13.9588,4115786.89,2800077.4065,1.4699,False,False,True,False,False,False,35.36,34.65,33.83,4115786.89,1.4699,1.9978,1.3591,1.4699,False,True,True,True,multi_peak_stable,上涨多峰底不动,concentrated,0.0712,0.8078,True,False,
000506,招金黄金,2026-08-20,2,5,高位放量滞涨,high,分歧加大、可能派发,减仓或提高警惕,False,70.0,True,20.0,10.0,20.0,8.0,12.0,风险组合但筹码仍集中,19.45,5.9368,16.231,14.271500000000001,10.82,21.0,0.8477,19.8324,36.2856,1315644.47,1001732.3685000001,1.3134,False,False,True,False,False,False,21.0,20.2,19.45,1315644.47,1.3134,14.1664,10.7863,1.3134,True,False,True,True,multi_peak_stable,上涨多峰底不动,concentrated,0.0843,0.7053,True,False,
002004,华邦健康,2026-08-20,2,5,高位放量滞涨,high,分歧加大、可能派发,减仓或提高警惕,False,70.0,True,20.0,10.0,20.0,8.0,12.0,风险组合但筹码仍集中,4.56,2.4719,4.4375,4.291833333333333,3.88,4.68,0.85,2.7606,6.2483,347703.46,247506.61350000004,1.4048,False,False,True,False,False,False,4.68,4.63,4.56,347703.46,1.4048,1.8442,1.3142,1.4033,False,True,True,True,single_peak,单峰,concentrated,0.1864,0.65,True,False,
003010,若羽臣,2026-08-20,2,5,高位放量滞涨,high,分歧加大、可能派发,减仓或提高警惕,False,70.0,True,20.0,10.0,20.0,8.0,12.0,风险组合但筹码仍集中,29.16,9.9962,26.945999999999998,25.102166666666665,21.3,30.26,0.8772,8.2164,16.1653,155313.37,126051.17199999999,1.2321,False,False,True,False,False,False,30.26,29.16,29.16,155313.37,1.2321,6.868,5.574,1.2322,True,False,False,True,multi_peak_stable,上涨多峰底不动,concentrated,0.1514,0.692,True,False,
600988,赤峰黄金,2026-08-20,2,5,高位放量滞涨,high,分歧加大、可能派发,减仓或提高警惕,False,70.0,True,20.0,10.0,20.0,8.0,12.0,风险组合但筹码仍集中,46.1,7.912,40.1305,34.2555,25.0,46.99,0.9595,14.8752,34.5769,1026165.42,726808.6115,1.4119,False,False,True,False,True,False,45.99,46.99,46.1,1026165.42,1.4119,6.1672,4.3681,1.4119,True,False,True,True,multi_peak_stable,上涨多峰底不动,concentrated,0.0734,0.7276,True,False,
603168,莎普爱思,2026-08-20,2,5,高位放量滞涨,high,分歧加大、可能派发,减仓或提高警惕,False,70.0,True,20.0,10.0,20.0,8.0,12.0,风险组合但筹码仍集中,5.75,4.7359,5.3645,5.2315,4.55,5.96,0.8511,7.1861,9.9111,97049.3,67616.1955,1.4353,False,False,True,False,True,False,5.71,5.79,5.75,97049.3,1.4353,2.6053,1.8151,1.4353,False,False,True,True,single_peak,单峰,concentrated,0.2531,0.3901,True,False,
601121,宝地矿业,2026-08-20,2,5,高位放量滞涨,high,分歧加大、可能派发,减仓或提高警惕,False,68.0,True,20.0,10.0,4.0,20.0,14.0,放量组合但换手偏低,7.31,-0.1366,7.051,6.544833333333333,5.55,7.7,0.8186,3.6732,11.6912,119665.36,144543.69400000002,0.8279,False,False,False,True,False,True,7.7,7.48,7.31,119665.36,0.8279,1.4958,1.8068,0.8279,False,True,False,True,multi_peak,多峰,dispersed,0.0848,0.5349,False,True,
000975,山金国际,2026-08-20,2,5,高位放量滞涨,high,分歧加大、可能派发,减仓或提高警惕,True,66.0,True,20.0,10.0,12.0,12.0,12.0,风险组合但筹码仍集中,27.9,4.1045,24.7925,21.7885,16.6,29.0,0.9113,12.534,28.0492,876340.0,675481.7835,1.2974,False,False,True,False,False,False,28.13,29.0,27.9,876340.0,1.2974,3.4731,2.677,1.2974,False,False,False,True,multi_peak_stable,上涨多峰底不动,concentrated,0.0749,0.7903,True,False,
600300,维维股份,2026-08-20,2,5,高位放量滞涨,high,分歧加大、可能派发,减仓或提高警惕,False,66.0,True,20.0,10.0,4.0,20.0,12.0,放量组合但换手偏低,3.24,0.6211,3.1845,3.085,2.74,3.34,0.8333,1.7428,5.0243,259339.0,248137.63049999997,1.0451,False,False,True,False,False,True,3.34,3.26,3.24,259339.0,1.0451,1.6037,1.5344,1.0451,False,True,False,True,high_single_empty,高位单峰底仓空,dispersed,0.2694,0.7667,False,True,
600351,亚宝药业,2026-08-20,2,5,高位放量滞涨,high,分歧加大、可能派发,减仓或提高警惕,False,62.0,True,20.0,10.0,12.0,8.0,12.0,风险组合但筹码仍集中,7.15,2.289,6.803999999999999,6.390833333333333,5.6,7.45,0.8378,5.0852,11.879,328055.0,279812.2605,1.1724,False,False,True,False,False,False,7.45,7.22,7.15,328055.0,1.1724,4.7407,4.0435,1.1724,False,False,False,True,single_peak,单峰,concentrated,0.172,0.7568,True,False,
002648,卫星化学,2026-08-20,2,5,高位放量滞涨,high,分歧加大、可能派发,减仓或提高警惕,False,54.0,False,20.0,10.0,4.0,8.0,12.0,放量组合但换手偏低；风险组合但筹码仍集中,27.1,1.044,25.595499999999998,24.282833333333333,21.19,27.5,0.9366,5.878,11.6015,624072.56,492804.09900000005,1.2664,False,False,True,False,False,False,27.35,27.5,27.1,624072.56,1.2664,1.8538,1.4639,1.2664,False,True,False,True,multi_peak_stable,上涨多峰底不动,concentrated,0.0952,0.588,True,False,
002737,葵花药业,2026-08-20,2,5,高位放量滞涨,high,分歧加大、可能派发,减仓或提高警惕,False,54.0,False,20.0,10.0,4.0,8.0,12.0,放量组合但换手偏低；风险组合但筹码仍集中,13.62,2.7149,13.4465,12.770666666666667,10.88,14.02,0.8726,1.2903,6.6507,72896.28,60364.9825,1.2076,False,False,True,False,False,False,13.93,13.74,13.62,72896.28,1.2076,1.2482,1.0336,1.2076,False,True,False,True,multi_peak_stable,上涨多峰底不动,concentrated,0.1744,0.8025,True,False,
002292,奥飞娱乐,2026-08-20,2,5,高位放量滞涨,uptrend,分歧加大、可能派发,减仓或提高警惕,False,52.0,False,4.0,4.0,12.0,20.0,12.0,筹码覆写→高位派发(高位单峰底仓空)；位置与组合不一致；量能与组合方向相反,8.09,2.7954,8.128499999999999,7.480166666666666,6.31,8.57,0.7876,-0.4736,8.1527,366938.64,557810.3855,0.6578,False,True,True,False,False,False,8.57,8.26,8.09,366938.64,0.6578,3.6049,5.4801,0.6578,False,False,False,True,high_single_empty,高位单峰底仓空,dispersed,0.194,0.8363,False,True,
002731,*ST萃华,2026-08-20,2,6,下跌放量,downtrend,恐慌释放、风险较高,一般不急于抄底，等待止跌信号,False,84.0,True,20.0,10.0,20.0,20.0,14.0,,1.29,-9.7902,1.737,4.132333333333333,1.29,8.22,0.0,-25.734,-68.7828,599739.83,406175.7554999999,1.4766,False,False,False,True,False,False,2.13,1.38,1.29,599739.83,1.4766,26.1147,17.6862,1.4766,True,False,True,True,single_peak,单峰,dispersed,0.5291,0.0014,False,True,
603257,中国瑞林,2026-08-20,2,6,下跌放量,downtrend,恐慌释放、风险较高,一般不急于抄底，等待止跌信号,False,72.0,True,20.0,10.0,20.0,8.0,14.0,风险组合但筹码仍集中,62.4,-0.0801,64.026,67.511,55.27,85.84,0.2332,-2.5396,-7.5706,17031.58,12249.499500000002,1.3904,False,False,False,True,False,True,68.68,63.75,62.4,17031.58,1.3904,6.84,4.9195,1.3904,True,False,True,True,multi_peak_stable,上涨多峰底不动,concentrated,0.0471,0.2987,True,False,
600882,妙可蓝多,2026-08-20,2,6,下跌放量,downtrend,恐慌释放、风险较高,一般不急于抄底，等待止跌信号,False,56.0,False,20.0,10.0,4.0,8.0,14.0,放量组合但换手偏低；风险组合但筹码仍集中,20.85,-0.9501,21.841500000000003,19.809,15.75,23.76,0.6367,-4.5395,5.2552,77721.24,105513.8175,0.7366,False,False,False,True,False,True,23.76,21.03,20.85,77721.24,0.7366,1.5286,2.0752,0.7366,False,True,False,True,single_peak,单峰,concentrated,0.2262,0.7303,True,False,
000999,华润三九,2026-08-20,2,6,下跌放量,downtrend,恐慌释放、风险较高,一般不急于抄底，等待止跌信号,False,54.0,False,20.0,10.0,4.0,8.0,12.0,放量组合但换手偏低；风险组合但筹码仍集中,25.06,1.8285,25.143499999999996,24.479166666666668,21.6,26.45,0.7134,-0.3321,2.3728,121946.36,122203.41950000003,0.9979,False,False,True,False,False,False,26.45,25.47,25.06,121946.36,0.9979,0.7334,0.735,0.9979,False,True,False,True,multi_peak_stable,上涨多峰底不动,concentrated,0.1548,0.7423,True,False,
002127,南极电商,2026-08-20,2,6,下跌放量,downtrend,恐慌释放、风险较高,一般不急于抄底，等待止跌信号,False,54.0,False,20.0,10.0,4.0,8.0,12.0,放量组合但换手偏低；风险组合但筹码仍集中,2.86,2.1429,3.0555,2.9029999999999996,2.51,3.33,0.4268,-6.3983,-1.4812,358847.39,486540.9674999999,0.7375,False,False,True,False,False,False,3.22,2.89,2.86,358847.39,0.7375,1.799,2.4391,0.7376,False,True,False,True,single_peak,单峰,concentrated,0.4633,0.5976,True,False,
002511,中顺洁柔,2026-08-20,2,6,下跌放量,downtrend,恐慌释放、风险较高,一般不急于抄底，等待止跌信号,False,54.0,False,20.0,10.0,4.0,8.0,12.0,放量组合但换手偏低；风险组合但筹码仍集中,7.19,1.1252,7.2355,7.072333333333333,6.48,7.53,0.6762,-0.6288,1.6638,101354.4,119061.27199999997,0.8513,False,False,True,False,False,False,7.53,7.23,7.19,101354.4,0.8513,0.8012,0.9412,0.8513,False,True,False,True,multi_peak_stable,上涨多峰底不动,concentrated,0.2282,0.6857,True,False,
003006,百亚股份,2026-08-20,2,6,下跌放量,downtrend,恐慌释放、风险较高,一般不急于抄底，等待止跌信号,False,54.0,False,20.0,10.0,4.0,8.0,12.0,放量组合但换手偏低；风险组合但筹码仍集中,13.5,0.8215,14.0735,14.525333333333334,12.51,17.38,0.2033,-4.075,-7.0589,49597.91,64478.552500000005,0.7692,False,False,True,False,False,True,15.22,13.63,13.5,49597.91,0.7692,1.1573,1.5045,0.7692,False,True,False,True,low_single_peak,低位单峰底仓稳,concentrated,0.1297,0.1828,True,False,
600170,上海建工,2026-08-20,2,6,下跌放量,downtrend,恐慌释放、风险较高,一般不急于抄底，等待止跌信号,False,54.0,False,20.0,10.0,4.0,8.0,12.0,放量组合但换手偏低；风险组合但筹码仍集中,2.27,1.7937,2.3165,2.3283333333333336,2.13,2.6,0.2979,-2.0073,-2.5054,1276450.98,1130646.4975,1.129,False,False,True,False,False,False,2.42,2.28,2.27,1276450.98,1.129,1.4365,1.2724,1.129,False,True,False,True,multi_peak_stable,上涨多峰底不动,concentrated,0.4198,0.3617,True,False,
600398,海澜之家,2026-08-20,2,6,下跌放量,downtrend,恐慌释放、风险较高,一般不急于抄底，等待止跌信号,False,54.0,False,20.0,10.0,4.0,8.0,12.0,放量组合但换手偏低；风险组合但筹码仍集中,6.01,0.1667,6.0675,5.824333333333333,5.09,6.39,0.7077,-0.9477,3.1878,247045.61,316187.0145,0.7813,False,False,True,False,False,True,6.39,6.04,6.01,247045.61,0.7813,0.5144,0.6583,0.7814,False,True,False,True,single_peak,单峰,concentrated,0.1595,0.6231,True,False,
600566,济川药业,2026-08-20,2,6,下跌放量,downtrend,恐慌释放、风险较高,一般不急于抄底，等待止跌信号,False,54.0,False,20.0,10.0,4.0,8.0,12.0,放量组合但换手偏低；风险组合但筹码仍集中,25.11,1.087,25.881999999999998,25.24116666666667,21.13,28.33,0.5528,-2.9828,-0.5197,83927.05,65503.9975,1.2813,False,False,True,False,False,False,27.54,25.37,25.11,83927.05,1.2813,0.9136,0.713,1.2813,False,True,False,True,multi_peak_stable,上涨多峰底不动,concentrated,0.1104,0.7319,True,False,
600597,光明乳业,2026-08-20,2,6,下跌放量,downtrend,恐慌释放、风险较高,一般不急于抄底，等待止跌信号,False,54.0,False,20.0,10.0,4.0,8.0,12.0,放量组合但换手偏低；风险组合但筹码仍集中,6.77,1.0448,6.840999999999999,6.678333333333334,6.0,7.18,0.6525,-1.0379,1.3726,95537.0,110549.46699999999,0.8642,False,False,True,False,False,False,7.18,6.8,6.77,95537.0,0.8642,0.6931,0.802,0.8642,False,True,False,True,multi_peak_stable,上涨多峰底不动,concentrated,0.2029,0.678,True,False,
600612,老凤祥,2026-08-20,2,6,下跌放量,downtrend,恐慌释放、风险较高,一般不急于抄底，等待止跌信号,False,54.0,False,20.0,10.0,4.0,8.0,12.0,放量组合但换手偏低；风险组合但筹码仍集中,34.96,0.5754,34.9755,34.00533333333333,30.33,36.9,0.7047,-0.0443,2.8074,26204.0,24068.201,1.0887,False,False,True,False,False,True,36.9,36.0,34.96,26204.0,1.0887,0.8263,0.759,1.0887,False,True,False,True,multi_peak_stable,上涨多峰底不动,concentrated,0.1353,0.6195,True,False,
600887,伊利股份,2026-08-20,2,6,下跌放量,downtrend,恐慌释放、风险较高,一般不急于抄底，等待止跌信号,False,54.0,False,20.0,10.0,4.0,8.0,12.0,放量组合但换手偏低；风险组合但筹码仍集中,25.52,1.1494,26.2485,25.637166666666666,23.76,27.7,0.4467,-2.7754,-0.457,671009.89,630357.5414999999,1.0645,False,False,True,False,False,False,27.7,25.52,25.52,671009.89,1.0645,1.0661,1.0015,1.0645,False,True,False,True,multi_peak_stable,上涨多峰底不动,concentrated,0.1408,0.3655,True,False,
603301,振德医疗,2026-08-20,2,6,下跌放量,downtrend,恐慌释放、风险较高,一般不急于抄底，等待止跌信号,False,54.0,False,20.0,10.0,4.0,8.0,12.0,放量组合但换手偏低；风险组合但筹码仍集中,82.6,1.0645,85.85,85.7875,76.37,92.2,0.3936,-3.7857,-3.7156,16412.0,20919.27,0.7845,False,False,True,False,False,False,92.2,83.39,82.6,16412.0,0.7845,0.622,0.7928,0.7846,False,True,False,True,multi_peak_stable,上涨多峰底不动,concentrated,0.0977,0.5768,True,False,
603557,*ST起步,2026-08-20,2,6,下跌放量,downtrend,恐慌释放、风险较高,一般不急于抄底，等待止跌信号,False,54.0,False,20.0,10.0,4.0,8.0,12.0,放量组合但换手偏低；风险组合但筹码仍集中,3.66,0.274,3.7630000000000003,4.169333333333333,3.42,5.03,0.1491,-2.7372,-12.2162,33855.0,46465.784999999996,0.7286,False,False,True,False,False,True,4.06,3.7,3.66,33855.0,0.7286,0.543,0.7453,0.7286,False,True,False,True,low_single_peak,低位单峰底仓稳,concentrated,0.1606,0.236,True,False,
603993,洛阳钼业,2026-08-20,2,6,下跌放量,downtrend,恐慌释放、风险较高,一般不急于抄底，等待止跌信号,False,54.0,False,20.0,10.0,4.0,8.0,12.0,放量组合但换手偏低；风险组合但筹码仍集中,18.27,1.5,19.2475,18.7375,16.18,21.74,0.3759,-5.0786,-2.495,2214629.96,2471513.3224999993,0.8961,False,False,True,False,False,False,21.17,18.95,18.27,2214629.96,0.8961,1.2683,1.4155,0.896,False,True,False,True,multi_peak_stable,上涨多峰底不动,concentrated,0.1116,0.4892,True,False,
