date,symbol,pe_ttm,pb,close,industry,pe_ref,fair_price,upside_raw,upside,undervalued,pattern_ok,state_code,state,score,entry,stock_name,mud_plus,mud_minus,r60,r20,vol_ratio,company_q,roe,ocf_to_or,pattern_factor,composite_ac
2025-06-06,000028,24.2825,0.7849,25.38,医药商业,26.605649999999997,27.808149778647174,0.09567178008854116,0.09567178008854116,True,False,,,0.0,False,,0.33999999999999997,0.8,-0.01645175633614926,0.02029520295202958,0.5212210914783129,,,,0.0,0.6114249684741488
2025-06-06,000411,10.6101,1.2341,10.56,医药商业,26.605649999999997,26.480020357960814,1.5075776854129557,1.5,True,False,,,0.0,False,,0.74,0.6,0.02831142568250744,0.035641547861507084,0.9633538650014856,,,,0.0,0.7487200504413619
2025-06-06,000503,,7.4391,10.31,软件服务,26.605649999999997,,,,False,False,,,0.0,False,,0.38,1.0,-0.1119724375538328,-0.048014773776546615,1.4082203174405823,,,,0.0,0.5015384615384615
2025-06-06,000705,55.2255,1.4157,8.49,医药商业,26.605649999999997,4.0901751636472286,-0.518236140913165,-0.518236140913165,False,False,,,0.0,False,,0.82,0.2,0.08914728682170536,0.05771643663739012,0.5493084813761931,,,,0.0,0.34708070617906683
2025-06-06,000950,28.9288,0.7717,5.11,医药商业,26.605649999999997,4.699637437432593,-0.08030578523824017,-0.08030578523824017,False,False,,,0.0,False,,0.72,0.4,-0.011787819253438081,0.04140786749482395,1.9119199121513937,,,,0.0,0.4167528373266078
2025-06-13,000028,24.3781,0.788,25.48,医药商业,26.4553,27.651090281851335,0.08520762487642597,0.08520762487642597,True,False,,,0.0,False,,0.58,0.8,-0.04432013769363152,0.018340210912425547,1.2587582238547455,,,,0.0,0.6011790668348045
2025-06-13,000411,10.5799,1.2306,10.53,医药商业,26.4553,26.330523823476593,1.500524579627407,1.5,True,False,,,0.0,False,,0.7999999999999999,0.6,-0.01553398058252431,0.025278058645096024,0.9482174999182097,,,,0.0,0.7487200504413619
2025-06-13,000503,,7.2588,10.06,软件服务,26.4553,,,,False,False,,,0.0,False,,0.31999999999999995,1.0,-0.22674865488086082,-0.0289575289575289,0.9426908819354275,,,,0.0,0.5015384615384615
2025-06-13,000705,54.51,1.3973,8.38,医药商业,26.4553,4.067059512016145,-0.5146707026233719,-0.5146707026233719,False,False,,,0.0,False,,0.76,0.2,0.004830917874396157,0.030978934324659146,0.5547992837698242,,,,0.0,0.34912988650693566
2025-06-13,000950,28.5325,0.7611,5.04,医药商业,26.4553,4.673081994217121,-0.07280119162358711,-0.07280119162358711,False,False,,,0.0,False,,0.54,0.4,-0.033138401559454134,0.0269151138716357,0.8149710135438719,,,,0.0,0.4269987389659521
2025-06-20,000028,23.7658,0.7682,24.84,医药商业,25.80945,26.976021762364407,0.08599121426587786,0.08599121426587786,True,False,,,0.0,False,,0.52,0.6,-0.04625550660792954,-0.012317518248175285,0.48155193335145524,,,,0.0,0.6032282471626733
2025-06-20,000411,10.2685,1.1944,10.22,医药商业,25.80945,25.68754725617179,1.5134586356332473,1.5,True,False,,,0.0,False,,0.8599999999999999,0.8,-0.016000000000000014,-0.016000000000000014,0.4989100988497493,,,,0.0,0.7487200504413619
2025-06-20,000503,,7.0928,9.83,软件服务,25.80945,,,,False,False,,,0.0,False,,0.31999999999999995,1.0,-0.18894389438943893,-0.0315270935960591,0.4776713990763782,,,,0.0,0.5015384615384615
2025-06-20,000705,52.6236,1.349,8.09,医药商业,25.80945,3.9677720737463793,-0.5095460971883339,-0.5095460971883339,False,False,,,0.0,False,,0.82,0.4,-0.015931372549019662,-0.006188118811881305,0.35378170850346885,,,,0.0,0.3511790668348045
2025-06-20,000950,27.8531,0.7464,4.92,医药商业,25.80945,4.559007579048651,-0.07337244328279446,-0.07337244328279446,False,False,,,0.0,False,,0.48,0.2,-0.03373015873015872,0.004123711340206171,0.3434818098175453,,,,0.0,0.4249495586380832
2025-06-27,000028,23.7945,0.7779,24.87,医药商业,26.05025,27.227708819264958,0.09480131963268823,0.09480131963268823,True,False,,,0.0,False,,0.26,0.6,-0.019170753455193923,0.0031919744642043835,0.5423029114383895,,,,0.0,0.6093757881462799
2025-06-27,000411,10.6201,1.2353,10.57,医药商业,26.05025,25.927358734851836,1.4529194640351784,1.4529194640351784,True,False,,,0.0,False,,0.7999999999999999,0.8,0.024144869215291687,0.000983284169124854,1.2058776638646072,,,,0.0,0.7446216897856242
2025-06-27,000503,,7.7566,10.75,软件服务,26.05025,,,,False,False,,,0.0,False,,0.58,0.2,-0.020947176684881663,0.03664416586306651,2.5989697002890537,,,,0.0,0.5015384615384615
2025-06-27,000705,54.575,1.4131,8.39,医药商业,26.05025,4.0047933577645445,-0.5226706367384334,-0.5226706367384334,False,False,,,0.0,False,,0.8799999999999999,1.0,0.04353233830845782,-0.005924170616113611,0.7962538177145744,,,,0.0,0.34503152585119795
2025-06-27,000950,28.306,0.7585,5.0,医药商业,26.05025,4.601542075884971,-0.07969158482300576,-0.07969158482300576,False,False,,,0.0,False,,0.48,0.4,-0.017857142857142794,0.0122699386503069,0.5153306554345178,,,,0.0,0.41880201765447667
2025-06-30,000028,23.8519,0.7798,24.93,医药商业,26.05065,27.228132957961417,0.09218343192785472,0.09218343192785472,True,False,,,0.0,False,,0.39999999999999997,1.0,-0.011210762331838597,-0.0013586956521738358,0.7386255346968199,0.645,1.8392,-0.0993,0.0,0.6073266078184111
2025-06-30,000411,10.7709,1.2528,10.72,医药商业,26.05065,25.927542545191216,1.4186140433947028,1.4186140433947028,True,False,,,0.0,False,,0.7999999999999999,0.4,0.06282183316168899,0.013752455795677854,1.0717060855079554,0.68,2.15,-0.3158,0.0,0.7302774274905421
2025-06-30,000503,,7.6267,10.57,软件服务,26.05065,,,,False,False,,,0.0,False,,0.43999999999999995,0.2,-0.02580645161290318,0.04240631163708075,1.7278717135515884,0.35,-0.7343,-0.2311,0.0,0.5015384615384615
2025-06-30,000705,54.9653,1.4232,8.45,医药商业,26.05065,4.004853835055935,-0.5260528005850964,-0.5260528005850964,False,False,,,0.0,False,,0.8799999999999999,0.8,0.07506361323155208,0.0011848341232227888,0.8182868888788242,0.535,1.7645,0.0203,0.0,0.3429823455233291
2025-06-30,000950,28.2494,0.757,4.99,医药商业,26.05065,4.601610777574037,-0.07783351150820905,-0.07783351150820905,False,False,,,0.0,False,,0.48,0.6,-0.01002004008016033,0.006109979633401208,0.5757453024553089,0.79,2.5074,-0.0023,0.0,0.4208511979823455
2025-07-04,000028,23.9476,0.7829,25.03,医药商业,26.29665,27.485223968163822,0.09809124922747992,0.09809124922747992,True,False,,,0.0,False,,0.45999999999999996,0.8,0.056801909307875986,0.0009041591320071429,0.8874728969209701,0.645,1.8392,-0.0993,0.0,0.6134741488020177
2025-07-04,000411,10.8613,1.2634,10.81,医药商业,26.29665,26.1724458858516,1.4211328294034784,1.4211328294034784,True,False,,,0.0,False,,0.94,0.2,0.15410199556541038,0.02359882005899716,1.16368001337562,0.68,2.15,-0.3158,0.0,0.7323266078184111
2025-07-04,000503,,7.5041,10.4,软件服务,26.29665,,,,False,False,,,0.0,False,,0.19999999999999998,0.6,-0.003831417624520994,0.008729388942773975,0.8522549563446212,0.35,-0.7343,-0.2311,0.0,0.5015384615384615
2025-07-04,000705,55.6808,1.4418,8.56,医药商业,26.29665,4.042674027672017,-0.5277249967672878,-0.5277249967672878,False,False,,,0.0,False,,0.6799999999999999,0.4,0.16780354706684864,0.01542111506524324,0.874490099299305,0.535,1.7645,0.0203,0.0,0.34093316519546024
2025-07-04,000950,28.6457,0.7676,5.06,医药商业,26.29665,4.645061876651643,-0.08200358168939847,-0.08200358168939847,False,False,,,0.0,False,,0.72,1.0,0.0938864628820959,-0.003976143141153132,1.3531165834453027,0.79,2.5074,-0.0023,0.0,0.4147036569987389
2025-07-11,000028,24.2059,0.7913,25.3,医药商业,26.708849999999998,27.91608264927146,0.1034024762557888,0.1034024762557888,True,False,,,0.0,False,,0.58,1.0,0.04530593180756659,0.007654209815398438,1.6877876885667407,0.645,1.8392,-0.0993,0.0,0.6155233291298865
2025-07-11,000411,11.0019,1.2797,10.95,医药商业,26.708849999999998,26.582854552395492,1.427657949990456,1.427657949990456,True,False,,,0.0,False,,0.76,0.6,0.10482180293501053,0.03944773175542382,0.816520278288544,0.68,2.15,-0.3158,0.0,0.7364249684741488
2025-07-11,000503,,7.735,10.72,软件服务,26.708849999999998,,,,False,False,,,0.0,False,,0.38,0.2,0.014191106906338735,0.0656063618290259,1.5800083613580944,0.35,-0.7343,-0.2311,0.0,0.5015384615384615
2025-07-11,000705,56.5915,1.4654,8.7,医药商业,26.708849999999998,4.106040571463912,-0.5280413136248376,-0.5280413136248376,False,False,,,0.0,False,,0.6799999999999999,0.4,0.1402359108781126,0.04567307692307687,1.2916736537104128,0.535,1.7645,0.0203,0.0,0.3388839848675914
2025-07-11,000950,29.2118,0.7828,5.16,医药商业,26.708849999999998,4.717876543040826,-0.08568284049596397,-0.08568284049596397,False,False,,,0.0,False,,0.6,0.8,0.06680584551148239,0.030241935483870996,1.3752390226010112,0.79,2.5074,-0.0023,0.0,0.4126544766708701
2025-07-18,000028,24.1676,0.7901,25.26,医药商业,26.88785,28.103208055413035,0.11255772190867108,0.11255772190867108,True,False,,,0.0,False,,0.45999999999999996,1.0,0.04390471742176549,0.03233256351039282,1.2584414201326355,0.645,1.8392,-0.0993,0.0,0.621670870113493
2025-07-18,000411,11.2833,1.3124,11.23,医药商业,26.88785,26.760837299371634,1.382977497717866,1.382977497717866,True,False,,,0.0,False,,0.7999999999999999,0.6,0.12370062370062374,0.09857723577235777,1.2942280119028664,0.68,2.15,-0.3158,0.0,0.7261790668348045
2025-07-18,000503,,7.8721,10.91,软件服务,26.88785,,,,False,False,,,0.0,False,,0.19999999999999998,0.4,0.034123222748815074,0.10986775178026442,0.7824797142957546,0.35,-0.7343,-0.2311,0.0,0.5015384615384615
2025-07-18,000705,67.5195,1.7483,10.38,医药商业,26.88785,4.133559682758315,-0.6017765238190449,-0.6017765238190449,False,False,,,0.0,False,,0.72,0.2,0.3586387434554976,0.2926525529265258,18.990136957220567,0.535,1.7645,0.0203,0.0,0.28970365699873896
2025-07-18,000950,29.6081,0.7934,5.23,医药商业,26.88785,4.749492723275051,-0.09187519631452201,-0.09187519631452201,False,False,,,0.0,False,,0.82,0.8,0.11422413793103448,0.06160164271047219,0.9279711895110585,0.79,2.5074,-0.0023,0.0,0.40650693568726354
2025-07-25,000028,24.6269,0.8051,25.74,医药商业,27.428849999999997,28.66859405771737,0.11377599291831286,0.11377599291831286,True,False,,,0.0,False,,0.72,0.8,0.06751054852320681,0.03499999999999992,1.78790579500513,0.645,1.8392,-0.0993,0.0,0.6257692307692307
2025-07-25,000411,11.2531,1.3089,11.2,医药商业,27.428849999999997,27.299421492744216,1.437448347566448,1.437448347566448,True,False,,,0.0,False,,0.74,0.6,0.13340336134453779,0.05992141453831046,1.1316210806499967,0.68,2.15,-0.3158,0.0,0.7405233291298865
2025-07-25,000503,,7.9659,11.04,软件服务,27.428849999999997,,,,False,False,,,0.0,False,,0.19999999999999998,1.0,0.09198813056379818,0.026976744186046453,0.9692955128833893,0.35,-0.7343,-0.2311,0.0,0.5015384615384615
2025-07-25,000705,60.6895,1.5715,9.33,医药商业,27.428849999999997,4.216728931693291,-0.5480462023908584,-0.5480462023908584,False,False,,,0.0,False,,0.39999999999999997,0.2,0.23576158940397351,0.11203814064362327,1.0432855833465753,0.535,1.7645,0.0203,0.0,0.3347856242118537
2025-07-25,000950,30.2308,0.8101,5.34,医药商业,27.428849999999997,4.845060633526072,-0.09268527462058573,-0.09268527462058573,False,False,,,0.0,False,,0.94,0.4,0.1186440677966103,0.06666666666666665,1.2119193200718417,0.79,2.5074,-0.0023,0.0,0.40240857503152583
2025-07-31,000028,24.3686,0.7967,25.47,医药商业,27.1582,28.38568296906675,0.11447518527941702,0.11447518527941702,True,False,,,0.0,False,,0.72,1.0,0.043055555555555625,0.01669675090252709,1.4273959971541796,0.645,1.8392,-0.0993,0.0,0.6278184110970996
2025-07-31,000411,11.1426,1.2961,11.09,医药商业,27.1582,27.02999641017357,1.4373306050652452,1.4373306050652452,True,False,,,0.0,False,,0.7999999999999999,0.6,0.0965092402464065,0.0249520153550864,1.4074084212322362,0.68,2.15,-0.3158,0.0,0.7384741488020177
2025-07-31,000503,,7.6845,10.65,软件服务,27.1582,,,,False,False,,,0.0,False,,0.26,0.8,-0.00745573159366264,0.017191977077363862,0.7743881460875016,0.35,-0.7343,-0.2311,0.0,0.5015384615384615
2025-07-31,000705,61.2099,1.5849,9.41,医药商业,27.1582,4.1751197437015914,-0.5563103354195971,-0.5563103354195971,False,False,,,0.0,False,,0.33999999999999997,0.2,0.18513853904282107,0.08912037037037024,0.7355743390187282,0.535,1.7645,0.0203,0.0,0.330687263556116
2025-07-31,000950,29.9478,0.8025,5.29,医药商业,27.1582,4.797243136390653,-0.09314874548380847,-0.09314874548380847,False,False,,,0.0,False,,0.8799999999999999,0.4,0.08281573498964812,0.04183266932270935,1.006337481125215,0.79,2.5074,-0.0023,0.0,0.400359394703657
2025-08-01,000028,24.6556,0.806,25.77,医药商业,27.3866,28.62443753143302,0.11076591119258916,0.11076591119258916,True,False,,,0.0,False,,0.6599999999999999,1.0,0.05166051660516602,0.02981029810298108,1.3453794527241392,0.645,1.8392,-0.0993,0.0,0.6196216897856242
2025-08-01,000411,11.3034,1.3148,11.25,医药商业,27.3866,27.25721906682945,1.4228639170515067,1.4228639170515067,True,False,,,0.0,False,,0.8599999999999999,0.8,0.1028513238289206,0.04034582132564846,1.3481878431688792,0.68,2.15,-0.3158,0.0,0.7343757881462799
2025-08-01,000503,,7.8576,10.89,软件服务,27.3866,,,,False,False,,,0.0,False,,0.31999999999999995,0.6,0.005540166204986097,0.04711538461538467,1.2210887745327543,0.35,-0.7343,-0.2311,0.0,0.5015384615384615
2025-08-01,000705,62.2507,1.6119,9.57,医药商业,27.3866,4.2102299572534925,-0.5600595655952463,-0.5600595655952463,False,False,,,0.0,False,,0.33999999999999997,0.2,0.20075282308657472,0.1179906542056075,0.8153352098193576,0.535,1.7645,0.0203,0.0,0.32863808322824717
2025-08-01,000950,30.1176,0.8071,5.32,医药商业,27.3866,4.837593699365156,-0.09067787605918132,-0.09067787605918132,False,False,,,0.0,False,,0.82,0.4,0.08902691511387162,0.04990019960079839,1.0488118932543717,0.79,2.5074,-0.0023,0.0,0.4085561160151324
2025-08-08,000028,24.4642,0.7998,25.57,医药商业,27.2343,28.465310576270628,0.11323076168442037,0.11323076168442037,True,False,,,0.0,False,,0.54,0.8,0.037138927097661645,0.01072386058981234,0.5486030397949188,0.645,1.8392,-0.0993,0.0,0.6237200504413619
2025-08-08,000411,11.3436,1.3195,11.29,医药商业,27.2343,27.105614355231143,1.4008515815085159,1.4008515815085159,True,False,,,0.0,False,,0.8599999999999999,0.4,0.09908998988877649,0.03130929791271342,1.419669609355058,0.68,2.15,-0.3158,0.0,0.7282282471626733
2025-08-08,000503,,7.6484,10.6,软件服务,27.2343,,,,False,False,,,0.0,False,,0.38,1.0,0.02316602316602312,-0.011194029850746356,1.29139393496982,0.35,-0.7343,-0.2311,0.0,0.5015384615384615
2025-08-08,000705,61.34,1.5883,9.43,医药商业,27.2343,4.186818536028692,-0.5560107597000326,-0.5560107597000326,False,False,,,0.0,False,,0.33999999999999997,0.2,0.16852540272614625,0.08390804597701162,0.3177913296832334,0.535,1.7645,0.0203,0.0,0.3327364438839848
2025-08-08,000950,30.0044,0.804,5.3,医药商业,27.2343,4.810687432509899,-0.09232312594152858,-0.09232312594152858,False,False,,,0.0,False,,0.8799999999999999,0.6,0.08488612836438936,0.02544031311154593,0.9669971508434874,0.79,2.5074,-0.0023,0.0,0.40445775535939466
2025-08-15,000028,25.4384,0.7924,25.82,医药商业,27.778,28.19469620730863,0.09197119315680213,0.09197119315680213,True,False,,,0.0,False,,0.39999999999999997,0.2,0.041970802919707895,0.021923937360178947,0.9949788049332576,0.645,1.8392,-0.0993,0.0,0.6052774274905421
2025-08-15,000411,11.3636,1.3218,11.31,医药商业,27.778,27.646976310324195,1.4444718223098314,1.4444718223098314,True,False,,,0.0,False,,0.6,0.6,0.08899999999999997,0.007400555041628065,1.0023467238519592,0.68,2.15,-0.3158,0.0,0.7425725094577553
2025-08-15,000503,,7.8576,10.89,软件服务,27.778,,,,False,False,,,0.0,False,,0.43999999999999995,0.8,0.07290640394088665,-0.0018331805682859637,1.6860712300761436,0.35,-0.7343,-0.2311,0.0,0.5015384615384615
2025-08-15,000705,61.0148,1.5799,9.38,医药商业,27.778,4.270400624110871,-0.5447334089434039,-0.5447334089434039,False,False,,,0.0,False,,0.6199999999999999,1.0,0.16089108910891103,-0.09633911368015413,0.2627536026928696,0.535,1.7645,0.0203,0.0,0.33683480453972253
2025-08-15,000950,30.1176,0.8071,5.32,医药商业,27.778,4.906730948017106,-0.07768215262836353,-0.07768215262836353,False,False,,,0.0,False,,0.94,0.4,0.08453608247422695,0.01740812379110257,1.3141811007865951,0.79,2.5074,-0.0023,0.0,0.4229003783102143
2025-08-22,000028,25.5862,0.797,25.97,医药商业,27.1079,27.51452591631426,0.05947346616535465,0.05947346616535465,True,False,,,0.0,False,,0.45999999999999996,1.0,0.047423620611035,0.008783487044356608,1.0540621354890594,0.645,1.8392,-0.0993,0.0,0.5970807061790668
2025-08-22,000411,11.434,1.33,11.38,医药商业,27.1079,26.979875983907647,1.3708151128214099,1.3708151128214099,True,False,,,0.0,False,,0.72,0.4,0.07767944936086546,0.0157553290083412,1.254512013660097,0.68,2.15,-0.3158,0.0,0.720031525851198
2025-08-22,000503,,8.038,11.14,软件服务,27.1079,,,,False,False,,,0.0,False,,0.26,0.8,0.07425265188042451,0.009057971014492905,1.0214890396493852,0.35,-0.7343,-0.2311,0.0,0.5015384615384615
2025-08-22,000705,61.9905,1.6052,9.53,医药商业,27.1079,4.16738511546124,-0.5627088021551689,-0.5627088021551689,False,False,,,0.0,False,,0.6199999999999999,0.2,0.12914691943127954,0.02143622722400851,0.7113124382544782,0.535,1.7645,0.0203,0.0,0.3265889029003783
2025-08-22,000950,28.6296,0.8124,5.42,医药商业,27.1079,5.131920040796937,-0.05315128398580482,-0.05315128398580482,False,False,,,0.0,False,,0.94,0.6,0.0961145194274029,0.015151515151515138,1.1312380620925515,0.79,2.5074,-0.0023,0.0,0.43109709962168974
2025-08-29,000028,25.4187,0.7918,25.8,医药商业,26.62795,27.02738967767824,0.04757324332086199,0.04757324332086199,True,False,,,0.0,False,,0.52,0.4,0.03164556962025311,0.0008771929824560321,1.1387032445159775,0.505,1.8392,-0.0993,0.0,0.5765889029003783
2025-08-29,000411,11.7584,1.3166,11.64,医药商业,26.62795,26.35982259491087,1.2645895700095249,1.2645895700095249,True,False,,,0.0,False,,0.8599999999999999,0.2,0.10226155358898725,0.03508771929824572,3.02968166173425,0.94,5.33,-0.042,0.0,0.7077364438839848
2025-08-29,000503,,7.9619,10.6,软件服务,26.62795,,,,False,False,,,0.0,False,,0.26,0.8,0.02812803103782735,-0.026629935720844933,0.8990426601263771,0.29000000000000004,-7.3074,-1.2506,0.0,0.5015384615384615
2025-08-29,000705,65.1086,1.5361,9.25,医药商业,26.62795,3.7830415260042454,-0.5910225377292708,-0.5910225377292708,False,False,,,0.0,False,,0.76,1.0,0.09727164887307249,-0.03343782654127481,0.6702490453022807,0.6950000000000001,2.8326,0.0049,0.0,0.3019987389659521
2025-08-29,000950,27.8372,0.79,5.27,医药商业,26.62795,5.041070815311884,-0.04344007299584729,-0.04344007299584729,False,False,,,0.0,False,,0.6,0.6,0.035785288270377746,-0.009505703422053147,0.9615456148983962,0.57,2.4699,-0.0552,0.0,0.44544136191677175
2025-09-05,000028,25.133,0.7829,25.51,医药商业,26.32665,26.721554987466682,0.04749333545537748,0.04749333545537748,True,False,,,0.0,False,,0.45999999999999996,0.4,0.01620891490319676,-0.002210433244915988,0.786198970626319,0.505,1.8392,-0.0993,0.0,0.5745397225725095
2025-09-05,000411,11.5866,1.2973,11.47,医药商业,26.32665,26.06171573196624,1.272163533737248,1.272163533737248,True,False,,,0.0,False,,0.6599999999999999,0.2,0.08974358974358965,0.016559337626494974,0.7881543229769662,0.94,5.33,-0.042,0.0,0.7097856242118536
2025-09-05,000503,,7.6614,10.2,软件服务,26.32665,,,,False,False,,,0.0,False,,0.19999999999999998,1.0,0.01391650099403563,-0.037735849056603765,0.6541598026420066,0.29000000000000004,-7.3074,-1.2506,0.0,0.5015384615384615
2025-09-05,000705,65.9532,1.556,9.37,医药商业,26.32665,3.7402386919815873,-0.6008283146230964,-0.6008283146230964,False,False,,,0.0,False,,1.0,0.6,0.1262019230769229,-0.006362672322375418,0.8860632594418217,0.6950000000000001,2.8326,0.0049,0.0,0.2917528373266078
2025-09-05,000950,27.5203,0.781,5.21,医药商业,26.32665,4.984024392902694,-0.043373437062822595,-0.043373437062822595,False,False,,,0.0,False,,0.6799999999999999,0.8,0.03830645161290325,-0.01717557251908397,0.6603895300036801,0.57,2.4699,-0.0552,0.0,0.4474905422446406
2025-09-12,000028,25.3793,0.7905,25.76,医药商业,26.608249999999998,27.00738475844487,0.04842332136820149,0.04842332136820149,True,False,,,0.0,False,,0.6599999999999999,0.6,0.05265588914549646,-0.002189141856392296,0.681611174099765,0.505,1.8392,-0.0993,0.0,0.5786380832282472
2025-09-12,000411,11.5664,1.2951,11.45,医药商业,26.608249999999998,26.34047434811177,1.300478109005395,1.300478109005395,True,False,,,0.0,False,,0.33999999999999997,0.2,0.12093495934959342,0.012855831037649201,0.4978001974750085,0.94,5.33,-0.042,0.0,0.7179823455233292
2025-09-12,000503,,7.6089,10.13,软件服务,26.608249999999998,,,,False,False,,,0.0,False,,0.31999999999999995,1.0,0.030518819938962327,-0.0697887970615243,0.6788276932761851,0.29000000000000004,-7.3074,-1.2506,0.0,0.5015384615384615
2025-09-12,000705,66.3756,1.566,9.43,医药商业,26.608249999999998,3.780241496875357,-0.5991260342656037,-0.5991260342656037,False,False,,,0.0,False,,1.0,0.4,0.17434620174346205,0.005330490405117239,0.752945503386343,0.6950000000000001,2.8326,0.0049,0.0,0.2958511979823455
2025-09-12,000950,27.8372,0.79,5.27,医药商业,26.608249999999998,5.037341309470779,-0.044147759113704055,-0.044147759113704055,False,False,,,0.0,False,,0.6799999999999999,0.8,0.06981519507186862,-0.009505703422053147,0.669325257564834,0.57,2.4699,-0.0552,0.0,0.44339218158890287
2025-09-19,000028,25.5074,0.7945,25.89,医药商业,26.54025,26.93834230458612,0.04049217089942525,0.04049217089942525,True,False,,,0.0,False,,0.8599999999999999,0.4,0.040909090909090784,-0.0030474531998259113,2.329950045393673,0.505,1.8392,-0.0993,0.0,0.5642938209331652
2025-09-19,000411,11.1826,1.2521,11.07,医药商业,26.54025,26.273010525280345,1.3733523509738341,1.3733523509738341,True,False,,,0.0,False,,0.33999999999999997,0.6,0.047151277013752546,-0.027372262773722733,0.6057769699138931,0.94,5.33,-0.042,0.0,0.7220807061790668
2025-09-19,000503,,8.022,10.68,软件服务,26.54025,,,,False,False,,,0.0,False,,0.26,1.0,-0.006511627906976791,-0.04129263913824066,1.364085933491917,0.29000000000000004,-7.3074,-1.2506,0.0,0.5015384615384615
2025-09-19,000705,67.8537,1.6009,9.64,医药商业,26.54025,3.77058303379182,-0.6088606811419275,-0.6088606811419275,False,False,,,0.0,False,,0.94,0.2,0.14898688915375446,0.011542497376705319,1.8669526561735672,0.6950000000000001,2.8326,0.0049,0.0,0.28560529634300125
2025-09-19,000950,27.5731,0.7825,5.22,医药商业,26.54025,5.024466055684707,-0.037458610022086725,-0.037458610022086725,False,False,,,0.0,False,,0.6,0.8,0.042424242424242475,-0.03731343283582089,1.8421446987370076,0.57,2.4699,-0.0552,0.0,0.4577364438839848
2025-09-26,000028,24.601,0.7663,24.97,医药商业,25.6645,26.049451851550753,0.04322995000203256,0.04322995000203256,True,False,,,0.0,False,,0.45999999999999996,0.4,-0.002258355916892496,-0.03198948290972836,0.5664965232152288,0.505,1.8392,-0.0993,0.0,0.566343001261034
2025-09-26,000411,11.2028,1.2544,11.09,医药商业,25.6645,25.40608642482237,1.2909004891634237,1.2909004891634237,True,False,,,0.0,False,,0.6199999999999999,1.0,0.025936599423631135,-0.047279214986619134,0.4259086112085412,0.94,5.33,-0.042,0.0,0.7138839848675914
2025-09-26,000503,,7.6614,10.2,软件服务,25.6645,,,,False,False,,,0.0,False,,0.38,0.6,-0.019230769230769384,-0.037735849056603765,0.5672901442556026,0.29000000000000004,-7.3074,-1.2506,0.0,0.5015384615384615
2025-09-26,000705,72.2177,1.7038,10.26,医药商业,25.6645,3.6461666599739404,-0.6446231325561462,-0.6446231325561462,False,False,,,0.0,False,,1.0,0.2,0.19859813084112132,0.10918918918918918,1.6338113471361764,0.6950000000000001,2.8326,0.0049,0.0,0.2651134930643127
2025-09-26,000950,26.728,0.7585,5.06,医药商业,25.6645,4.8586639479197835,-0.03978973361269089,-0.03978973361269089,False,False,,,0.0,False,,0.54,0.8,0.0,-0.03838771593090218,0.46178282855333197,0.57,2.4699,-0.0552,0.0,0.455687263556116
2025-09-30,000028,24.6305,0.7672,25.0,医药商业,25.78485,26.171667241834307,0.046866689673372264,0.046866689673372264,True,False,,,0.0,False,,0.33999999999999997,0.8,-0.0013544018058689877,-0.028546332894158866,0.4318921594116606,0.785,3.7196,0.0004,0.0,0.5724905422446406
2025-09-30,000411,11.3442,1.2702,11.23,医药商业,25.78485,25.525278600518327,1.2729544613106256,1.2729544613106256,True,False,,,0.0,False,,0.6799999999999999,1.0,0.03544061302682011,-0.05258545135845749,0.5516739692341287,0.8800000000000001,5.33,-0.042,0.0,0.7118348045397225
2025-09-30,000503,,7.699,10.25,软件服务,25.78485,,,,False,False,,,0.0,False,,0.31999999999999995,0.4,-0.018199233716475027,-0.010617760617760541,0.6860103251871819,0.29000000000000004,-7.3074,-1.2506,0.0,0.5015384615384615
2025-09-30,000705,69.8246,1.6474,9.92,医药商业,25.78485,3.6632606846297717,-0.6307196890494182,-0.6307196890494182,False,False,,,0.0,False,,0.94,0.2,0.1561771561771561,0.07592190889370931,0.7104066655579867,0.615,2.8326,0.0049,0.0,0.2733102143757881
2025-09-30,000950,26.9392,0.7645,5.1,医药商业,25.78485,4.88146400041575,-0.042850195996911644,-0.042850195996911644,False,False,,,0.0,False,,0.72,0.6,0.001984126984126977,-0.023210831721470093,0.7598874757899698,0.43000000000000005,2.4699,-0.0552,0.0,0.4495397225725094
2025-10-10,000028,25.0049,0.7789,25.38,医药商业,26.156950000000002,26.5493319709337,0.04607296969793939,0.04607296969793939,True,False,,,0.0,False,,0.54,0.8,0.006726457399103047,-0.003992901508429458,0.6882895808381271,0.785,3.7196,0.0004,0.0,0.5704413619167717
2025-10-10,000411,11.6068,1.2996,11.49,医药商业,26.156950000000002,25.893730873281182,1.2535884136885276,1.2535884136885276,True,False,,,0.0,False,,0.8599999999999999,0.4,0.05233111322549955,0.0027198549410698547,1.0755097146008468,0.8800000000000001,5.33,-0.042,0.0,0.705687263556116
2025-10-10,000503,,7.5863,10.1,软件服务,26.156950000000002,,,,False,False,,,0.0,False,,0.31999999999999995,0.6,-0.026974951830443294,-0.0019762845849802257,0.8355914126486429,0.29000000000000004,-7.3074,-1.2506,0.0,0.5015384615384615
2025-10-10,000705,69.1911,1.6324,9.83,医药商业,26.156950000000002,3.716125607195145,-0.6219607724114806,-0.6219607724114806,False,False,,,0.0,False,,0.76,0.2,0.13510392609699773,0.04909284951974402,0.5522643204427061,0.615,2.8326,0.0049,0.0,0.27945775535939466
2025-10-10,000950,27.309,0.775,5.17,医药商业,26.156950000000002,4.951899794939398,-0.042185726317331196,-0.042185726317331196,False,False,,,0.0,False,,0.52,1.0,0.0039215686274509665,-0.005825242718446644,0.852889624468554,0.43000000000000005,2.4699,-0.0552,0.0,0.4515889029003783
2025-10-17,000028,24.7882,0.7721,25.16,医药商业,26.2335,26.626978158962736,0.05830596816227085,0.05830596816227085,True,False,,,0.0,False,,0.54,0.8,0.0004494382022472987,-0.024539877300613466,0.568942380327971,0.785,3.7196,0.0004,0.0,0.595031525851198
2025-10-17,000411,11.4251,1.2792,11.31,医药商业,26.2335,25.96921558673447,1.2961286990923493,1.2961286990923493,True,False,,,0.0,False,,1.0,0.6,0.009267840593141896,-0.02331838565022415,1.129899310226931,0.8800000000000001,5.33,-0.042,0.0,0.7159331651954602
2025-10-17,000503,,7.376,9.82,软件服务,26.2335,,,,False,False,,,0.0,False,,0.31999999999999995,1.0,-0.09576427255985265,-0.03536345776031424,0.6455144928122031,0.29000000000000004,-7.3074,-1.2506,0.0,0.5015384615384615
2025-10-17,000705,65.6717,1.5494,9.33,医药商业,26.2335,3.7270019658391664,-0.6005356949797249,-0.6005356949797249,False,False,,,0.0,False,,0.33999999999999997,0.4,-0.11563981042654037,-0.0209863588667365,0.42341923218282446,0.615,2.8326,0.0049,0.0,0.29380201765447667
2025-10-17,000950,27.6788,0.7855,5.24,医药商业,26.2335,4.966383658251081,-0.05221685911238927,-0.05221685911238927,False,False,,,0.0,False,,0.7999999999999999,0.2,0.0019342359767891004,-0.0057581573896353655,1.0060915593180193,0.43000000000000005,2.4699,-0.0552,0.0,0.4331462799495586
2025-10-24,000028,26.5115,0.7683,25.44,医药商业,27.41205,26.304152990211794,0.033968277917130196,0.033968277917130196,True,False,,,0.0,False,,0.45999999999999996,0.8,-0.014448336252189109,-0.03597430406852242,0.6946133025023108,0.785,3.7196,0.0004,0.0,0.5601954602774275
2025-10-24,000411,11.5362,1.2917,11.42,医药商业,27.41205,27.135938263899728,1.3761767306392056,1.3761767306392056,True,False,,,0.0,False,,1.0,0.2,0.02135561745589598,0.014760147601476037,0.8822604278195196,0.8800000000000001,5.33,-0.042,0.0,0.7241298865069357
2025-10-24,000503,,7.391,9.84,软件服务,27.41205,,,,False,False,,,0.0,False,,0.19999999999999998,1.0,-0.12064343163538871,-0.06906338694418168,0.47485057962152794,0.29000000000000004,-7.3074,-1.2506,0.0,0.5015384615384615
2025-10-24,000705,68.9799,1.6275,9.8,医药商业,27.41205,3.8944401195130762,-0.6026081510700942,-0.6026081510700942,False,False,,,0.0,False,,0.6799999999999999,0.4,0.04033970276008492,0.0,0.4998791635506896,0.615,2.8326,0.0049,0.0,0.2876544766708701
2025-10-24,000950,28.3126,0.8034,5.36,医药商业,27.41205,5.189512372583232,-0.031807393174770215,-0.031807393174770215,False,False,,,0.0,False,,0.6599999999999999,0.6,0.0,-0.0074906367041198685,0.8013402127502017,0.43000000000000005,2.4699,-0.0552,0.0,0.4618348045397226
2025-10-31,000028,26.4907,0.7677,25.42,医药商业,25.62645,24.590681220201805,-0.03262465695508243,-0.03262465695508243,False,False,,,0.0,False,,0.52,0.4,-0.001775410563693014,0.010332434860736539,1.1702124460977181,0.7100000000000001,5.3027,-0.0084,0.0,0.4597856242118537
2025-10-31,000411,11.7181,1.2322,11.07,医药商业,25.62645,24.209112526774817,1.186911700702332,1.186911700702332,True,False,,,0.0,False,,0.6,0.6,-0.0018726591760299671,0.004712535344015167,1.1147975452275518,0.8200000000000001,6.8618,-0.0446,0.0,0.7015889029003783
2025-10-31,000503,,7.6985,9.94,软件服务,25.62645,,,,False,False,,,0.0,False,,0.43999999999999995,0.8,-0.06666666666666676,-0.023575638506876273,1.4573091017748574,0.29000000000000004,-10.359,-1.0721,0.0,0.5015384615384615
2025-10-31,000705,67.7158,1.5849,9.57,医药商业,25.62645,3.621682480307402,-0.6215587794872098,-0.6215587794872098,False,False,,,0.0,False,,0.6199999999999999,1.0,0.01700318809776835,-0.033333333333333326,0.6870324500156779,0.535,2.8185,0.0169,0.0,0.28150693568726354
2025-10-31,000950,24.7622,0.8031,5.37,医药商业,25.62645,5.557423673986963,0.03490198770706954,0.03490198770706954,True,False,,,0.0,False,,0.82,0.2,0.015296367112810572,0.05988023952095811,0.9217291643934189,0.645,3.3562,-0.0375,0.0,0.5622446406052963
2025-11-07,000028,26.6158,0.7713,25.54,医药商业,26.03485,24.982531766845256,-0.021827260499402645,-0.021827260499402645,False,False,,,0.0,False,,0.45999999999999996,0.6,-0.0008845643520566382,0.006236080178173786,1.2274803601690147,0.7100000000000001,5.3027,-0.0084,0.0,0.47003152585119795
2025-11-07,000411,12.258,1.289,11.58,医药商业,26.03485,24.5948411649535,1.1239068363517704,1.1239068363517704,True,False,,,0.0,False,,0.7999999999999999,0.4,0.038175046554934866,0.008137432188065175,1.6269769186557872,0.8200000000000001,6.8618,-0.0446,0.0,0.6995397225725095
2025-11-07,000503,,7.8085,10.02,软件服务,26.03485,,,,False,False,,,0.0,False,,0.26,0.8,-0.08909090909090911,-0.007920792079207928,0.6590295768149693,0.29000000000000004,-10.359,-1.0721,0.0,0.5015384615384615
2025-11-07,000705,68.4234,1.6015,9.67,医药商业,26.03485,3.679399145613927,-0.619503707795871,-0.619503707795871,False,False,,,0.0,False,,0.48,1.0,0.03201707577374613,-0.016276703967446626,0.5341581496934171,0.535,2.8185,0.0169,0.0,0.28355611601513236
2025-11-07,000950,25.4539,0.8255,5.52,医药商业,26.03485,5.645986351796777,0.022823614455937946,0.022823614455937946,True,False,,,0.0,False,,1.0,0.2,0.043977055449330615,0.06640625,2.0191756965284657,0.645,3.3562,-0.0375,0.0,0.5479003783102143
2025-11-14,000028,27.2306,0.7891,26.13,医药商业,26.54975,25.47666843551005,-0.02500312148832562,-0.02500312148832562,False,False,,,0.0,False,,0.52,0.8,0.021201413427561766,0.038634321653189474,2.061178592142901,0.7100000000000001,5.3027,-0.0084,0.0,0.46593316519546024
2025-11-14,000411,12.9037,1.3568,12.19,医药商业,26.54975,25.081290831311946,1.057530010772104,1.057530010772104,True,False,,,0.0,False,,0.6,0.4,0.08804448563484724,0.07805325987144163,2.0490489290049734,0.8200000000000001,6.8618,-0.0446,0.0,0.6933921815889028
2025-11-14,000503,,7.7851,9.99,软件服务,26.54975,,,,False,False,,,0.0,False,,0.26,1.0,-0.045845272206303744,0.01731160896130346,1.246843111215819,0.29000000000000004,-10.359,-1.0721,0.0,0.5015384615384615
2025-11-14,000705,73.1642,1.7125,10.34,医药商业,26.54975,3.7521686152517217,-0.6371210236700462,-0.6371210236700462,False,False,,,0.0,False,,1.0,0.2,0.1130247578040906,0.10825294748124326,2.596642820996919,0.535,2.8185,0.0169,0.0,0.2692118537200504
2025-11-14,000950,25.8689,0.839,5.61,医药商业,26.54975,5.757650982453835,0.026319248209239587,0.026319248209239587,True,False,,,0.0,False,,0.6199999999999999,0.6,0.05714285714285716,0.0714285714285714,1.105285866641092,0.645,3.3562,-0.0375,0.0,0.551998738965952
2025-11-21,000028,25.8863,0.7501,24.84,医药商业,24.8401,23.836086424093054,-0.040415200318315025,-0.040415200318315025,False,False,,,0.0,False,,0.52,0.4,-0.04395126196692778,-0.023989338071968125,1.5836306930423232,0.7100000000000001,5.3027,-0.0084,0.0,0.45363808322824717
2025-11-21,000411,11.7181,1.2322,11.07,医药商业,24.8401,23.466253658869615,1.1198061119123408,1.1198061119123408,True,False,,,0.0,False,,0.6199999999999999,0.6,-0.03266787658802173,-0.030909090909090886,0.8886768139083783,0.8200000000000001,6.8618,-0.0446,0.0,0.6974905422446406
2025-11-21,000503,,7.5435,9.68,软件服务,24.8401,,,,False,False,,,0.0,False,,0.26,0.2,-0.11517367458866545,-0.016260162601625994,1.3657566397049647,0.29000000000000004,-10.359,-1.0721,0.0,0.5015384615384615
2025-11-21,000705,65.8761,1.5419,9.31,医药商业,24.8401,3.510549820040956,-0.6229269795874376,-0.6229269795874376,False,False,,,0.0,False,,0.8799999999999999,1.0,-0.027168234064785746,-0.050000000000000044,1.5126190934763917,0.535,2.8185,0.0169,0.0,0.27740857503152583
2025-11-21,000950,23.7939,0.7717,5.16,医药商业,24.8401,5.386881343537629,0.04396925262357154,0.04396925262357154,True,False,,,0.0,False,,0.72,0.8,-0.04664179104477617,-0.035849056603773466,1.608644599178967,0.645,3.3562,-0.0375,0.0,0.5683921815889028
2025-11-28,000028,25.928,0.7513,24.88,医药商业,25.11455,24.099429342795432,-0.03137341869793275,-0.03137341869793275,False,False,,,0.0,False,,0.45999999999999996,1.0,-0.02868490732568396,-0.021342819030680138,0.6899649437698068,0.7100000000000001,5.3027,-0.0084,0.0,0.4638839848675914
2025-11-28,000411,12.7449,1.3402,12.04,医药商业,25.11455,23.725504476300326,0.9705568501910571,0.9705568501910571,True,False,,,0.0,False,,1.0,0.2,0.06135531135531136,0.08724202626641642,1.8480159894598922,0.8200000000000001,6.8618,-0.0446,0.0,0.6851954602774275
2025-11-28,000503,,7.7851,9.99,软件服务,25.11455,,,,False,False,,,0.0,False,,0.38,0.4,-0.07926267281105981,0.005030181086519203,0.7030973749664484,0.29000000000000004,-10.359,-1.0721,0.0,0.5015384615384615
2025-11-28,000705,67.7158,1.5849,9.57,医药商业,25.11455,3.549337724725987,-0.6291183150756544,-0.6291183150756544,False,False,,,0.0,False,,0.6799999999999999,0.6,0.03125,0.0,0.586993070977199,0.535,2.8185,0.0169,0.0,0.275359394703657
2025-11-28,000950,24.3011,0.7881,5.27,医药商业,25.11455,5.446406891046084,0.033473793367378324,0.033473793367378324,True,False,,,0.0,False,,0.48,0.8,-0.0019157088122604415,-0.01883239171374762,0.5799013950130387,0.645,3.3562,-0.0375,0.0,0.5581462799495587
2025-12-05,000028,26.2198,0.7598,25.16,医药商业,25.698549999999997,24.659818839197857,-0.019880014340307728,-0.019880014340307728,False,False,,,0.0,False,,0.33999999999999997,0.8,-0.012422360248447117,-0.014608233731739584,0.6697599897401282,0.7100000000000001,5.3027,-0.0084,0.0,0.47208070617906683
2025-12-05,000411,13.306,1.3991,12.57,医药商业,25.698549999999997,24.277076018337592,0.9313505185630542,0.9313505185630542,True,False,,,0.0,False,,0.72,0.2,0.09700815956482334,0.08520179372197312,1.061589427173899,0.8200000000000001,6.8618,-0.0446,0.0,0.676998738965952
2025-12-05,000503,,7.6136,9.77,软件服务,25.698549999999997,,,,False,False,,,0.0,False,,0.26,1.0,-0.03458498023715417,-0.024950099800399195,0.6797939835738567,0.29000000000000004,-10.359,-1.0721,0.0,0.5015384615384615
2025-12-05,000705,71.183,1.6661,10.06,医药商业,25.698549999999997,3.6318701515811354,-0.6389791101808017,-0.6389791101808017,False,False,,,0.0,False,,0.7999999999999999,0.4,0.07363927427961592,0.04033092037228547,0.8402117569320539,0.535,2.8185,0.0169,0.0,0.2671626733921816
2025-12-05,000950,25.1773,0.8165,5.46,医药商业,25.698549999999997,5.573039325106345,0.02070317309640024,0.02070317309640024,True,False,,,0.0,False,,0.8799999999999999,0.6,0.04854368932038833,-0.01098901098901095,0.8224178831833793,0.645,3.3562,-0.0375,0.0,0.5458511979823455
2025-12-12,000028,25.73,0.7456,24.69,医药商业,27.090600000000002,25.995604897007386,0.052879906723668935,0.052879906723668935,True,False,,,0.0,False,,0.52,0.4,-0.042944785276073594,-0.05536332179930803,1.7010447069871646,0.7100000000000001,5.3027,-0.0084,0.0,0.5847856242118536
2025-12-12,000411,12.1627,1.2789,11.49,医药商业,27.090600000000002,25.592261093342763,1.2273508349297444,1.2273508349297444,True,False,,,0.0,False,,0.6199999999999999,0.6,-0.008071748878923701,-0.0579216354344122,0.6335646523424161,0.8200000000000001,6.8618,-0.0446,0.0,0.7036380832282472
2025-12-12,000503,,7.1694,9.2,软件服务,27.090600000000002,,,,False,False,,,0.0,False,,0.26,0.8,-0.09626719056974464,-0.07907907907907918,0.9583294965688526,0.29000000000000004,-10.359,-1.0721,0.0,0.5015384615384615
2025-12-12,000705,64.8147,1.517,9.16,医药商业,27.090600000000002,3.828605177529172,-0.5820300024531472,-0.5820300024531472,False,False,,,0.0,False,,0.6,1.0,-0.03882476390346268,-0.11411992263056092,0.9996395736332585,0.535,2.8185,0.0169,0.0,0.31839218158890287
2025-12-12,000950,28.4512,0.9227,6.17,医药商业,27.090600000000002,5.874936804071534,-0.047822235968957294,-0.047822235968957294,False,False,,,0.0,False,,1.0,0.2,0.17082533589251425,0.09909909909909898,10.066093220542227,0.645,3.3562,-0.0375,0.0,0.441343001261034
2025-12-19,000028,26.0634,0.7553,25.01,医药商业,28.80205,27.63796244925835,0.10507646738338061,0.10507646738338061,True,False,,,0.0,False,,0.39999999999999997,0.8,-0.05224839400428272,0.007282658170232104,0.9139849018823135,0.7100000000000001,5.3027,-0.0084,0.0,0.6175725094577553
2025-12-19,000411,13.8352,1.4548,13.07,医药商业,28.80205,27.209060476176713,1.08179498670059,1.08179498670059,True,False,,,0.0,False,,0.7999999999999999,0.4,0.161439114391144,0.18105065666041265,2.3317408275576432,0.8200000000000001,6.8618,-0.0446,0.0,0.6954413619167717
2025-12-19,000503,,7.2396,9.29,软件服务,28.80205,,,,False,False,,,0.0,False,,0.31999999999999995,1.0,-0.12109744560075697,-0.04028925619834711,0.9280692153356465,0.29000000000000004,-10.359,-1.0721,0.0,0.5015384615384615
2025-12-19,000705,67.9281,1.5899,9.6,医药商业,28.80205,4.070475694153083,-0.5759921151923872,-0.5759921151923872,False,False,,,0.0,False,,0.48,0.6,-0.020408163265306256,0.031149301825993403,0.8850114787818982,0.535,2.8185,0.0169,0.0,0.3245397225725094
2025-12-19,000950,31.5407,1.0229,6.84,医药商业,28.80205,6.246089084896657,-0.0868290811554594,-0.0868290811554594,False,False,,,0.0,False,,1.0,0.2,0.2677902621722845,0.3248532289628179,3.422590073731348,0.645,3.3562,-0.0375,0.0,0.41060529634300125
2025-12-26,000028,25.8446,0.7489,24.8,医药商业,27.58595,26.47096724267352,0.06737771139812576,0.06737771139812576,True,False,,,0.0,False,,0.54,0.6,-0.014375561545372895,-0.003180372557928246,0.6684445712662647,0.7100000000000001,5.3027,-0.0084,0.0,0.5991298865069357
2025-12-26,000411,13.613,1.4314,12.86,医药商业,27.58595,26.060039447586867,1.0264416366708295,1.0264416366708295,True,False,,,0.0,False,,1.0,0.4,0.16682375117813408,0.06816220880069035,2.237670481338733,0.8200000000000001,6.8618,-0.0446,0.0,0.6892938209331652
2025-12-26,000503,,7.0915,9.1,软件服务,27.58595,,,,False,False,,,0.0,False,,0.31999999999999995,1.0,-0.10609037328094306,-0.08908908908908919,0.8682637189573096,0.29000000000000004,-10.359,-1.0721,0.0,0.5015384615384615
2025-12-26,000705,65.3101,1.5286,9.23,医药商业,27.58595,3.8986055525868126,-0.5776158664586335,-0.5776158664586335,False,False,,,0.0,False,,0.33999999999999997,0.8,-0.06767676767676767,-0.03552769070010453,0.6336255335014077,0.535,2.8185,0.0169,0.0,0.3224905422446406
2025-12-26,000950,29.3273,0.9511,6.36,医药商业,27.58595,5.982365986640434,-0.05937641719490039,-0.05937641719490039,False,False,,,0.0,False,,0.7999999999999999,0.2,0.2554890219560879,0.20729366602687138,0.8853675059474989,0.645,3.3562,-0.0375,0.0,0.4290479192938209
2025-12-31,000028,25.5945,0.7417,24.56,医药商业,26.215899999999998,25.15628373283322,0.02427865361698789,0.02427865361698789,True,False,,,0.0,False,,0.54,0.6,-0.017631103074141063,-0.030776092774308705,0.5422525448232917,0.785,5.3027,-0.0084,0.0,0.5499495586380831
2025-12-31,000411,13.4966,1.4192,12.75,医药商业,26.215899999999998,24.765698398115077,0.9424077174992218,0.9424077174992218,True,False,,,0.0,False,,1.0,0.4,0.13598519888991656,-0.013654618473895597,2.184632537735132,0.8200000000000001,6.8618,-0.0446,0.0,0.6810970996216897
2025-12-31,000503,,6.9201,8.88,软件服务,26.215899999999998,,,,False,False,,,0.0,False,,0.38,0.8,-0.13365853658536575,-0.09202453987730053,0.8165307325869553,0.29000000000000004,-10.359,-1.0721,0.0,0.5015384615384615
2025-12-31,000705,64.0364,1.4988,9.05,医药商业,26.215899999999998,3.704984899213572,-0.5906094034018152,-0.5906094034018152,False,False,,,0.0,False,,0.45999999999999996,1.0,-0.08770161290322576,-0.09770687936191413,0.6487758242150139,0.535,2.8185,0.0169,0.0,0.3040479192938209
2025-12-31,000950,26.8373,0.8704,5.82,医药商业,26.215899999999998,5.685241734451678,-0.023154341159505654,-0.023154341159505654,False,False,,,0.0,False,,0.6199999999999999,0.2,0.1405940594059405,0.06666666666666665,0.5217375264653927,0.57,3.3562,-0.0375,0.0,0.46798234552332907
2026-01-09,000028,26.0739,0.7556,25.02,医药商业,27.58535,26.47035759897829,0.05796792961543917,0.05796792961543917,True,False,,,0.0,False,,0.52,0.8,-0.013814616755793319,0.0022644927536232817,1.1994801574841525,0.785,5.3027,-0.0084,0.0,0.5929823455233292
2026-01-09,000411,14.2042,1.4397,12.95,医药商业,27.58535,25.14962352684417,0.9420558707987776,0.9420558707987776,True,False,,,0.0,False,,0.74,0.6,0.13055303717135103,0.07222699914015474,1.0796496290576683,0.8200000000000001,6.8618,-0.0446,0.0,0.6790479192938209
2026-01-09,000503,,8.2215,10.55,软件服务,27.58535,,,,False,False,,,0.0,False,,0.72,0.2,0.04558969276511404,0.09439834024896276,2.4961235117738503,0.29000000000000004,-10.359,-1.0721,0.0,0.5015384615384615
2026-01-09,000705,65.3808,1.5303,9.24,医药商业,27.58535,3.898524245650099,-0.5780817915963097,-0.5780817915963097,False,False,,,0.0,False,,0.26,1.0,-0.03347280334728031,-0.05133470225872694,1.0307608370889614,0.535,2.8185,0.0169,0.0,0.32044136191677175
2026-01-09,000950,29.0968,0.9436,6.31,医药商业,27.58535,5.982223423194302,-0.05194557477110895,-0.05194557477110895,False,False,,,0.0,False,,0.76,0.4,0.20463320463320467,0.07586206896551739,1.0219276264250918,0.57,3.3562,-0.0375,0.0,0.4351954602774275
2026-01-16,000028,25.8759,0.7498,24.83,医药商业,27.27885,26.176242971258965,0.054218403997541964,0.054218403997541964,True,False,,,0.0,False,,0.45999999999999996,0.6,-0.028306059265811645,0.011044638748274105,0.9785909421131824,0.785,5.3027,-0.0084,0.0,0.5868348045397225
2026-01-16,000411,15.5104,1.5283,13.76,医药商业,27.27885,24.200341448318543,0.7587457447905919,0.7587457447905919,True,False,,,0.0,False,,0.94,0.2,0.19692863595302623,0.1481802426343155,1.0322055003091062,0.8200000000000001,6.8618,-0.0446,0.0,0.6626544766708701
2026-01-16,000503,,7.9721,10.23,软件服务,27.27885,,,,False,False,,,0.0,False,,0.72,0.4,0.03333333333333344,0.12048192771084332,1.544726975816527,0.29000000000000004,-10.359,-1.0721,0.0,0.5015384615384615
2026-01-16,000705,65.3808,1.5303,9.24,医药商业,27.27885,3.8552078591880186,-0.5827697122090889,-0.5827697122090889,False,False,,,0.0,False,,0.26,0.8,-0.05810397553516822,0.006535947712418277,0.8960195164859202,0.535,2.8185,0.0169,0.0,0.31634300126103404
2026-01-16,000950,28.6818,0.9343,6.22,医药商业,27.27885,5.9157530908102,-0.04891429408196135,-0.04891429408196135,False,False,,,0.0,False,,0.6199999999999999,1.0,0.16165413533834583,0.0016207455429497752,0.5511540269889282,0.57,3.3562,-0.0375,0.0,0.43929382093316516
2026-01-23,000028,26.6366,0.7719,25.56,医药商业,28.143349999999998,27.005850070954995,0.05656690418446786,0.05656690418446786,True,False,,,0.0,False,,0.58,0.8,0.003550821127385584,0.031478102189780977,3.6799102889947575,0.785,5.3027,-0.0084,0.0,0.5909331651954602
2026-01-23,000411,15.4469,1.4964,13.48,医药商业,28.143349999999998,24.55977302889253,0.8219416193540452,0.8219416193540452,True,False,,,0.0,False,,0.6199999999999999,0.4,0.21421889616463985,0.0880134115674771,0.836959776697635,0.8200000000000001,6.8618,-0.0446,0.0,0.6667528373266078
2026-01-23,000503,,7.9955,10.26,软件服务,28.143349999999998,,,,False,False,,,0.0,False,,0.54,0.2,0.03951367781155013,0.11764705882352944,1.0389461910182123,0.29000000000000004,-10.359,-1.0721,0.0,0.5015384615384615
2026-01-23,000705,68.4942,1.6032,9.68,医药商业,28.143349999999998,3.9773824353010907,-0.5891133847829452,-0.5891133847829452,False,False,,,0.0,False,,0.31999999999999995,0.6,-0.007179487179487243,0.041980624327233595,1.182154256495952,0.535,2.8185,0.0169,0.0,0.3081462799495586
2026-01-23,000950,29.6501,0.9659,6.43,医药商业,28.143349999999998,6.103242164444639,-0.05081770381887418,-0.05081770381887418,False,False,,,0.0,False,,0.94,1.0,0.20793950850661624,-0.0031201248049922414,1.6945368553696218,0.57,3.3562,-0.0375,0.0,0.43724464060529633
2026-01-30,000028,27.1577,0.787,26.06,医药商业,27.5278,26.41514075197826,0.01362781089709375,0.01362781089709375,True,False,,,0.0,False,,0.72,0.4,0.027641551493535532,0.060745513115508576,1.1527529451313534,0.785,5.3027,-0.0084,0.0,0.5376544766708701
2026-01-30,000411,14.3124,1.3865,12.49,医药商业,27.5278,24.022681171571506,0.9233531762667337,0.9233531762667337,True,False,,,0.0,False,,0.76,1.0,0.11182994454713491,-0.02035830618892509,0.4230540726818557,0.8200000000000001,6.8618,-0.0446,0.0,0.6708511979823455
2026-01-30,000503,,7.3565,9.44,软件服务,27.5278,,,,False,False,,,0.0,False,,0.39999999999999997,0.2,-0.0799220272904484,0.06306306306306286,0.43007060621940535,0.29000000000000004,-10.359,-1.0721,0.0,0.5015384615384615
2026-01-30,000705,66.796,1.5634,9.44,医药商业,27.5278,3.8903891250973106,-0.5878825079346068,-0.5878825079346068,False,False,,,0.0,False,,0.38,0.8,-0.03673469387755113,0.04309392265193357,1.1131415152194855,0.535,2.8185,0.0169,0.0,0.31224464060529633
2026-01-30,000950,27.8979,0.9088,6.05,医药商业,27.5278,5.969739299373788,-0.013266231508464843,-0.013266231508464843,False,False,,,0.0,False,,0.74,0.6,0.12104283054003706,0.04513888888888884,0.6439771897089343,0.57,3.3562,-0.0375,0.0,0.47412988650693566
2026-02-06,000028,27.5537,0.7985,26.44,医药商业,27.67965,26.560859194953853,0.004571073939253045,0.004571073939253045,True,False,,,0.0,False,,0.7999999999999999,0.2,0.01917211328976043,0.05693628558517849,0.8548404071169511,0.785,5.3027,-0.0084,0.0,0.5274085750315258
2026-02-06,000411,14.0611,1.3621,12.27,医药商业,27.67965,24.15382192716075,0.9685266444303788,0.9685266444303788,True,False,,,0.0,False,,0.54,0.8,0.009393680614859123,-0.05212510024057737,0.30644204953137083,0.8200000000000001,6.8618,-0.0446,0.0,0.6831462799495587
2026-02-06,000503,,7.224,9.27,软件服务,27.67965,,,,False,False,,,0.0,False,,0.33999999999999997,1.0,-0.06740442655935608,-0.12132701421800962,0.2787106689748477,0.29000000000000004,-10.359,-1.0721,0.0,0.5015384615384615
2026-02-06,000705,67.2913,1.575,9.51,医药商业,27.67965,3.911849993981391,-0.5886593066265624,-0.5886593066265624,False,False,,,0.0,False,,0.43999999999999995,0.4,-0.05841584158415836,0.02922077922077926,1.0428594475536466,0.535,2.8185,0.0169,0.0,0.31019546027742745
2026-02-06,000950,27.8056,0.9058,6.03,医药商业,27.67965,6.002686131570619,-0.004529663089449576,-0.004529663089449576,False,False,,,0.0,False,,0.8799999999999999,0.6,0.07913669064748219,-0.03846153846153855,0.5409113086621039,0.57,3.3562,-0.0375,0.0,0.4823266078184111
2026-02-13,000028,26.8659,0.7785,25.78,医药商业,26.7363,25.655638337074134,-0.004823958996348576,-0.004823958996348576,False,False,,,0.0,False,,0.6599999999999999,0.2,0.01287744227353449,0.038233955393718766,0.6059278347457474,0.785,5.3027,-0.0084,0.0,0.48027742749054225
2026-02-13,000411,13.8663,1.3432,12.1,医药商业,26.7363,23.330609463230996,0.9281495424157848,0.9281495424157848,True,False,,,0.0,False,,0.6199999999999999,1.0,0.04766187050359716,-0.12075471698113205,0.33640797401367384,0.8200000000000001,6.8618,-0.0446,0.0,0.6729003783102143
2026-02-13,000503,,7.2785,9.34,软件服务,26.7363,,,,False,False,,,0.0,False,,0.39999999999999997,0.8,-0.057517658930373416,-0.08699902248289348,0.44927316775425497,0.29000000000000004,-10.359,-1.0721,0.0,0.5015384615384615
2026-02-13,000705,65.9469,1.5435,9.32,医药商业,26.7363,3.778529635206507,-0.5945783653211902,-0.5945783653211902,False,False,,,0.0,False,,0.43999999999999995,0.4,-0.04410256410256408,0.008658008658008587,0.6454060747068944,0.535,2.8185,0.0169,0.0,0.2979003783102143
2026-02-13,000950,26.6067,0.8667,5.77,医药商业,26.7363,5.798105402022798,0.004870953556810775,0.004870953556810775,True,False,,,0.0,False,,0.8799999999999999,0.6,0.07490636704119846,-0.07119741100323618,0.46643992146012064,0.57,3.3562,-0.0375,0.0,0.5294577553593947
2026-02-27,000028,26.918,0.78,25.83,医药商业,27.1082,26.012512296604502,0.007065903856155797,0.007065903856155797,True,False,,,0.0,False,,0.6,0.2,0.03300180831826394,0.025123373710184138,0.438286127527587,0.785,5.3027,-0.0084,0.0,0.5315069356872635
2026-02-27,000411,14.0496,1.361,12.26,医药商业,27.1082,23.655230896253276,0.9294641840337092,0.9294641840337092,True,False,,,0.0,False,,0.6199999999999999,1.0,0.0914972273567467,-0.09984756097560965,0.4183513520341961,0.8200000000000001,6.8618,-0.0446,0.0,0.6749495586380831
2026-02-27,000503,,7.1617,9.19,软件服务,27.1082,,,,False,False,,,0.0,False,,0.38,0.8,-0.0945812807881774,-0.0745216515609265,0.557985946099558,0.29000000000000004,-10.359,-1.0721,0.0,0.5015384615384615
2026-02-27,000705,66.3714,1.5535,9.38,医药商业,27.1082,3.831091644895242,-0.5915680549152195,-0.5915680549152195,False,False,,,0.0,False,,0.58,0.4,-0.014705882352941013,-0.019853709508881878,0.6611763937184892,0.535,2.8185,0.0169,0.0,0.2999495586380832
2026-02-27,000950,27.2984,0.8893,5.92,医药商业,27.1082,5.878752747413768,-0.006967441315241962,-0.006967441315241962,False,False,,,0.0,False,,0.82,0.6,0.14368932038834936,-0.03442622950819674,0.42406198475846957,0.57,3.3562,-0.0375,0.0,0.47822824716267337
2026-03-06,000028,26.6262,0.7716,25.55,医药商业,26.6626,25.58492875438478,0.001367074535607804,0.001367074535607804,True,False,,,0.0,False,,0.74,0.4,0.013907581875280517,-0.031290184312044445,0.7006615255461607,0.785,5.3027,-0.0084,0.0,0.5233102143757882
2026-03-06,000411,13.4079,1.2988,11.7,医药商业,26.6626,23.266314635401518,0.9885739004616683,0.9885739004616683,True,False,,,0.0,False,,0.48,0.8,-0.042480883602378894,-0.08744939271255059,0.6527566385569367,0.8200000000000001,6.8618,-0.0446,0.0,0.6872446406052963
2026-03-06,000503,,6.8421,8.78,软件服务,26.6626,,,,False,False,,,0.0,False,,0.38,1.0,-0.11847389558232946,-0.09109730848861297,0.7567770955619453,0.29000000000000004,-10.359,-1.0721,0.0,0.5015384615384615
2026-03-06,000705,64.9563,1.5203,9.18,医药商业,26.6626,3.7681128389394103,-0.5895301918366656,-0.5895301918366656,False,False,,,0.0,False,,0.58,0.2,-0.07459677419354838,-0.026511134676564185,0.8826666513759718,0.535,2.8185,0.0169,0.0,0.30609709962168974
2026-03-06,000950,26.699,0.8697,5.79,医药商业,26.6626,5.782106221206787,-0.0013633469418330435,-0.0013633469418330435,False,False,,,0.0,False,,0.82,0.6,0.08067542213883683,-0.05728314238952548,0.6796232097020893,0.57,3.3562,-0.0375,0.0,0.4843757881462799
2026-03-13,000028,27.0534,0.784,25.96,医药商业,26.853099999999998,25.76779539725136,-0.007403875298483853,-0.007403875298483853,False,False,,,0.0,False,,0.7999999999999999,0.2,0.04409090909090896,-0.01963294921041403,1.1007848411897416,0.785,5.3027,-0.0084,0.0,0.4761790668348045
2026-03-13,000411,13.1901,1.2777,11.51,医药商业,26.853099999999998,23.432663967672724,1.0358526470610534,1.0358526470610534,True,False,,,0.0,False,,0.33999999999999997,0.8,-0.05942275042444811,-0.06101694915254241,0.6808344339126868,0.8200000000000001,6.8618,-0.0446,0.0,0.691343001261034
2026-03-13,000503,,6.6551,8.54,软件服务,26.853099999999998,,,,False,False,,,0.0,False,,0.26,1.0,-0.11776859504132242,-0.08760683760683763,0.7116539189369752,0.29000000000000004,-10.359,-1.0721,0.0,0.5015384615384615
2026-03-13,000705,64.8855,1.5187,9.17,医药商业,26.853099999999998,3.7950378281742454,-0.586146365520802,-0.586146365520802,False,False,,,0.0,False,,0.72,0.4,-0.054639175257731876,-0.0337197049525817,1.3106008797714785,0.535,2.8185,0.0169,0.0,0.31429382093316516
2026-03-13,000950,26.6528,0.8682,5.78,医药商业,26.853099999999998,5.82343761255853,0.007515157882098666,0.007515157882098666,True,False,,,0.0,False,,0.8799999999999999,0.6,0.09108159392789372,-0.0368509212730318,0.8736873774261859,0.57,3.3562,-0.0375,0.0,0.5335561160151323
2026-03-20,000028,12.6999,0.7752,25.92,医药商业,18.9847,38.74703139394799,0.4948700383467588,0.4948700383467588,True,False,,,0.0,False,,0.8799999999999999,0.2,0.062065771190365826,-0.008217993079584818,1.1892584667911497,0.785,5.3027,-0.0084,0.0,0.6421626733921816
2026-03-20,000411,12.568,1.2176,10.97,医药商业,18.9847,16.570827418841503,0.5105585614258434,0.5105585614258434,True,False,,,0.0,False,,0.48,0.8,-0.06548672566371683,-0.09743589743589731,0.7936590532250372,0.8200000000000001,6.8618,-0.0446,0.0,0.6442118537200504
2026-03-20,000503,,6.3902,8.2,软件服务,18.9847,,,,False,False,,,0.0,False,,0.52,1.0,-0.08990011098779138,-0.13043478260869568,1.2344117548572606,0.29000000000000004,-10.359,-1.0721,0.0,0.5015384615384615
2026-03-20,000705,61.7721,1.4458,8.73,医药商业,18.9847,2.6830305429150054,-0.6926654590017176,-0.6926654590017176,False,False,,,0.0,False,,0.8599999999999999,0.6,-0.03854625550660784,-0.07226354941551538,1.2506551752674233,0.535,2.8185,0.0169,0.0,0.25486759142496845
2026-03-20,000950,25.2695,0.8232,5.48,医药商业,18.9847,4.117064286986288,-0.24871089653534895,-0.24871089653534895,False,False,,,0.0,False,,0.26,0.4,-0.16282642089093702,-0.06034482758620685,0.9455650692924126,0.57,3.3562,-0.0375,0.0,0.39626103404791924
2026-03-27,000028,12.5921,0.7686,25.7,医药商业,19.1844,39.154635048959264,0.5235266556015279,0.5235266556015279,True,False,,,0.0,False,,0.8799999999999999,0.2,0.03788224554997721,-0.004814004376367698,0.8354707333716223,0.785,5.3027,-0.0084,0.0,0.6462610340479193
2026-03-27,000411,12.4076,1.2021,10.83,医药商业,19.1844,16.74514426641736,0.5461813727070506,0.5461813727070506,True,False,,,0.0,False,,0.39999999999999997,0.8,-0.12938230383973293,-0.11685012701100772,0.739528822204547,0.8200000000000001,6.8618,-0.0446,0.0,0.650359394703657
2026-03-27,000503,,6.2265,7.99,软件服务,19.1844,,,,False,False,,,0.0,False,,0.48,1.0,-0.12486308871851048,-0.13057671381936886,0.6799533954700797,0.29000000000000004,-10.359,-1.0721,0.0,0.5015384615384615
2026-03-27,000705,61.9844,1.4508,8.76,医药商业,19.1844,2.7112522505662713,-0.6904963184285078,-0.6904963184285078,False,False,,,0.0,False,,0.7999999999999999,0.6,-0.062098501070663836,-0.06609808102345427,0.91490584378535,0.535,2.8185,0.0169,0.0,0.2569167717528373
2026-03-27,000950,25.7767,0.8397,5.59,医药商业,19.1844,4.160377239910462,-0.2557464687101142,-0.2557464687101142,False,False,,,0.0,False,,0.43999999999999995,0.4,-0.16390977443609034,-0.05602716468590829,1.0187175369794974,0.57,3.3562,-0.0375,0.0,0.3942118537200504
2026-03-31,000028,12.8077,0.7818,26.14,医药商业,19.5458,39.892190791477,0.5260975819233742,0.5260975819233742,True,False,,,0.0,False,,1.0,0.2,0.05330296127562639,0.01671064204045747,1.550516912450614,0.785,5.3027,-0.0084,0.0,0.6483102143757882
2026-03-31,000411,12.4306,1.2043,10.85,医药商业,19.5458,17.06047415249465,0.5723939311054977,0.5723939311054977,True,False,,,0.0,False,,0.33999999999999997,0.8,-0.12405699916177704,-0.051724137931034475,0.6971207130645546,0.8200000000000001,6.8618,-0.0446,0.0,0.6524085750315258
2026-03-31,000503,,6.1252,7.86,软件服务,19.5458,,,,False,False,,,0.0,False,,0.31999999999999995,1.0,-0.1428571428571428,-0.08710801393728218,0.8117735050681608,0.29000000000000004,-10.359,-1.0721,0.0,0.5015384615384615
2026-03-31,000705,62.2674,1.4574,8.8,医药商业,19.5458,2.7623289233210317,-0.6860989859862464,-0.6860989859862464,False,False,,,0.0,False,,0.6799999999999999,0.6,-0.057815845824411016,-0.016759776536312665,0.7823209669885309,0.535,2.8185,0.0169,0.0,0.25896595208070616
2026-03-31,000950,26.2839,0.8562,5.7,医药商业,19.5458,4.238756805496902,-0.2563584551759822,-0.2563584551759822,False,False,,,0.0,False,,0.6599999999999999,0.4,-0.10142630744849446,-0.0017605633802816323,1.1859005209647113,0.57,3.3562,-0.0375,0.0,0.3921626733921816
2026-04-03,000028,12.9351,0.7895,26.4,医药商业,22.9296,46.79835795625855,0.7726650741007028,0.7726650741007028,True,False,,,0.0,False,,0.7999999999999999,0.4,0.07257694074414345,0.0331858407079646,1.542658556513933,0.785,5.3027,-0.0084,0.0,0.664703656998739
2026-04-03,000411,12.5451,1.2154,10.95,医药商业,22.9296,20.01411865987517,0.827773393595906,0.827773393595906,True,False,,,0.0,False,,0.26,0.8,-0.17268445839874424,-0.06477373558118904,1.025222157977422,0.8200000000000001,6.8618,-0.0446,0.0,0.6688020176544767
2026-04-03,000503,,6.0473,7.76,软件服务,22.9296,,,,False,False,,,0.0,False,,0.33999999999999997,1.0,-0.1319910514541387,-0.11617312072892938,0.8548121468021231,0.29000000000000004,-10.359,-1.0721,0.0,0.5015384615384615
2026-04-03,000705,62.409,1.4607,8.82,医药商业,22.9296,3.2405433831658894,-0.6325914531557948,-0.6325914531557948,False,False,,,0.0,False,,0.6,0.6,-0.02541436464088398,-0.039215686274509776,1.2385840031092232,0.535,2.8185,0.0169,0.0,0.2712610340479193
2026-04-03,000950,32.9241,1.0725,7.14,医药商业,22.9296,4.97256854401487,-0.3035618285693459,-0.3035618285693459,False,False,,,0.0,False,,1.0,0.2,0.2074829931972788,0.23263888888888884,6.888951239977755,0.57,3.3562,-0.0375,0.0,0.386015132408575
2026-04-10,000028,12.8567,0.7848,26.24,医药商业,20.44645,41.73037000163338,0.5903342226232235,0.5903342226232235,True,False,,,0.0,False,,0.76,0.4,0.053563322741715824,0.014423076923077094,0.7392555679300625,0.785,5.3027,-0.0084,0.0,0.6544577553593947
2026-04-10,000411,12.6826,1.2287,11.07,医药商业,20.44645,17.846671936353744,0.6121654865721537,0.6121654865721537,True,False,,,0.0,False,,0.45999999999999996,0.8,-0.13333333333333341,-0.03877366997294862,0.8578344147374046,0.8200000000000001,6.8618,-0.0446,0.0,0.6585561160151323
2026-04-10,000503,,6.0784,7.8,软件服务,20.44645,,,,False,False,,,0.0,False,,0.26,1.0,-0.14379802414928644,-0.10034602076124566,0.8029275486766835,0.29000000000000004,-10.359,-1.0721,0.0,0.5015384615384615
2026-04-10,000705,64.1779,1.5021,9.07,医药商业,20.44645,2.8896131144833346,-0.6814097999467106,-0.6814097999467106,False,False,,,0.0,False,,0.6599999999999999,0.6,-0.0011013215859030367,0.0,1.2268685192743216,0.535,2.8185,0.0169,0.0,0.261015132408575
2026-04-10,000950,28.0362,0.9133,6.08,医药商业,20.44645,4.4340679550010345,-0.2707125074011457,-0.2707125074011457,False,False,,,0.0,False,,0.8599999999999999,0.2,0.030716723549488067,0.054101221640488584,1.9829839650910233,0.57,3.3562,-0.0375,0.0,0.3901134930643127
2026-04-17,000028,12.7636,0.7791,26.05,医药商业,20.42295,41.68242874267448,0.6000932338838572,0.6000932338838572,True,False,,,0.0,False,,0.82,0.4,0.03782080144079236,-0.000866926744690022,0.7146396868324729,0.785,5.3027,-0.0084,0.0,0.6565069356872635
2026-04-17,000411,12.5566,1.2165,10.96,医药商业,20.42295,17.82612586209643,0.6264713377825208,0.6264713377825208,True,False,,,0.0,False,,0.52,0.6,-0.20497362471740765,-0.014018691588784882,0.939165615740168,0.8200000000000001,6.8618,-0.0446,0.0,0.6606052963430012
2026-04-17,000503,,5.8992,7.57,软件服务,20.42295,,,,False,False,,,0.0,False,,0.43999999999999995,1.0,-0.3198562443845463,-0.10941176470588232,1.2626527175935927,0.29000000000000004,-10.359,-1.0721,0.0,0.5015384615384615
2026-04-17,000705,62.2674,1.4574,8.8,医药商业,20.42295,2.8862929879840817,-0.6720121604563544,-0.6720121604563544,False,False,,,0.0,False,,0.6,0.8,-0.0707497360084477,-0.021134593993325845,0.9350420315978506,0.535,2.8185,0.0169,0.0,0.2630643127364439
2026-04-17,000950,28.0823,0.9148,6.09,医药商业,20.42295,4.428973606150493,-0.27274653429384343,-0.27274653429384343,False,False,,,0.0,False,,0.6199999999999999,0.2,-0.06346749226006199,0.09601449275362328,0.6142599550350765,0.57,3.3562,-0.0375,0.0,0.3880643127364439
2026-04-24,000028,12.5957,0.7301,24.79,医药商业,18.0734,35.57083655533237,0.43488650888795366,0.43488650888795366,True,False,,,0.0,False,,0.74,0.8,-0.013051305130513002,-0.025766326077299007,0.628696231922269,0.785,5.3027,-0.0084,0.0,0.6380643127364438
2026-04-24,000411,12.396,1.1712,11.0,医药商业,18.0734,16.038028396256856,0.45800258147789585,0.45800258147789585,True,False,,,0.0,False,,0.52,0.4,-0.19833459500378503,0.041297935103244754,1.3237070044063617,0.8200000000000001,6.8618,-0.0446,0.0,0.6401134930643126
2026-04-24,000503,,5.7278,7.35,软件服务,18.0734,,,,False,False,,,0.0,False,,0.43999999999999995,1.0,-0.2605633802816901,-0.07430730478589431,1.605126634758236,0.29000000000000004,-10.359,-1.0721,0.0,0.5015384615384615
2026-04-24,000705,60.8523,1.4243,8.6,医药商业,18.0734,2.5542377198561104,-0.7029956139702197,-0.7029956139702197,False,False,,,0.0,False,,0.48,0.6,-0.08994708994708989,0.008206330597889888,0.479611438725732,0.535,2.8185,0.0169,0.0,0.25281841109709957
2026-04-24,000950,23.5511,0.8695,5.89,医药商业,18.0734,4.5200574920067425,-0.23258786213807425,-0.23258786213807425,False,False,,,0.0,False,,0.82,0.2,-0.034596375617792385,0.07720588235294112,0.5017777879402101,0.57,3.3562,-0.0375,0.0,0.3983102143757881
2026-04-30,000028,12.4687,0.7227,24.54,医药商业,12.4687,24.54,0.0,0.0,False,False,,,0.0,False,,0.74,0.8,-0.08819823603527921,-0.0710312366281558,0.975062418337407,0.64,1.5328,-0.1647,0.0,0.5017938209331652
2026-04-30,000411,12.4584,1.1078,10.6,医药商业,12.4687,10.608763565144802,0.0008267514287549904,0.0008267514287549904,True,False,,,0.0,False,,0.26,0.6,-0.17327935222672053,-0.048462255358806994,0.47297641289738096,0.72,1.5254,-0.1636,0.0,0.5192118537200504
2026-04-30,000503,,8.0756,7.91,软件服务,12.4687,,,,False,False,,,0.0,False,,0.58,0.4,-0.1912065439672801,-0.019826517967781898,1.7187739464269176,0.29000000000000004,-33.4782,-0.233,0.0,0.5015384615384615
2026-04-30,000705,,1.4189,8.26,医药商业,12.4687,,,,False,False,,,0.0,False,,0.6599999999999999,1.0,-0.14047866805411025,-0.08930540242557883,1.5157385667526577,0.61,1.1531,0.0179,0.0,0.5015384615384615
2026-04-30,000950,23.1912,0.8562,5.8,医药商业,12.4687,3.118357825382042,-0.46235209907206176,-0.46235209907206176,False,False,,,0.0,False,,0.76,0.2,-0.07383627608346721,-0.017035775127768438,0.38656612266064455,0.74,3.3828,0.0092,0.0,0.3634741488020176
2026-05-08,000028,12.4636,0.7225,24.53,医药商业,12.67,24.936222279277256,0.016560223370454707,0.016560223370454707,True,False,,,0.0,False,,0.6799999999999999,0.6,-0.05856832971800441,-0.07933814170555797,0.5879691744305323,0.64,1.5328,-0.1647,0.0,0.5417528373266078
2026-05-08,000411,12.67,1.1266,10.78,医药商业,12.67,10.78,0.0,0.0,False,False,,,0.0,False,,0.31999999999999995,0.4,-0.1371571072319201,-0.026266416510318913,0.6332848018445774,0.72,1.5254,-0.1636,0.0,0.5017938209331652
2026-05-08,000503,,8.2083,8.04,软件服务,12.67,,,,False,False,,,0.0,False,,0.72,0.2,-0.14830508474576276,0.04551365409622865,1.4858608816824814,0.29000000000000004,-33.4782,-0.233,0.0,0.5015384615384615
2026-05-08,000705,,1.4172,8.25,医药商业,12.67,,,,False,False,,,0.0,False,,0.52,0.8,-0.12605932203389825,-0.08940397350993379,0.6930719355019479,0.61,1.1531,0.0179,0.0,0.5015384615384615
2026-05-08,000950,23.671,0.8739,5.92,医药商业,12.67,3.168704321743906,-0.46474589159731317,-0.46474589159731317,False,False,,,0.0,False,,0.76,1.0,-0.021594684385382035,-0.1704225352112676,0.38907720336204943,0.74,3.3828,0.0092,0.0,0.3614249684741488
2026-05-15,000028,12.2655,0.711,24.14,医药商业,13.8571,27.272462924462925,0.12976234152704746,0.12976234152704746,True,False,,,0.0,False,,0.48,0.8,-0.08678922616502782,-0.05695364238410594,0.47142713800095,0.64,1.5328,-0.1647,0.0,0.6298675914249685
2026-05-15,000411,13.8571,1.2322,11.79,医药商业,13.8571,11.79,0.0,0.0,False,False,,,0.0,False,,0.8599999999999999,0.4,-0.03976311336717431,0.0861244019138756,1.4836820461313058,0.72,1.5254,-0.1636,0.0,0.5017938209331652
2026-05-15,000503,,7.8612,7.7,软件服务,13.8571,,,,False,False,,,0.0,False,,0.45999999999999996,0.6,-0.16936353829557704,0.0026041666666667407,0.9877908331954838,0.29000000000000004,-33.4782,-0.233,0.0,0.5015384615384615
2026-05-15,000705,,1.3124,7.64,医药商业,13.8571,,,,False,False,,,0.0,False,,0.26,1.0,-0.19663512092534174,-0.13769751693002252,0.7545493799857386,0.61,1.1531,0.0179,0.0,0.5015384615384615
2026-05-15,000950,26.7099,0.9861,6.68,医药商业,13.8571,3.4655849703667925,-0.4811998547355101,-0.4811998547355101,False,False,,,0.0,False,,0.94,0.2,0.10666666666666669,0.11222780569514246,1.2941393720838326,0.74,3.3828,0.0092,0.0,0.35322824716267337
2026-05-22,000028,12.0927,0.701,23.8,医药商业,14.2449,28.03580838026247,0.17797514202783482,0.17797514202783482,True,False,,,0.0,False,,0.48,0.8,-0.07715914072775087,-0.07958023611718412,0.4761563034632996,0.64,1.5328,-0.1647,0.0,0.636015132408575
2026-05-22,000411,14.2449,1.2667,12.12,医药商业,14.2449,12.12,0.0,0.0,False,False,,,0.0,False,,0.8599999999999999,0.2,0.0017167381974247942,0.10616113744075828,2.1840477517163706,0.72,1.5254,-0.1636,0.0,0.5017938209331652
2026-05-22,000503,,7.4018,7.25,软件服务,14.2449,,,,False,False,,,0.0,False,,0.45999999999999996,0.6,-0.22376873661670238,-0.02553763440860224,0.6886922530670978,0.29000000000000004,-33.4782,-0.233,0.0,0.5015384615384615
2026-05-22,000705,,1.2575,7.32,医药商业,14.2449,,,,False,False,,,0.0,False,,0.38,1.0,-0.2145922746781116,-0.15081206496519706,0.8874006766692891,0.61,1.1531,0.0179,0.0,0.5015384615384615
2026-05-22,000950,24.7106,0.9123,6.18,医药商业,14.2449,3.562579702637734,-0.42353079245344105,-0.42353079245344105,False,False,,,0.0,False,,0.82,0.4,0.06968641114982566,0.01655629139072845,0.5888794673311396,0.74,3.3828,0.0092,0.0,0.37986759142496845
2026-05-29,000028,12.0013,0.6957,23.62,医药商业,13.7278,27.017959387732997,0.14385941523001677,0.14385941523001677,True,False,,,0.0,False,,0.45999999999999996,0.8,-0.08972125435540079,-0.04304029304029311,1.1342855009776451,0.74,1.5328,-0.1647,0.0,0.6319167717528373
2026-05-29,000411,13.7278,1.2207,11.68,医药商业,13.7278,11.68,0.0,0.0,False,False,,,0.0,False,,0.8599999999999999,0.2,-0.009683098591549255,0.11056268509378087,1.773418301833206,0.62,1.5254,-0.1636,0.0,0.5017938209331652
2026-05-29,000503,,7.2793,7.13,软件服务,13.7278,,,,False,False,,,0.0,False,,0.6599999999999999,0.6,-0.19977553310886642,-0.028610354223433276,1.374462377507662,0.29000000000000004,-33.4782,-0.233,0.0,0.5015384615384615
2026-05-29,000705,,1.2025,7.0,医药商业,13.7278,,,,False,False,,,0.0,False,,0.26,1.0,-0.22480620155038755,-0.20182440136830104,0.9075362038800434,0.61,1.1531,0.0179,0.0,0.5015384615384615
2026-05-29,000950,23.2312,0.8577,5.81,医药商业,13.7278,3.433250025827335,-0.40907916939288547,-0.40907916939288547,False,False,,,0.0,False,,0.76,0.4,0.0,-0.023648648648648574,0.590894358756361,0.74,3.3828,0.0092,0.0,0.38191677175283734
2026-06-05,000028,11.5795,0.6712,22.79,医药商业,13.3869,26.34720419707241,0.15608618679563024,0.15608618679563024,True,False,,,0.0,False,,0.39999999999999997,0.4,-0.10717449069973417,-0.07096774193548383,0.6444226123529299,0.74,1.5328,-0.1647,0.0,0.6339659520807062
2026-06-05,000411,13.3869,1.1904,11.39,医药商业,13.3869,11.39,0.0,0.0,False,False,,,0.0,False,,0.94,0.2,-0.016143497757847514,0.056840077071290906,0.8681816705884557,0.62,1.5254,-0.1636,0.0,0.5017938209331652
2026-06-05,000503,,7.2385,7.09,软件服务,13.3869,,,,False,False,,,0.0,False,,0.72,0.8,-0.18878718535469108,-0.11815920398009938,0.999297036294751,0.29000000000000004,-33.4782,-0.233,0.0,0.5015384615384615
2026-06-05,000705,,1.1767,6.85,医药商业,13.3869,,,,False,False,,,0.0,False,,0.31999999999999995,1.0,-0.24559471365638774,-0.1696969696969698,0.84554898127932,0.61,1.1531,0.0179,0.0,0.5015384615384615
2026-06-05,000950,21.9517,0.8104,5.49,医药商业,13.3869,3.347990406209998,-0.39016568192896217,-0.39016568192896217,False,False,,,0.0,False,,0.6199999999999999,0.6,-0.045454545454545414,-0.07300509337860772,0.4487440086149289,0.74,3.3828,0.0092,0.0,0.38396595208070616
2026-06-12,000028,11.5084,0.6671,22.65,医药商业,11.5084,22.65,0.0,0.0,False,False,,,0.0,False,,0.58,0.2,-0.12182296231375989,-0.061797752808988804,0.9150621183776444,0.74,1.5328,-0.1647,0.0,0.5017938209331652
2026-06-12,000411,11.1538,0.9918,9.49,医药商业,11.5084,9.79170471050225,0.0317918556904373,0.0317918556904373,True,False,,,0.0,False,,0.6199999999999999,0.8,-0.17285067873303173,-0.19471365638766513,0.5901447998687899,0.62,1.5254,-0.1636,0.0,0.5540479192938209
2026-06-12,000503,,7.1057,6.96,软件服务,11.5084,,,,False,False,,,0.0,False,,0.6,0.4,-0.189755529685681,-0.09610389610389614,0.7568663920633686,0.29000000000000004,-33.4782,-0.233,0.0,0.5015384615384615
2026-06-12,000705,,1.1492,6.69,医药商业,11.5084,,,,False,False,,,0.0,False,,0.38,0.6,-0.2704471101417666,-0.12434554973821976,0.8680633647295152,0.61,1.1531,0.0179,0.0,0.5015384615384615
2026-06-12,000950,20.992,0.775,5.25,医药商业,11.5084,2.8781964557926827,-0.4517721036585366,-0.4517721036585366,False,False,,,0.0,False,,0.82,1.0,-0.08421052631578951,-0.21385542168674698,0.6559923989417049,0.74,3.3828,0.0092,0.0,0.36962168978562415
2026-06-18,000028,11.483,0.6656,22.6,医药商业,11.483,22.6,0.0,0.0,False,False,,,0.0,False,,0.58,0.2,-0.12821631051024862,-0.054399243140965114,0.8815771422358262,0.74,1.5328,-0.1647,0.0,0.5017938209331652
2026-06-18,000411,11.2713,1.0023,9.59,医药商业,11.483,9.770121458926655,0.018782216780673044,0.018782216780673044,True,False,,,0.0,False,,0.6199999999999999,1.0,-0.12594696969696972,-0.19529206625980822,0.33586825884956567,0.62,1.5254,-0.1636,0.0,0.5438020176544767
2026-06-18,000503,,7.0241,6.88,软件服务,11.483,,,,False,False,,,0.0,False,,0.54,0.4,-0.16097560975609748,-0.05494505494505497,0.659747253189528,0.29000000000000004,-33.4782,-0.233,0.0,0.5015384615384615
2026-06-18,000705,,1.084,6.31,医药商业,11.483,,,,False,False,,,0.0,False,,0.31999999999999995,0.6,-0.27720504009163816,-0.1344307270233197,0.7134465836224734,0.61,1.1531,0.0179,0.0,0.5015384615384615
2026-06-18,000950,20.9121,0.772,5.23,医药商业,11.483,2.871834488167138,-0.4508920672720578,-0.4508920672720578,False,False,,,0.0,False,,0.94,0.8,-0.04036697247706422,-0.13980263157894735,0.8430104121901236,0.74,3.3828,0.0092,0.0,0.37167087011349303
2026-06-26,000028,10.6751,0.6188,19.1,医药商业,10.6751,19.1,0.0,0.0,False,False,,,0.0,False,,0.6,0.2,-0.160070360598065,-0.06096361848574228,0.7322657870281293,0.74,1.5328,-0.1647,0.0,0.5017938209331652
2026-06-26,000411,10.5779,0.9406,9.0,医药商业,10.6751,9.082700725096664,0.009188969455184992,0.009188969455184992,True,False,,,0.0,False,,0.76,1.0,-0.16874400767018216,-0.21962196219621954,0.3924464873920419,0.62,1.5254,-0.1636,0.0,0.5356052963430012
2026-06-26,000503,,6.4932,6.36,软件服务,10.6751,,,,False,False,,,0.0,False,,0.39999999999999997,0.4,-0.20400500625782225,-0.11420612813370468,0.6661408377402281,0.29000000000000004,-33.4782,-0.233,0.0,0.5015384615384615
2026-06-26,000705,,1.029,5.99,医药商业,10.6751,,,,False,False,,,0.0,False,,0.38,0.8,-0.3162100456621004,-0.14428571428571424,0.9764360351768511,0.61,1.1531,0.0179,0.0,0.5015384615384615
2026-06-26,000950,19.7125,0.7278,4.93,医药商业,10.6751,2.6697903868104,-0.4584603677869371,-0.4584603677869371,False,False,,,0.0,False,,0.8599999999999999,0.6,-0.11330935251798557,-0.14111498257839727,1.0230847516809678,0.74,3.3828,0.0092,0.0,0.3655233291298865
2026-06-30,000028,10.5689,0.6126,18.91,医药商业,10.6132,18.989262080254335,0.004191543112339158,0.004191543112339158,True,False,,,0.0,False,,0.54,0.2,-0.18209342560553632,-0.09521531100478464,0.8377413932696849,0.74,1.5328,-0.1647,0.0,0.525359394703657
2026-06-30,000411,10.6132,0.9437,9.03,医药商业,10.6132,9.03,0.0,0.0,False,False,,,0.0,False,,0.76,1.0,-0.16746411483253587,-0.2564102564102564,0.3109843100531112,0.62,1.5254,-0.1636,0.0,0.5017938209331652
2026-06-30,000503,,6.2788,6.15,软件服务,10.6132,,,,False,False,,,0.0,False,,0.52,0.6,-0.21755725190839692,-0.14937759336099588,0.9332013428605813,0.29000000000000004,-33.4782,-0.233,0.0,0.5015384615384615
2026-06-30,000705,,1.0049,5.85,医药商业,10.6132,,,,False,False,,,0.0,False,,0.43999999999999995,0.8,-0.3352272727272728,-0.1897506925207757,0.9958844214288385,0.61,1.1531,0.0179,0.0,0.5015384615384615
2026-06-30,000950,20.0324,0.7396,5.01,医药商业,10.6132,2.6543066232703025,-0.47019827878836273,-0.47019827878836273,False,False,,,0.0,False,,0.74,0.4,-0.1164021164021164,-0.13620689655172413,0.895829364288724,0.74,3.3828,0.0092,0.0,0.3573266078184111
2026-07-03,000028,11.3793,0.6596,20.36,医药商业,11.3793,20.36,0.0,0.0,False,False,,,0.0,False,,0.8599999999999999,0.2,-0.1280513918629551,0.013944223107569709,1.5963100969959678,0.74,1.5328,-0.1647,0.0,0.5017938209331652
2026-07-03,000411,11.2126,0.997,9.54,医药商业,11.3793,9.681833116315572,0.01486720296808941,0.01486720296808941,True,False,,,0.0,False,,0.76,1.0,-0.12808349146110054,-0.1831111111111111,0.4030552863135504,0.62,1.5254,-0.1636,0.0,0.539703656998739
2026-07-03,000503,,6.4523,6.32,软件服务,11.3793,,,,False,False,,,0.0,False,,0.54,0.8,-0.18556701030927825,-0.09585121602288982,0.7733168989993069,0.29000000000000004,-33.4782,-0.233,0.0,0.5015384615384615
2026-07-03,000705,,1.0788,6.28,医药商业,11.3793,,,,False,False,,,0.0,False,,0.31999999999999995,0.6,-0.28798185941043086,-0.07237813884785815,1.0616277426297158,0.61,1.1531,0.0179,0.0,0.5015384615384615
2026-07-03,000950,21.2719,0.7853,5.32,医药商业,11.3793,2.845908263953855,-0.46505483760265887,-0.46505483760265887,False,False,,,0.0,False,,0.52,0.4,-0.25070422535211256,-0.014814814814814836,1.2954717074399809,0.74,3.3828,0.0092,0.0,0.3593757881462799
2026-07-10,000028,11.3011,0.6551,20.22,医药商业,11.3011,20.22,0.0,0.0,False,False,,,0.0,False,,0.6799999999999999,0.4,-0.10412051395657962,0.024316109422492405,1.0185083125622116,0.74,1.5328,-0.1647,0.0,0.5017938209331652
2026-07-10,000411,10.9423,0.973,9.31,医药商业,11.3011,9.615276587189166,0.032790181223326,0.032790181223326,True,False,,,0.0,False,,0.76,0.2,-0.10909090909090902,0.04842342342342332,0.8350926265521003,0.62,1.5254,-0.1636,0.0,0.5560970996216897
2026-07-10,000503,,6.534,6.4,软件服务,11.3011,,,,False,False,,,0.0,False,,0.52,1.0,-0.17631917631917626,-0.07913669064748197,1.2467077225344414,0.29000000000000004,-33.4782,-0.233,0.0,0.5015384615384615
2026-07-10,000705,,1.0685,6.22,医药商业,11.3011,,,,False,False,,,0.0,False,,0.43999999999999995,0.8,-0.2979683972911964,-0.05757575757575761,1.323804893909501,0.61,1.1531,0.0179,0.0,0.5015384615384615
2026-07-10,000950,20.5275,0.7578,5.18,医药商业,11.3011,2.851769479965899,-0.44946535135793453,-0.44946535135793453,False,False,,,0.0,False,,0.6,0.6,-0.11452991452991457,0.005825242718446422,1.1711526578419398,0.74,3.3828,0.0092,0.0,0.37781841109709957
2026-07-17,000028,11.6141,0.6732,20.78,医药商业,11.6141,20.78,0.0,0.0,False,False,,,0.0,False,,1.0,0.2,-0.0941586748038361,0.039519759879940164,1.7042578922842477,0.74,1.5328,-0.1647,0.0,0.5017938209331652
2026-07-17,000411,11.048,0.9824,9.4,医药商业,11.6141,9.88165640839971,0.05124004344677768,0.05124004344677768,True,False,,,0.0,False,,0.6,0.8,-0.10561370123691716,0.018418201516793076,1.5917495169909242,0.62,1.5254,-0.1636,0.0,0.580687263556116
2026-07-17,000503,,6.5646,6.43,软件服务,11.6141,,,,False,False,,,0.0,False,,0.33999999999999997,1.0,-0.15283267457180505,-0.06540697674418605,1.31225046767801,0.29000000000000004,-33.4782,-0.233,0.0,0.5015384615384615
2026-07-17,000705,,1.1132,6.48,医药商业,11.6141,,,,False,False,,,0.0,False,,0.38,0.4,-0.25773195876288657,0.02694136291600646,1.5938455154559255,0.61,1.1531,0.0179,0.0,0.5015384615384615
2026-07-17,000950,21.1219,0.7798,5.33,医药商业,11.6141,2.9307568447914254,-0.45013942874457313,-0.45013942874457313,False,False,,,0.0,False,,0.6799999999999999,0.6,-0.12335526315789469,0.019120458891013214,1.5881012372747354,0.74,3.3828,0.0092,0.0,0.3737200504413619
2026-07-24,000028,11.2676,0.6531,20.16,医药商业,11.2676,20.16,0.0,0.0,False,False,,,0.0,False,,0.8799999999999999,0.2,-0.07182320441988943,0.05549738219895284,0.667420245323149,0.74,1.5328,-0.1647,0.0,0.5017938209331652
2026-07-24,000411,10.6719,0.949,9.08,医药商业,11.2676,9.586840956155886,0.05581948856342356,0.05581948856342356,True,False,,,0.0,False,,0.33999999999999997,0.6,-0.13851992409867164,0.04728950403690879,0.6291167126400431,0.62,1.5254,-0.1636,0.0,0.5888839848675914
2026-07-24,000503,,6.3298,6.2,软件服务,11.2676,,,,False,False,,,0.0,False,,0.72,1.0,-0.16102841677943158,-0.02515723270440251,0.8873323864656225,0.29000000000000004,-33.4782,-0.233,0.0,0.5015384615384615
2026-07-24,000705,,1.0513,6.12,医药商业,11.2676,,,,False,False,,,0.0,False,,0.38,0.8,-0.2957422324510932,0.02170283806343898,0.7822581565725962,0.61,1.1531,0.0179,0.0,0.5015384615384615
2026-07-24,000950,20.4879,0.7564,5.17,医药商业,11.2676,2.843312003670459,-0.45003636292641025,-0.45003636292641025,False,False,,,0.0,False,,0.6799999999999999,0.4,-0.11623931623931616,0.04868154158215021,0.6502318156189443,0.74,3.3828,0.0092,0.0,0.37576923076923074
2026-07-31,000028,11.7482,0.681,21.02,医药商业,11.7482,21.02,0.0,0.0,False,False,,,0.0,False,,0.7999999999999999,0.8,-0.030889810972798637,0.03241650294695475,0.8920926153670151,0.64,1.5328,-0.1647,0.0,0.5017938209331652
2026-07-31,000411,11.1656,0.9929,9.5,医药商业,11.7482,9.995692125815005,0.05217811850684262,0.05217811850684262,True,False,,,0.0,False,,0.45999999999999996,0.6,-0.0838958534233365,0.0337323177366704,0.8681319110745771,0.72,1.5254,-0.1636,0.0,0.5827364438839848
2026-07-31,000503,,7.8816,7.72,软件服务,11.7482,,,,False,False,,,0.0,False,,1.0,0.2,-0.020304568527918843,0.221518987341772,2.4907439896806416,0.29000000000000004,-33.4782,-0.233,0.0,0.5015384615384615
2026-07-31,000705,,1.1235,6.54,医药商业,11.7482,,,,False,False,,,0.0,False,,0.26,0.4,-0.19852941176470584,0.0414012738853502,0.6716585596769925,0.61,1.1531,0.0179,0.0,0.5015384615384615
2026-07-31,000950,21.6767,0.8003,5.47,医药商业,11.7482,2.96459581024787,-0.4580263601009379,-0.4580263601009379,False,False,,,0.0,False,,0.48,1.0,-0.06335616438356162,0.02819548872180433,0.6681232736517585,0.74,3.3828,0.0092,0.0,0.3675725094577553
2026-08-07,000028,11.357,0.6583,20.32,医药商业,11.357,20.32,0.0,0.0,False,False,,,0.0,False,,0.74,1.0,-0.05046728971962611,0.004945598417408492,0.8712070882018949,0.64,1.5328,-0.1647,0.0,0.5017938209331652
2026-08-07,000411,11.3419,1.0085,9.65,医药商业,11.357,9.662847494687838,0.0013313465997759621,0.0013313465997759621,True,False,,,0.0,False,,0.26,0.8,-0.14902998236331566,0.036519871106337254,0.8370484767938983,0.72,1.5254,-0.1636,0.0,0.5212610340479193
2026-08-07,000503,,7.5447,7.39,软件服务,11.357,,,,False,False,,,0.0,False,,0.76,0.2,-0.05012853470437029,0.15468749999999987,0.8274827139951497,0.29000000000000004,-33.4782,-0.233,0.0,0.5015384615384615
2026-08-07,000705,,1.1527,6.71,医药商业,11.357,,,,False,False,,,0.0,False,,0.6599999999999999,0.4,-0.13082901554404147,0.0787781350482315,0.9334075147032519,0.61,1.1531,0.0179,0.0,0.5015384615384615
2026-08-07,000950,21.5182,0.7944,5.43,医药商业,11.357,2.8658767926685313,-0.4722142186614122,-0.4722142186614122,False,False,,,0.0,False,,0.58,0.6,-0.19076005961251863,0.04826254826254828,1.104505823253013,0.74,3.3828,0.0092,0.0,0.35527742749054225
