date,symbol,name,strength,rs_index,rs_sector,stock_pct,hs300_pct,sector_code,sector_name,sector_pct,close,rank
2026-01-05,600667,太极实业,96,2.2544,2.9509,4.1509,1.8965,801726.SI,工程咨询服务Ⅱ,1.2,8.28,1
2026-01-05,603231,索宝蛋白,43,-1.058,0.4085,0.8385,1.8965,801012.SI,农产品加工,0.43,18.04,2
2026-01-05,600985,淮北矿业,39,-1.1659,0.1406,0.7306,1.8965,801951.SI,煤炭开采,0.59,11.03,3
2026-01-05,603257,中国瑞林,35,-1.1492,-0.4527,0.7473,1.8965,801726.SI,工程咨询服务Ⅱ,1.2,59.32,4
2026-01-05,000056,*ST皇庭,18,-1.8965,-1.6,0.0,1.8965,801183.SI,房地产服务,1.6,2.01,5
2026-01-06,000056,*ST皇庭,100,2.9314,3.9576,4.4776,1.5462,801183.SI,房地产服务,0.52,2.1,1
2026-01-06,603257,中国瑞林,93,2.4659,2.3321,4.0121,1.5462,801726.SI,工程咨询服务Ⅱ,1.68,61.7,2
2026-01-06,600667,太极实业,82,1.8354,1.7016,3.3816,1.5462,801726.SI,工程咨询服务Ⅱ,1.68,8.56,3
2026-01-06,603231,索宝蛋白,34,-1.1027,-0.5665,0.4435,1.5462,801012.SI,农产品加工,1.01,18.12,4
2026-01-06,600985,淮北矿业,30,-0.8209,-1.4247,0.7253,1.5462,801951.SI,煤炭开采,2.15,11.11,5
2026-01-07,600985,淮北矿业,100,4.2532,1.6204,3.9604,-0.2928,801951.SI,煤炭开采,2.34,11.55,1
2026-01-07,603231,索宝蛋白,56,0.1824,0.5596,-0.1104,-0.2928,801012.SI,农产品加工,-0.67,18.1,2
2026-01-07,600667,太极实业,51,0.0592,0.0864,-0.2336,-0.2928,801726.SI,工程咨询服务Ⅱ,-0.32,8.54,3
2026-01-07,603257,中国瑞林,30,-1.1172,-1.09,-1.41,-0.2928,801726.SI,工程咨询服务Ⅱ,-0.32,60.83,4
2026-01-07,000056,*ST皇庭,17,-2.0882,-1.471,-2.381,-0.2928,801183.SI,房地产服务,-0.91,2.05,5
2026-01-08,603231,索宝蛋白,70,1.5349,0.6382,0.7182,-0.8167,801012.SI,农产品加工,0.08,18.23,1
2026-01-08,000056,*ST皇庭,52,1.3045,-1.4022,0.4878,-0.8167,801183.SI,房地产服务,1.89,2.06,2
2026-01-08,600985,淮北矿业,34,-0.3954,-1.4521,-1.2121,-0.8167,801951.SI,煤炭开采,0.24,11.41,3
2026-01-08,600667,太极实业,17,-0.1201,-4.0368,-0.9368,-0.8167,801726.SI,工程咨询服务Ⅱ,3.1,8.46,4
2026-01-08,603257,中国瑞林,16,-0.1697,-4.0864,-0.9864,-0.8167,801726.SI,工程咨询服务Ⅱ,3.1,60.23,5
2026-01-09,000056,*ST皇庭,65,1.0074,0.6363,1.4563,0.4489,801183.SI,房地产服务,0.82,2.09,1
2026-01-09,603231,索宝蛋白,44,-0.0649,-0.656,0.384,0.4489,801012.SI,农产品加工,1.04,18.3,2
2026-01-09,603257,中国瑞林,39,-0.5485,-0.7496,-0.0996,0.4489,801726.SI,工程咨询服务Ⅱ,0.65,60.17,3
2026-01-09,600985,淮北矿业,31,-0.8871,-1.2982,-0.4382,0.4489,801951.SI,煤炭开采,0.86,11.36,4
2026-01-09,600667,太极实业,28,-1.1581,-1.3592,-0.7092,0.4489,801726.SI,工程咨询服务Ⅱ,0.65,8.4,5
2026-01-12,600667,太极实业,63,0.8963,0.5376,1.5476,0.6513,801726.SI,工程咨询服务Ⅱ,1.01,8.53,1
2026-01-12,000056,*ST皇庭,56,0.3056,0.4269,0.9569,0.6513,801183.SI,房地产服务,0.53,2.11,2
2026-01-12,600985,淮北矿业,51,-0.4752,0.7161,0.1761,0.6513,801951.SI,煤炭开采,-0.54,11.38,3
2026-01-12,603231,索宝蛋白,43,-0.5967,-0.1154,0.0546,0.6513,801012.SI,农产品加工,0.17,18.31,4
2026-01-12,603257,中国瑞林,40,-0.402,-0.7607,0.2493,0.6513,801726.SI,工程咨询服务Ⅱ,1.01,60.32,5
2026-01-13,603231,索宝蛋白,79,1.4222,1.8292,0.8192,-0.603,801012.SI,农产品加工,-1.01,18.46,1
2026-01-13,000056,*ST皇庭,70,1.0769,1.1239,0.4739,-0.603,801183.SI,房地产服务,-0.65,2.12,2
2026-01-13,600985,淮北矿业,37,-0.6272,-0.8202,-1.2302,-0.603,801951.SI,煤炭开采,-0.41,11.24,3
2026-01-13,603257,中国瑞林,37,-1.2538,-0.0068,-1.8568,-0.603,801726.SI,工程咨询服务Ⅱ,-1.85,59.2,4
2026-01-13,600667,太极实业,27,-1.8589,-0.6119,-2.4619,-0.603,801726.SI,工程咨询服务Ⅱ,-1.85,8.32,5
2026-01-14,603231,索宝蛋白,64,1.3763,-0.0049,0.9751,-0.4012,801012.SI,农产品加工,0.98,18.64,1
2026-01-14,600985,淮北矿业,34,-1.0223,-0.7835,-1.4235,-0.4012,801951.SI,煤炭开采,-0.64,11.08,2
2026-01-14,600667,太极实业,32,-0.32,-1.8612,-0.7212,-0.4012,801726.SI,工程咨询服务Ⅱ,1.14,8.26,3
2026-01-14,000056,*ST皇庭,25,-1.0139,-1.8751,-1.4151,-0.4012,801183.SI,房地产服务,0.46,2.09,4
2026-01-14,603257,中国瑞林,21,-0.9502,-2.4914,-1.3514,-0.4012,801726.SI,工程咨询服务Ⅱ,1.14,58.4,5
2026-01-15,600667,太极实业,100,3.6738,3.9841,3.8741,0.2003,801726.SI,工程咨询服务Ⅱ,-0.11,8.58,1
2026-01-15,603231,索宝蛋白,100,2.6967,3.147,2.897,0.2003,801012.SI,农产品加工,-0.25,19.18,2
2026-01-15,603257,中国瑞林,63,0.5874,0.8977,0.7877,0.2003,801726.SI,工程咨询服务Ⅱ,-0.11,58.86,3
2026-01-15,600985,淮北矿业,45,-0.5613,0.069,-0.361,0.2003,801951.SI,煤炭开采,-0.43,11.04,4
2026-01-15,000056,*ST皇庭,12,-2.1142,-2.1239,-1.9139,0.2003,801183.SI,房地产服务,0.21,2.05,5
2026-01-16,600667,太极实业,100,8.5701,7.4185,8.1585,-0.4116,801726.SI,工程咨询服务Ⅱ,0.74,9.28,1
2026-01-16,603257,中国瑞林,70,1.6179,0.4663,1.2063,-0.4116,801726.SI,工程咨询服务Ⅱ,0.74,59.57,2
2026-01-16,600985,淮北矿业,41,-0.7659,-0.1775,-1.1775,-0.4116,801951.SI,煤炭开采,-1.0,10.91,3
2026-01-16,603231,索宝蛋白,39,-0.5269,-0.7485,-0.9385,-0.4116,801012.SI,农产品加工,-0.19,19.0,4
2026-01-16,000056,*ST皇庭,32,-1.5396,-0.2712,-1.9512,-0.4116,801183.SI,房地产服务,-1.68,2.01,5
2026-01-19,600985,淮北矿业,92,2.6035,2.0281,2.6581,0.0546,801951.SI,煤炭开采,0.63,11.2,1
2026-01-19,600667,太极实业,74,1.2385,1.4431,1.2931,0.0546,801726.SI,工程咨询服务Ⅱ,-0.15,9.4,2
2026-01-19,000056,*ST皇庭,67,1.4379,0.3225,1.4925,0.0546,801183.SI,房地产服务,1.17,2.04,3
2026-01-19,603231,索宝蛋白,63,1.2086,0.0832,1.2632,0.0546,801012.SI,农产品加工,1.18,19.24,4
2026-01-19,603257,中国瑞林,57,0.3147,0.5193,0.3693,0.0546,801726.SI,工程咨询服务Ⅱ,-0.15,59.79,5
2026-01-20,600667,太极实业,100,2.6694,3.0904,2.3404,-0.329,801726.SI,工程咨询服务Ⅱ,-0.75,9.62,1
2026-01-20,603231,索宝蛋白,70,1.5244,0.5854,1.1954,-0.329,801012.SI,农产品加工,0.61,19.47,2
2026-01-20,603257,中国瑞林,52,-0.0557,0.3653,-0.3847,-0.329,801726.SI,工程咨询服务Ⅱ,-0.75,59.56,3
2026-01-20,600985,淮北矿业,50,0.5076,-0.6514,0.1786,-0.329,801951.SI,煤炭开采,0.83,11.22,4
2026-01-20,000056,*ST皇庭,46,1.7996,-2.6994,1.4706,-0.329,801183.SI,房地产服务,4.17,2.07,5
2026-01-21,603257,中国瑞林,100,9.9011,9.7399,9.9899,0.0888,801726.SI,工程咨询服务Ⅱ,0.25,65.51,1
2026-01-21,600667,太极实业,92,2.406,2.2448,2.4948,0.0888,801726.SI,工程咨询服务Ⅱ,0.25,9.86,2
2026-01-21,000056,*ST皇庭,45,-0.5719,0.0869,-0.4831,0.0888,801183.SI,房地产服务,-0.57,2.06,3
2026-01-21,603231,索宝蛋白,45,-0.0374,-0.6286,0.0514,0.0888,801012.SI,农产品加工,0.68,19.48,4
2026-01-21,600985,淮北矿业,41,-1.2474,0.4014,-1.1586,0.0888,801951.SI,煤炭开采,-1.56,11.09,5
2026-01-22,600985,淮北矿业,100,5.5771,3.8806,5.5906,0.0135,801951.SI,煤炭开采,1.71,11.71,1
2026-01-22,000056,*ST皇庭,83,1.9282,1.7517,1.9417,0.0135,801183.SI,房地产服务,0.19,2.1,2
2026-01-22,603231,索宝蛋白,43,-0.0648,-0.7713,-0.0513,0.0135,801012.SI,农产品加工,0.72,19.47,3
2026-01-22,600667,太极实业,10,-2.4476,-1.9941,-2.4341,0.0135,801726.SI,工程咨询服务Ⅱ,-0.44,9.62,4
2026-01-22,603257,中国瑞林,2,-2.8528,-2.3993,-2.8393,0.0135,801726.SI,工程咨询服务Ⅱ,-0.44,63.65,5
2026-01-23,603257,中国瑞林,75,1.8474,0.7883,1.3983,-0.4491,801726.SI,工程咨询服务Ⅱ,0.61,64.54,1
2026-01-23,000056,*ST皇庭,57,0.4491,0.35,0.0,-0.4491,801183.SI,房地产服务,-0.35,2.1,2
2026-01-23,600667,太极实业,55,0.761,-0.2981,0.3119,-0.4491,801726.SI,工程咨询服务Ⅱ,0.61,9.65,3
2026-01-23,600985,淮北矿业,54,0.0221,0.473,-0.427,-0.4491,801951.SI,煤炭开采,-0.9,11.66,4
2026-01-23,603231,索宝蛋白,49,0.5005,-0.6886,0.0514,-0.4491,801012.SI,农产品加工,0.74,19.48,5
2026-01-26,603257,中国瑞林,100,2.3841,4.1191,2.4791,0.095,801726.SI,工程咨询服务Ⅱ,-1.64,66.14,1
2026-01-26,600985,淮北矿业,90,3.164,0.999,3.259,0.095,801951.SI,煤炭开采,2.26,12.04,2
2026-01-26,603231,索宝蛋白,35,-0.865,-0.75,-0.77,0.095,801012.SI,农产品加工,-0.02,19.33,3
2026-01-26,000056,*ST皇庭,32,-1.9998,0.3052,-1.9048,0.095,801183.SI,房地产服务,-2.21,2.06,4
2026-01-26,600667,太极实业,0,-4.1365,-2.4015,-4.0415,0.095,801726.SI,工程咨询服务Ⅱ,-1.64,9.26,5
2026-01-27,600667,太极实业,100,6.1825,5.6455,6.1555,-0.027,801726.SI,工程咨询服务Ⅱ,0.51,9.83,1
2026-01-27,600985,淮北矿业,58,-0.5544,1.6786,-0.5814,-0.027,801951.SI,煤炭开采,-2.26,11.97,2
2026-01-27,603231,索宝蛋白,56,-0.5421,1.4409,-0.5691,-0.027,801012.SI,农产品加工,-2.01,19.22,3
2026-01-27,000056,*ST皇庭,53,-0.4584,0.9146,-0.4854,-0.027,801183.SI,房地产服务,-1.4,2.05,4
2026-01-27,603257,中国瑞林,0,-3.9343,-4.4713,-3.9613,-0.027,801726.SI,工程咨询服务Ⅱ,0.51,63.52,5
2026-01-28,600667,太极实业,100,3.9095,5.4809,4.1709,0.2614,801726.SI,工程咨询服务Ⅱ,-1.31,10.24,1
2026-01-28,603257,中国瑞林,100,4.5717,6.1431,4.8331,0.2614,801726.SI,工程咨询服务Ⅱ,-1.31,66.59,2
2026-01-28,600985,淮北矿业,81,3.0803,0.0417,3.3417,0.2614,801951.SI,煤炭开采,3.3,12.37,3
2026-01-28,603231,索宝蛋白,27,-1.1459,-1.5045,-0.8845,0.2614,801012.SI,农产品加工,0.62,19.05,4
2026-01-28,000056,*ST皇庭,14,-1.7248,-2.3234,-1.4634,0.2614,801183.SI,房地产服务,0.86,2.02,5
2026-01-29,600985,淮北矿业,40,-0.7605,-0.31,0.0,0.7605,801951.SI,煤炭开采,0.31,12.37,1
2026-01-29,600667,太极实业,36,-1.3464,-0.1259,-0.5859,0.7605,801726.SI,工程咨询服务Ⅱ,-0.46,10.18,2
2026-01-29,603231,索宝蛋白,27,-0.8655,-1.855,-0.105,0.7605,801012.SI,农产品加工,1.75,19.03,3
2026-01-29,000056,*ST皇庭,1,-0.7605,-5.22,0.0,0.7605,801183.SI,房地产服务,5.22,2.02,4
2026-01-29,603257,中国瑞林,0,-3.6138,-2.3933,-2.8533,0.7605,801726.SI,工程咨询服务Ⅱ,-0.46,64.69,5
2026-01-30,600667,太极实业,100,11.0194,8.5896,10.0196,-0.9998,801726.SI,工程咨询服务Ⅱ,1.43,11.2,1
2026-01-30,603231,索宝蛋白,96,3.2594,1.6296,2.2596,-0.9998,801012.SI,农产品加工,0.63,19.46,2
2026-01-30,000056,*ST皇庭,64,0.5048,1.135,-0.495,-0.9998,801183.SI,房地产服务,-1.63,2.01,3
2026-01-30,600985,淮北矿业,61,1.0806,0.0208,0.0808,-0.9998,801951.SI,煤炭开采,0.06,12.38,4
2026-01-30,603257,中国瑞林,0,-8.4298,-10.8596,-9.4296,-0.9998,801726.SI,工程咨询服务Ⅱ,1.43,58.59,5
2026-02-02,603231,索宝蛋白,56,-0.6425,1.5851,-2.7749,-2.1324,801012.SI,农产品加工,-4.36,18.92,1
2026-02-02,603257,中国瑞林,25,-1.9468,-0.7392,-4.0792,-2.1324,801726.SI,工程咨询服务Ⅱ,-3.34,56.2,2
2026-02-02,600985,淮北矿业,9,-3.7642,-0.4166,-5.8966,-2.1324,801951.SI,煤炭开采,-5.48,11.65,3
2026-02-02,000056,*ST皇庭,0,-7.8178,-6.9002,-9.9502,-2.1324,801183.SI,房地产服务,-3.05,1.81,4
2026-02-02,600667,太极实业,0,-7.8676,-6.66,-10.0,-2.1324,801726.SI,工程咨询服务Ⅱ,-3.34,10.08,5
2026-02-03,600985,淮北矿业,80,1.3141,2.1693,2.4893,1.1752,801951.SI,煤炭开采,0.32,11.94,1
2026-02-03,603257,中国瑞林,49,0.2305,-0.4043,1.4057,1.1752,801726.SI,工程咨询服务Ⅱ,1.81,56.99,2
2026-02-03,600667,太极实业,34,-0.58,-1.2148,0.5952,1.1752,801726.SI,工程咨询服务Ⅱ,1.81,10.14,3
2026-02-03,603231,索宝蛋白,17,-2.1794,-1.4442,-1.0042,1.1752,801012.SI,农产品加工,0.44,18.73,4
2026-02-03,000056,*ST皇庭,5,-2.2802,-2.725,-1.105,1.1752,801183.SI,房地产服务,1.62,1.79,5
2026-02-04,600985,淮北矿业,100,7.8824,1.2002,8.7102,0.8278,801951.SI,煤炭开采,7.51,12.98,1
2026-02-04,000056,*ST皇庭,96,4.2001,0.4479,5.0279,0.8278,801183.SI,房地产服务,4.58,1.88,2
2026-02-04,603231,索宝蛋白,63,0.6137,0.8015,1.4415,0.8278,801012.SI,农产品加工,0.64,19.0,3
2026-02-04,603257,中国瑞林,53,-0.3365,0.7513,0.4913,0.8278,801726.SI,工程咨询服务Ⅱ,-0.26,57.27,4
2026-02-04,600667,太极实业,0,-3.885,-2.7972,-3.0572,0.8278,801726.SI,工程咨询服务Ⅱ,-0.26,9.83,5
2026-02-05,000056,*ST皇庭,100,10.7079,9.5464,10.1064,-0.6015,801183.SI,房地产服务,0.56,2.07,1
2026-02-05,603231,索宝蛋白,100,3.4436,3.5321,2.8421,-0.6015,801012.SI,农产品加工,-0.69,19.54,2
2026-02-05,603257,中国瑞林,27,-1.4065,-1.128,-2.008,-0.6015,801726.SI,工程咨询服务Ⅱ,-0.88,56.12,3
2026-02-05,600667,太极实业,0,-2.959,-2.6805,-3.5605,-0.6015,801726.SI,工程咨询服务Ⅱ,-0.88,9.48,4
2026-02-05,600985,淮北矿业,0,-3.6358,-1.9773,-4.2373,-0.6015,801951.SI,煤炭开采,-2.26,12.43,5
2026-02-06,000056,*ST皇庭,100,10.7192,10.8449,10.1449,-0.5743,801183.SI,房地产服务,-0.7,2.28,1
2026-02-06,603257,中国瑞林,74,1.1267,1.5624,0.5524,-0.5743,801726.SI,工程咨询服务Ⅱ,-1.01,56.43,2
2026-02-06,603231,索宝蛋白,51,0.3696,-0.3147,-0.2047,-0.5743,801012.SI,农产品加工,0.11,19.5,3
2026-02-06,600985,淮北矿业,50,0.172,-0.2023,-0.4023,-0.5743,801951.SI,煤炭开采,-0.2,12.38,4
2026-02-06,600667,太极实业,20,-1.8519,-1.4162,-2.4262,-0.5743,801726.SI,工程咨询服务Ⅱ,-1.01,9.25,5
2026-02-09,600667,太极实业,100,4.9696,4.5146,6.5946,1.625,801726.SI,工程咨询服务Ⅱ,2.08,9.86,1
2026-02-09,603257,中国瑞林,44,-0.1187,-0.5737,1.5063,1.625,801726.SI,工程咨询服务Ⅱ,2.08,57.28,2
2026-02-09,603231,索宝蛋白,26,-1.8814,-0.7064,-0.2564,1.625,801012.SI,农产品加工,0.45,19.45,3
2026-02-09,600985,淮北矿业,13,-2.352,-1.727,-0.727,1.625,801951.SI,煤炭开采,1.0,12.29,4
2026-02-09,000056,*ST皇庭,0,-5.5724,-4.6874,-3.9474,1.625,801183.SI,房地产服务,0.74,2.19,5
2026-02-10,000056,*ST皇庭,100,9.9347,10.9457,10.0457,0.111,801183.SI,房地产服务,-0.9,2.41,1
2026-02-10,600985,淮北矿业,100,3.4691,2.5001,3.5801,0.111,801951.SI,煤炭开采,1.08,12.73,2
2026-02-10,603257,中国瑞林,61,0.3604,0.9814,0.4714,0.111,801726.SI,工程咨询服务Ⅱ,-0.51,57.55,3
2026-02-10,603231,索宝蛋白,52,-0.3681,0.7629,-0.2571,0.111,801012.SI,农产品加工,-1.02,19.4,4
2026-02-10,600667,太极实业,13,-2.3422,-1.7212,-2.2312,0.111,801726.SI,工程咨询服务Ⅱ,-0.51,9.64,5
2026-02-11,603257,中国瑞林,49,-0.1083,0.0099,-0.3301,-0.2218,801726.SI,工程咨询服务Ⅱ,-0.34,57.36,1
2026-02-11,603231,索宝蛋白,46,-0.0875,-0.4193,-0.3093,-0.2218,801012.SI,农产品加工,0.11,19.34,2
2026-02-11,600985,淮北矿业,39,0.1432,-1.5186,-0.0786,-0.2218,801951.SI,煤炭开采,1.44,12.72,3
2026-02-11,600667,太极实业,14,-2.0604,-1.9422,-2.2822,-0.2218,801726.SI,工程咨询服务Ⅱ,-0.34,9.42,4
2026-02-11,000056,*ST皇庭,0,-9.7367,-8.7685,-9.9585,-0.2218,801183.SI,房地产服务,-1.19,2.17,5
2026-02-12,600667,太极实业,95,2.3194,2.7316,2.4416,0.1222,801726.SI,工程咨询服务Ⅱ,-0.29,9.65,1
2026-02-12,603257,中国瑞林,59,0.3136,0.7258,0.4358,0.1222,801726.SI,工程咨询服务Ⅱ,-0.29,57.61,2
2026-02-12,600985,淮北矿业,39,-0.4367,-0.8345,-0.3145,0.1222,801951.SI,煤炭开采,0.52,12.68,3
2026-02-12,000056,*ST皇庭,1,-3.348,-1.9458,-3.2258,0.1222,801183.SI,房地产服务,-1.28,2.1,4
2026-02-12,603231,索宝蛋白,0,-5.3445,-4.1123,-5.2223,0.1222,801012.SI,农产品加工,-1.11,18.33,5
2026-02-13,600985,淮北矿业,100,2.7522,3.3284,1.4984,-1.2538,801951.SI,煤炭开采,-1.83,12.87,1
2026-02-13,600667,太极实业,80,2.4973,0.5735,1.2435,-1.2538,801726.SI,工程咨询服务Ⅱ,0.67,9.77,2
2026-02-13,603231,索宝蛋白,69,1.3084,0.7846,0.0546,-1.2538,801012.SI,农产品加工,-0.73,18.34,3
2026-02-13,603257,中国瑞林,52,0.9587,-0.9651,-0.2951,-1.2538,801726.SI,工程咨询服务Ⅱ,0.67,57.44,4
2026-02-13,000056,*ST皇庭,27,-1.1272,-1.471,-2.381,-1.2538,801183.SI,房地产服务,-0.91,2.05,5
2026-02-24,600667,太极实业,100,8.9169,7.4584,9.9284,1.0115,801726.SI,工程咨询服务Ⅱ,2.47,10.74,1
2026-02-24,603257,中国瑞林,86,2.6271,1.1686,3.6386,1.0115,801726.SI,工程咨询服务Ⅱ,2.47,59.53,2
2026-02-24,600985,淮北矿业,67,1.7857,-0.1128,2.7972,1.0115,801951.SI,煤炭开采,2.91,13.23,3
2026-02-24,000056,*ST皇庭,62,0.9397,0.2912,1.9512,1.0115,801183.SI,房地产服务,1.66,2.09,4
2026-02-24,603231,索宝蛋白,60,0.8424,0.1939,1.8539,1.0115,801012.SI,农产品加工,1.66,18.68,5
2026-02-25,000056,*ST皇庭,100,9.4457,4.6378,10.0478,0.6021,801183.SI,房地产服务,5.41,2.3,1
2026-02-25,603257,中国瑞林,58,0.1538,0.7759,0.7559,0.6021,801726.SI,工程咨询服务Ⅱ,-0.02,59.98,2
2026-02-25,600667,太极实业,51,-0.2297,0.3924,0.3724,0.6021,801726.SI,工程咨询服务Ⅱ,-0.02,10.78,3
2026-02-25,603231,索宝蛋白,49,0.0403,-0.1876,0.6424,0.6021,801012.SI,农产品加工,0.83,18.8,4
2026-02-25,600985,淮北矿业,38,-0.9044,-0.4123,-0.3023,0.6021,801951.SI,煤炭开采,0.11,13.19,5
2026-02-26,600667,太极实业,100,4.7358,4.0755,4.5455,-0.1903,801726.SI,工程咨询服务Ⅱ,0.47,11.27,1
2026-02-26,600985,淮北矿业,60,0.3419,0.7616,0.1516,-0.1903,801951.SI,煤炭开采,-0.61,13.21,2
2026-02-26,603231,索宝蛋白,55,0.3499,0.2496,0.1596,-0.1903,801012.SI,农产品加工,-0.09,18.83,3
2026-02-26,603257,中国瑞林,48,0.157,-0.5033,-0.0333,-0.1903,801726.SI,工程咨询服务Ⅱ,0.47,59.96,4
2026-02-26,000056,*ST皇庭,35,-1.9836,0.6361,-2.1739,-0.1903,801183.SI,房地产服务,-2.81,2.25,5
2026-02-27,603257,中国瑞林,100,10.35,9.2367,10.0067,-0.3433,801726.SI,工程咨询服务Ⅱ,0.77,65.96,1
2026-02-27,603231,索宝蛋白,50,0.3964,-0.5469,0.0531,-0.3433,801012.SI,农产品加工,0.6,18.84,2
2026-02-27,600985,淮北矿业,42,1.1003,-2.313,0.757,-0.3433,801951.SI,煤炭开采,3.07,13.31,3
2026-02-27,000056,*ST皇庭,38,-0.5456,-0.7689,-0.8889,-0.3433,801183.SI,房地产服务,-0.12,2.23,4
2026-02-27,600667,太极实业,14,-1.5201,-2.6334,-1.8634,-0.3433,801726.SI,工程咨询服务Ⅱ,0.77,11.06,5
2026-03-02,603257,中国瑞林,100,9.6083,12.4609,9.9909,0.3826,801726.SI,工程咨询服务Ⅱ,-2.47,72.55,1
2026-03-02,600985,淮北矿业,78,3.1486,-0.4888,3.5312,0.3826,801951.SI,煤炭开采,4.02,13.78,2
2026-03-02,600667,太极实业,4,-3.8184,-0.9658,-3.4358,0.3826,801726.SI,工程咨询服务Ⅱ,-2.47,10.68,3
2026-03-02,000056,*ST皇庭,0,-8.4543,-4.7917,-8.0717,0.3826,801183.SI,房地产服务,-3.28,2.05,4
2026-03-02,603231,索宝蛋白,0,-3.1958,-2.8532,-2.8132,0.3826,801012.SI,农产品加工,0.04,18.31,5
2026-03-03,603231,索宝蛋白,41,-0.0994,-0.9884,-1.6384,-1.539,801012.SI,农产品加工,-0.65,18.01,1
2026-03-03,600985,淮北矿业,31,0.3053,-2.8037,-1.2337,-1.539,801951.SI,煤炭开采,1.57,13.61,2
2026-03-03,603257,中国瑞林,15,-2.7201,-0.9191,-4.2591,-1.539,801726.SI,工程咨询服务Ⅱ,-3.34,69.46,3
2026-03-03,000056,*ST皇庭,0,-4.3147,-3.3737,-5.8537,-1.539,801183.SI,房地产服务,-2.48,1.93,4
2026-03-03,600667,太极实业,0,-7.0752,-5.2742,-8.6142,-1.539,801726.SI,工程咨询服务Ⅱ,-3.34,9.76,5
2026-03-04,000056,*ST皇庭,91,2.1805,2.4463,1.0363,-1.1442,801183.SI,房地产服务,-1.41,1.95,1
2026-03-04,600667,太极实业,84,2.5786,1.0344,1.4344,-1.1442,801726.SI,工程咨询服务Ⅱ,0.4,9.9,2
2026-03-04,603257,中国瑞林,69,1.7489,0.2047,0.6047,-1.1442,801726.SI,工程咨询服务Ⅱ,0.4,69.88,3
2026-03-04,603231,索宝蛋白,49,0.2003,-0.3539,-0.9439,-1.1442,801012.SI,农产品加工,-0.59,17.84,4
2026-03-04,600985,淮北矿业,45,-0.0314,-0.5356,-1.1756,-1.1442,801951.SI,煤炭开采,-0.64,13.45,5
2026-03-05,600667,太极实业,100,3.0612,3.2904,4.0404,0.9792,801726.SI,工程咨询服务Ⅱ,0.75,10.3,1
2026-03-05,000056,*ST皇庭,92,2.0977,2.6669,3.0769,0.9792,801183.SI,房地产服务,0.41,2.01,2
2026-03-05,603231,索宝蛋白,50,-1.2034,1.4758,-0.2242,0.9792,801012.SI,农产品加工,-1.7,17.8,3
2026-03-05,600985,淮北矿业,34,-1.4253,-0.2361,-0.4461,0.9792,801951.SI,煤炭开采,-0.21,13.39,4
2026-03-05,603257,中国瑞林,0,-3.1687,-2.9395,-2.1895,0.9792,801726.SI,工程咨询服务Ⅱ,0.75,68.35,5
2026-03-06,603231,索宝蛋白,59,1.6358,-0.8899,1.9101,0.2743,801012.SI,农产品加工,2.8,18.14,1
2026-03-06,603257,中国瑞林,56,1.218,-0.7977,1.4923,0.2743,801726.SI,工程咨询服务Ⅱ,2.29,69.37,2
2026-03-06,000056,*ST皇庭,40,0.2232,-1.5325,0.4975,0.2743,801183.SI,房地产服务,2.03,2.02,3
2026-03-06,600985,淮北矿业,26,-1.6933,-0.849,-1.419,0.2743,801951.SI,煤炭开采,-0.57,13.2,4
2026-03-06,600667,太极实业,4,-1.6335,-3.6492,-1.3592,0.2743,801726.SI,工程咨询服务Ⅱ,2.29,10.16,5
2026-03-09,600985,淮北矿业,100,4.7531,0.7479,3.7879,-0.9652,801951.SI,煤炭开采,3.04,13.7,1
2026-03-09,000056,*ST皇庭,59,-0.0249,1.1899,-0.9901,-0.9652,801183.SI,房地产服务,-2.18,2.0,2
2026-03-09,603231,索宝蛋白,27,0.4691,-3.4661,-0.4961,-0.9652,801012.SI,农产品加工,2.97,18.05,3
2026-03-09,600667,太极实业,24,-1.5939,-1.2291,-2.5591,-0.9652,801726.SI,工程咨询服务Ⅱ,-1.33,9.9,4
2026-03-09,603257,中国瑞林,0,-3.6622,-3.2974,-4.6274,-0.9652,801726.SI,工程咨询服务Ⅱ,-1.33,66.16,5
2026-03-10,600667,太极实业,100,6.695,5.4098,7.9798,1.2848,801726.SI,工程咨询服务Ⅱ,2.57,10.69,1
2026-03-10,000056,*ST皇庭,93,2.2152,2.56,3.5,1.2848,801183.SI,房地产服务,0.94,2.07,2
2026-03-10,603231,索宝蛋白,89,0.9867,3.6815,2.2715,1.2848,801012.SI,农产品加工,-1.41,18.46,3
2026-03-10,603257,中国瑞林,33,-0.393,-1.6782,0.8918,1.2848,801726.SI,工程咨询服务Ⅱ,2.57,66.75,4
2026-03-10,600985,淮北矿业,20,-3.6206,0.8242,-2.3358,1.2848,801951.SI,煤炭开采,-3.16,13.38,5
2026-03-11,600985,淮北矿业,55,1.1575,-0.8663,1.7937,0.6362,801951.SI,煤炭开采,2.66,13.62,1
2026-03-11,603257,中国瑞林,33,-1.3403,-0.5041,-0.7041,0.6362,801726.SI,工程咨询服务Ⅱ,-0.2,66.28,2
2026-03-11,000056,*ST皇庭,31,-1.1193,-0.9431,-0.4831,0.6362,801183.SI,房地产服务,0.46,2.06,3
2026-03-11,600667,太极实业,28,-1.5717,-0.7355,-0.9355,0.6362,801726.SI,工程咨询服务Ⅱ,-0.2,10.59,4
2026-03-11,603231,索宝蛋白,25,-1.7196,-0.9834,-1.0834,0.6362,801012.SI,农产品加工,-0.1,18.26,5
2026-03-12,600985,淮北矿业,100,5.2792,0.5892,4.9192,-0.36,801951.SI,煤炭开采,4.33,14.29,1
2026-03-12,603257,中国瑞林,67,0.6618,1.3118,0.3018,-0.36,801726.SI,工程咨询服务Ⅱ,-1.01,66.48,2
2026-03-12,603231,索宝蛋白,54,0.6338,-0.3062,0.2738,-0.36,801012.SI,农产品加工,0.58,18.31,3
2026-03-12,600667,太极实业,19,-2.0007,-1.3507,-2.3607,-0.36,801726.SI,工程咨询服务Ⅱ,-1.01,10.34,4
2026-03-12,000056,*ST皇庭,0,-3.5235,-3.1735,-3.8835,-0.36,801183.SI,房地产服务,-0.71,1.98,5
2026-03-13,603231,索宝蛋白,52,0.6115,-0.5615,0.2185,-0.393,801012.SI,农产品加工,0.78,18.35,1
2026-03-13,600667,太极实业,40,-0.7675,-0.3005,-1.1605,-0.393,801726.SI,工程咨询服务Ⅱ,-0.86,10.22,2
2026-03-13,000056,*ST皇庭,36,-0.6171,-0.9601,-1.0101,-0.393,801183.SI,房地产服务,-0.05,1.96,3
2026-03-13,600985,淮北矿业,28,-1.7763,-0.5493,-2.1693,-0.393,801951.SI,煤炭开采,-1.62,13.98,4
2026-03-13,603257,中国瑞林,17,-2.0589,-1.5919,-2.4519,-0.393,801726.SI,工程咨询服务Ⅱ,-0.86,64.85,5
2026-03-16,600667,太极实业,100,9.9286,8.2604,9.9804,0.0518,801726.SI,工程咨询服务Ⅱ,1.72,11.24,1
2026-03-16,000056,*ST皇庭,69,1.4788,0.5206,1.5306,0.0518,801183.SI,房地产服务,1.01,1.99,2
2026-03-16,603231,索宝蛋白,47,-0.2698,-0.058,-0.218,0.0518,801012.SI,农产品加工,-0.16,18.31,3
2026-03-16,600985,淮北矿业,30,-1.9831,-0.0413,-1.9313,0.0518,801951.SI,煤炭开采,-1.89,13.71,4
2026-03-16,603257,中国瑞林,0,-3.29,-4.9582,-3.2382,0.0518,801726.SI,工程咨询服务Ⅱ,1.72,62.75,5
2026-03-17,600667,太极实业,100,3.6663,3.8459,2.9359,-0.7304,801726.SI,工程咨询服务Ⅱ,-0.91,11.57,1
2026-03-17,603257,中国瑞林,51,-0.0505,0.1291,-0.7809,-0.7304,801726.SI,工程咨询服务Ⅱ,-0.91,62.26,2
2026-03-17,000056,*ST皇庭,42,0.7304,-1.9,0.0,-0.7304,801183.SI,房地产服务,1.9,1.99,3
2026-03-17,603231,索宝蛋白,37,-1.5088,0.2308,-2.2392,-0.7304,801012.SI,农产品加工,-2.47,17.9,4
2026-03-17,600985,淮北矿业,27,-1.8954,-0.5158,-2.6258,-0.7304,801951.SI,煤炭开采,-2.11,13.35,5
2026-03-18,000056,*ST皇庭,62,0.052,1.4325,0.5025,0.4505,801183.SI,房地产服务,-0.93,2.0,1
2026-03-18,603231,索宝蛋白,61,0.2199,1.1204,0.6704,0.4505,801012.SI,农产品加工,-0.45,18.02,2
2026-03-18,603257,中国瑞林,57,0.5614,0.1519,1.0119,0.4505,801726.SI,工程咨询服务Ⅱ,0.86,62.89,3
2026-03-18,600667,太极实业,50,0.1545,-0.255,0.605,0.4505,801726.SI,工程咨询服务Ⅱ,0.86,11.64,4
2026-03-18,600985,淮北矿业,37,-1.0498,-0.2693,-0.5993,0.4505,801951.SI,煤炭开采,-0.33,13.27,5
2026-03-19,600985,淮北矿业,47,1.3857,-2.1461,-0.2261,-1.6118,801951.SI,煤炭开采,1.92,13.24,1
2026-03-19,603231,索宝蛋白,42,-0.7189,-0.0507,-2.3307,-1.6118,801012.SI,农产品加工,-2.28,17.6,2
2026-03-19,000056,*ST皇庭,28,-1.8882,-0.37,-3.5,-1.6118,801183.SI,房地产服务,-3.13,1.93,3
2026-03-19,600667,太极实业,22,-2.0824,-0.8942,-3.6942,-1.6118,801726.SI,工程咨询服务Ⅱ,-2.8,11.21,4
2026-03-19,603257,中国瑞林,0,-6.0206,-4.8324,-7.6324,-1.6118,801726.SI,工程咨询服务Ⅱ,-2.8,58.09,5
2026-03-20,600985,淮北矿业,81,2.0158,1.3516,1.6616,-0.3542,801951.SI,煤炭开采,0.31,13.46,1
2026-03-20,603257,中国瑞林,33,-1.9354,0.2604,-2.2896,-0.3542,801726.SI,工程咨询服务Ⅱ,-2.55,56.76,2
2026-03-20,603231,索宝蛋白,3,-3.1117,-1.9759,-3.4659,-0.3542,801012.SI,农产品加工,-1.49,16.99,3
2026-03-20,000056,*ST皇庭,1,-3.2727,-2.0569,-3.6269,-0.3542,801183.SI,房地产服务,-1.57,1.86,4
2026-03-20,600667,太极实业,0,-4.5521,-2.3563,-4.9063,-0.3542,801726.SI,工程咨询服务Ⅱ,-2.55,10.66,5
2026-03-23,600985,淮北矿业,100,6.5319,3.0489,3.2689,-3.263,801951.SI,煤炭开采,0.22,13.9,1
2026-03-23,000056,*ST皇庭,41,-1.5757,0.8113,-4.8387,-3.263,801183.SI,房地产服务,-5.65,1.77,2
2026-03-23,600667,太极实业,13,-3.3974,-0.3704,-6.6604,-3.263,801726.SI,工程咨询服务Ⅱ,-6.29,9.95,3
2026-03-23,603257,中国瑞林,4,-3.9075,-0.8805,-7.1705,-3.263,801726.SI,工程咨询服务Ⅱ,-6.29,52.69,4
2026-03-23,603231,索宝蛋白,3,-3.2114,-1.8144,-6.4744,-3.263,801012.SI,农产品加工,-4.66,15.89,5
2026-03-24,000056,*ST皇庭,100,6.6256,4.9196,7.9096,1.284,801183.SI,房地产服务,2.99,1.91,1
2026-03-24,603231,索宝蛋白,100,3.6877,3.2517,4.9717,1.284,801012.SI,农产品加工,1.72,16.68,2
2026-03-24,603257,中国瑞林,84,3.1001,0.4241,4.3841,1.284,801726.SI,工程咨询服务Ⅱ,3.96,55.0,3
2026-03-24,600667,太极实业,54,1.4296,-1.2464,2.7136,1.284,801726.SI,工程咨询服务Ⅱ,3.96,10.22,4
2026-03-24,600985,淮北矿业,48,-0.9962,0.9378,0.2878,1.284,801951.SI,煤炭开采,-0.65,13.94,5
2026-03-25,600667,太极实业,64,0.9461,0.5083,2.3483,1.4022,801726.SI,工程咨询服务Ⅱ,1.84,10.46,1
2026-03-25,603257,中国瑞林,46,-0.0204,-0.4582,1.3818,1.4022,801726.SI,工程咨询服务Ⅱ,1.84,55.76,2
2026-03-25,603231,索宝蛋白,36,-0.5629,-1.0307,0.8393,1.4022,801012.SI,农产品加工,1.87,16.82,3
2026-03-25,000056,*ST皇庭,30,-0.8786,-1.4264,0.5236,1.4022,801183.SI,房地产服务,1.95,1.92,4
2026-03-25,600985,淮北矿业,13,-3.2673,-0.4951,-1.8651,1.4022,801951.SI,煤炭开采,-1.37,13.68,5
2026-03-26,000056,*ST皇庭,63,0.8,0.5792,-0.5208,-1.3208,801183.SI,房地产服务,-1.1,1.91,1
2026-03-26,603231,索宝蛋白,58,0.8452,0.0044,-0.4756,-1.3208,801012.SI,农产品加工,-0.48,16.74,2
2026-03-26,600985,淮北矿业,44,0.5898,-1.451,-0.731,-1.3208,801951.SI,煤炭开采,0.72,13.58,3
2026-03-26,603257,中国瑞林,22,-2.0149,-0.9957,-3.3357,-1.3208,801726.SI,工程咨询服务Ⅱ,-2.34,53.9,4
2026-03-26,600667,太极实业,0,-5.467,-4.4478,-6.7878,-1.3208,801726.SI,工程咨询服务Ⅱ,-2.34,9.75,5
2026-03-27,603257,中国瑞林,73,1.3147,1.2238,1.8738,0.5591,801726.SI,工程咨询服务Ⅱ,0.65,54.91,1
2026-03-27,600985,淮北矿业,67,0.6191,1.3982,1.1782,0.5591,801951.SI,煤炭开采,-0.22,13.74,2
2026-03-27,603231,索宝蛋白,53,0.5162,-0.2847,1.0753,0.5591,801012.SI,农产品加工,1.36,16.92,3
2026-03-27,000056,*ST皇庭,49,-0.0355,-0.0664,0.5236,0.5591,801183.SI,房地产服务,0.59,1.92,4
2026-03-27,600667,太极实业,47,-0.1488,-0.2397,0.4103,0.5591,801726.SI,工程咨询服务Ⅱ,0.65,9.79,5
2026-03-30,000056,*ST皇庭,100,4.4026,3.1867,4.1667,-0.2359,801183.SI,房地产服务,0.98,2.0,1
2026-03-30,600985,淮北矿业,74,1.4732,1.2173,1.2373,-0.2359,801951.SI,煤炭开采,0.02,13.91,2
2026-03-30,603231,索宝蛋白,63,1.5361,-0.3198,1.3002,-0.2359,801012.SI,农产品加工,1.62,17.14,3
2026-03-30,603257,中国瑞林,38,-0.3651,-1.041,-0.601,-0.2359,801726.SI,工程咨询服务Ⅱ,0.44,54.58,4
2026-03-30,600667,太极实业,32,-0.6834,-1.3593,-0.9193,-0.2359,801726.SI,工程咨询服务Ⅱ,0.44,9.7,5
2026-03-31,000056,*ST皇庭,81,1.4328,2.03,0.5,-0.9328,801183.SI,房地产服务,-1.53,2.01,1
2026-03-31,603231,索宝蛋白,56,-0.2924,1.0548,-1.2252,-0.9328,801012.SI,农产品加工,-2.28,16.93,2
2026-03-31,603257,中国瑞林,33,-1.3391,-0.4419,-2.2719,-0.9328,801726.SI,工程咨询服务Ⅱ,-1.83,53.34,3
2026-03-31,600985,淮北矿业,15,-3.0931,-0.4559,-4.0259,-0.9328,801951.SI,煤炭开采,-3.57,13.35,4
2026-03-31,600667,太极实业,0,-7.1084,-6.2112,-8.0412,-0.9328,801726.SI,工程咨询服务Ⅱ,-1.83,8.92,5
2026-04-01,600985,淮北矿业,65,0.0146,1.9028,1.7228,1.7082,801951.SI,煤炭开采,-0.18,13.58,1
2026-04-01,600667,太极实业,60,0.8703,0.1485,2.5785,1.7082,801726.SI,工程咨询服务Ⅱ,2.43,9.15,2
2026-04-01,603231,索宝蛋白,56,-0.3497,1.1385,1.3585,1.7082,801012.SI,农产品加工,0.22,17.16,3
2026-04-01,603257,中国瑞林,53,0.4853,-0.2365,2.1935,1.7082,801726.SI,工程咨询服务Ⅱ,2.43,54.51,4
2026-04-01,000056,*ST皇庭,39,-0.7132,-0.515,0.995,1.7082,801183.SI,房地产服务,1.51,2.03,5
2026-04-02,603231,索宝蛋白,60,0.7504,0.3586,-0.2914,-1.0418,801012.SI,农产品加工,-0.65,17.11,1
2026-04-02,600985,淮北矿业,54,1.1891,-0.9727,0.1473,-1.0418,801951.SI,煤炭开采,1.12,13.6,2
2026-04-02,603257,中国瑞林,44,-0.8111,0.2671,-1.8529,-1.0418,801726.SI,工程咨询服务Ⅱ,-2.12,53.5,3
2026-04-02,600667,太极实业,5,-3.0019,-1.9237,-4.0437,-1.0418,801726.SI,工程咨询服务Ⅱ,-2.12,8.78,4
2026-04-02,000056,*ST皇庭,0,-4.3769,-2.2287,-5.4187,-1.0418,801183.SI,房地产服务,-3.19,1.92,5
2026-04-03,600667,太极实业,34,-1.8823,0.3765,-2.7335,-0.8512,801726.SI,工程咨询服务Ⅱ,-3.11,8.54,1
2026-04-03,603231,索宝蛋白,25,-2.1295,-0.4907,-2.9807,-0.8512,801012.SI,农产品加工,-2.49,16.6,2
2026-04-03,603257,中国瑞林,24,-2.4572,-0.1984,-3.3084,-0.8512,801726.SI,工程咨询服务Ⅱ,-3.11,51.73,3
2026-04-03,600985,淮北矿业,23,-1.9429,-0.9341,-2.7941,-0.8512,801951.SI,煤炭开采,-1.86,13.22,4
2026-04-03,000056,*ST皇庭,0,-4.878,-3.1092,-5.7292,-0.8512,801183.SI,房地产服务,-2.62,1.81,5
2026-04-07,600667,太极实业,92,2.9313,1.6174,2.9274,-0.0039,801726.SI,工程咨询服务Ⅱ,1.31,8.79,1
2026-04-07,603231,索宝蛋白,69,2.1726,-0.3213,2.1687,-0.0039,801012.SI,农产品加工,2.49,16.96,2
2026-04-07,000056,*ST皇庭,68,1.6614,0.1675,1.6575,-0.0039,801183.SI,房地产服务,1.49,1.84,3
2026-04-07,600985,淮北矿业,68,2.0463,-0.3576,2.0424,-0.0039,801951.SI,煤炭开采,2.4,13.49,4
2026-04-07,603257,中国瑞林,64,1.3764,0.0625,1.3725,-0.0039,801726.SI,工程咨询服务Ⅱ,1.31,52.44,5
2026-04-08,600667,太极实业,100,4.2469,3.4061,7.7361,3.4892,801726.SI,工程咨询服务Ⅱ,4.33,9.47,1
2026-04-08,603257,中国瑞林,75,1.774,0.9332,5.2632,3.4892,801726.SI,工程咨询服务Ⅱ,4.33,55.2,2
2026-04-08,000056,*ST皇庭,67,0.8586,1.0378,4.3478,3.4892,801183.SI,房地产服务,3.31,1.92,3
2026-04-08,603231,索宝蛋白,30,-2.1331,0.1761,1.3561,3.4892,801012.SI,农产品加工,1.18,17.19,4
2026-04-08,600985,淮北矿业,1,-5.0459,0.1633,-1.5567,3.4892,801951.SI,煤炭开采,-1.72,13.28,5
2026-04-09,600667,太极实业,83,2.1167,1.4884,1.4784,-0.6383,801726.SI,工程咨询服务Ⅱ,-0.01,9.61,1
2026-04-09,603257,中国瑞林,71,1.4354,0.8071,0.7971,-0.6383,801726.SI,工程咨询服务Ⅱ,-0.01,55.64,2
2026-04-09,600985,淮北矿业,50,0.0359,-0.0924,-0.6024,-0.6383,801951.SI,煤炭开采,-0.51,13.2,3
2026-04-09,603231,索宝蛋白,39,-0.7579,-0.4462,-1.3962,-0.6383,801012.SI,农产品加工,-0.95,16.95,4
2026-04-09,000056,*ST皇庭,0,-3.5284,-2.0067,-4.1667,-0.6383,801183.SI,房地产服务,-2.16,1.84,5
2026-04-10,603257,中国瑞林,74,0.9577,1.7782,2.4982,1.5405,801726.SI,工程咨询服务Ⅱ,0.72,57.03,1
2026-04-10,603231,索宝蛋白,49,-0.5376,0.5129,1.0029,1.5405,801012.SI,农产品加工,0.49,17.12,2
2026-04-10,600985,淮北矿业,21,-2.3738,-0.6833,-0.8333,1.5405,801951.SI,煤炭开采,-0.15,13.09,3
2026-04-10,000056,*ST皇庭,13,-2.6275,-1.347,-1.087,1.5405,801183.SI,房地产服务,0.26,1.82,4
2026-04-10,600667,太极实业,8,-2.6851,-1.8646,-1.1446,1.5405,801726.SI,工程咨询服务Ⅱ,0.72,9.5,5
2026-04-13,600667,太极实业,68,0.7406,1.2674,0.9474,0.2068,801726.SI,工程咨询服务Ⅱ,-0.32,9.59,1
2026-04-13,600985,淮北矿业,64,0.9391,0.6359,1.1459,0.2068,801951.SI,煤炭开采,0.51,13.24,2
2026-04-13,603231,索宝蛋白,60,0.611,0.4778,0.8178,0.2068,801012.SI,农产品加工,0.34,17.26,3
2026-04-13,000056,*ST皇庭,55,0.8921,-0.4911,1.0989,0.2068,801183.SI,房地产服务,1.59,1.84,4
2026-04-13,603257,中国瑞林,25,-1.6446,-1.1178,-1.4378,0.2068,801726.SI,工程咨询服务Ⅱ,-0.32,56.21,5
2026-04-14,000056,*ST皇庭,100,4.2482,3.1948,5.4348,1.1866,801183.SI,房地产服务,2.24,1.94,1
2026-04-14,600667,太极实业,100,4.8614,4.798,6.048,1.1866,801726.SI,工程咨询服务Ⅱ,1.25,10.17,2
2026-04-14,603231,索宝蛋白,63,0.0301,1.5567,1.2167,1.1866,801012.SI,农产品加工,-0.34,17.47,3
2026-04-14,600985,淮北矿业,54,-0.7334,1.4732,0.4532,1.1866,801951.SI,煤炭开采,-1.02,13.3,4
2026-04-14,603257,中国瑞林,36,-0.724,-0.7874,0.4626,1.1866,801726.SI,工程咨询服务Ⅱ,1.25,56.47,5
2026-04-15,600985,淮北矿业,83,2.0704,1.5093,1.7293,-0.3411,801951.SI,煤炭开采,0.22,13.53,1
2026-04-15,603231,索宝蛋白,52,-0.2886,0.6203,-0.6297,-0.3411,801012.SI,农产品加工,-1.25,17.36,2
2026-04-15,603257,中国瑞林,38,-0.8808,-0.3619,-1.2219,-0.3411,801726.SI,工程咨询服务Ⅱ,-0.86,55.78,3
2026-04-15,000056,*ST皇庭,13,-2.7517,-1.1828,-3.0928,-0.3411,801183.SI,房地产服务,-1.91,1.88,4
2026-04-15,600667,太极实业,0,-3.0021,-2.4832,-3.3432,-0.3411,801726.SI,工程咨询服务Ⅱ,-0.86,9.83,5
2026-04-16,603257,中国瑞林,60,0.8041,0.2503,1.9003,1.0962,801726.SI,工程咨询服务Ⅱ,1.65,56.84,1
2026-04-16,600667,太极实业,50,0.2263,-0.3275,1.3225,1.0962,801726.SI,工程咨询服务Ⅱ,1.65,9.96,2
2026-04-16,603231,索宝蛋白,37,-0.5778,-0.8916,0.5184,1.0962,801012.SI,农产品加工,1.41,17.45,3
2026-04-16,000056,*ST皇庭,25,-1.6281,-1.0419,-0.5319,1.0962,801183.SI,房地产服务,0.51,1.87,4
2026-04-16,600985,淮北矿业,21,-1.9831,-1.1669,-0.8869,1.0962,801951.SI,煤炭开采,0.28,13.41,5
2026-04-17,603257,中国瑞林,100,4.1084,4.0309,3.9409,-0.1675,801726.SI,工程咨询服务Ⅱ,-0.09,59.08,1
2026-04-17,603231,索宝蛋白,50,0.0529,-0.1146,-0.1146,-0.1675,801012.SI,农产品加工,0.0,17.43,2
2026-04-17,600667,太极实业,47,-0.1337,-0.2112,-0.3012,-0.1675,801726.SI,工程咨询服务Ⅱ,-0.09,9.93,3
2026-04-17,600985,淮北矿业,11,-2.4425,-1.8,-2.61,-0.1675,801951.SI,煤炭开采,-0.81,13.06,4
2026-04-17,000056,*ST皇庭,6,-1.9715,-3.059,-2.139,-0.1675,801183.SI,房地产服务,0.92,1.83,5
2026-04-20,000056,*ST皇庭,92,2.1238,2.6322,2.7322,0.6084,801183.SI,房地产服务,0.1,1.88,1
2026-04-20,603257,中国瑞林,64,0.9657,0.5341,1.5741,0.6084,801726.SI,工程咨询服务Ⅱ,1.04,60.01,2
2026-04-20,600985,淮北矿业,58,-0.0724,1.036,0.536,0.6084,801951.SI,煤炭开采,-0.5,13.13,3
2026-04-20,600667,太极实业,48,0.0965,-0.3351,0.7049,0.6084,801726.SI,工程咨询服务Ⅱ,1.04,10.0,4
2026-04-20,603231,索宝蛋白,48,-0.092,-0.0836,0.5164,0.6084,801012.SI,农产品加工,0.6,17.52,5
2026-04-21,000056,*ST皇庭,100,9.8845,9.4064,10.1064,0.2219,801183.SI,房地产服务,0.7,2.07,1
2026-04-21,600985,淮北矿业,80,2.6722,0.4241,2.8941,0.2219,801951.SI,煤炭开采,2.47,13.51,2
2026-04-21,603257,中国瑞林,51,-0.0219,0.1,0.2,0.2219,801726.SI,工程咨询服务Ⅱ,0.1,60.13,3
2026-04-21,603231,索宝蛋白,47,-0.3931,0.0588,-0.1712,0.2219,801012.SI,农产品加工,-0.23,17.49,4
2026-04-21,600667,太极实业,42,-0.5219,-0.4,-0.3,0.2219,801726.SI,工程咨询服务Ⅱ,0.1,9.97,5
2026-04-22,600667,太极实业,92,1.8441,2.9675,2.5075,0.6634,801726.SI,工程咨询服务Ⅱ,-0.46,10.22,1
2026-04-22,600985,淮北矿业,61,0.3729,0.9363,1.0363,0.6634,801951.SI,煤炭开采,0.1,13.65,2
2026-04-22,603231,索宝蛋白,55,-0.0345,0.6889,0.6289,0.6634,801012.SI,农产品加工,-0.06,17.6,3
2026-04-22,000056,*ST皇庭,0,-5.0112,-3.4578,-4.3478,0.6634,801183.SI,房地产服务,-0.89,1.98,4
2026-04-22,603257,中国瑞林,0,-4.0893,-2.9659,-3.4259,0.6634,801726.SI,工程咨询服务Ⅱ,-0.46,58.07,5
2026-04-23,600985,淮北矿业,77,2.6214,0.1443,2.3443,-0.2771,801951.SI,煤炭开采,2.2,13.97,1
2026-04-23,603231,索宝蛋白,33,-0.8024,-1.1095,-1.0795,-0.2771,801012.SI,农产品加工,0.03,17.41,2
2026-04-23,000056,*ST皇庭,18,-2.2482,-1.1753,-2.5253,-0.2771,801183.SI,房地产服务,-1.35,1.93,3
2026-04-23,600667,太极实业,0,-3.0497,-2.7468,-3.3268,-0.2771,801726.SI,工程咨询服务Ⅱ,-0.58,9.88,4
2026-04-23,603257,中国瑞林,0,-3.0293,-2.7264,-3.3064,-0.2771,801726.SI,工程咨询服务Ⅱ,-0.58,56.15,5
2026-04-24,603257,中国瑞林,87,1.4941,2.7598,1.1398,-0.3543,801726.SI,工程咨询服务Ⅱ,-1.62,56.79,1
2026-04-24,603231,索宝蛋白,65,0.7564,0.8821,0.4021,-0.3543,801012.SI,农产品加工,-0.48,17.48,2
2026-04-24,600985,淮北矿业,57,0.4975,0.2132,0.1432,-0.3543,801951.SI,煤炭开采,-0.07,13.99,3
2026-04-24,600667,太极实业,32,-1.5688,-0.3031,-1.9231,-0.3543,801726.SI,工程咨询服务Ⅱ,-1.62,9.69,4
2026-04-27,000056,*ST皇庭,100,5.1482,3.8213,5.1813,0.0331,801183.SI,房地产服务,1.36,2.03,1
2026-04-27,600985,淮北矿业,81,1.5395,1.8926,1.5726,0.0331,801951.SI,煤炭开采,-0.32,14.21,2
2026-04-27,600667,太极实业,70,1.7213,0.3544,1.7544,0.0331,801726.SI,工程咨询服务Ⅱ,1.4,9.86,3
2026-04-27,603231,索宝蛋白,54,-0.0331,0.55,0.0,0.0331,801012.SI,农产品加工,-0.55,17.48,4
2026-04-27,603257,中国瑞林,26,-0.7022,-2.0691,-0.6691,0.0331,801726.SI,工程咨询服务Ⅱ,1.4,56.41,5
2026-04-28,600985,淮北矿业,100,4.982,1.805,4.715,-0.267,801951.SI,煤炭开采,2.91,14.88,1
2026-04-28,603257,中国瑞林,100,2.607,3.3,2.34,-0.267,801726.SI,工程咨询服务Ⅱ,-0.96,57.73,2
2026-04-28,603231,索宝蛋白,40,-0.82,-0.167,-1.087,-0.267,801012.SI,农产品加工,-0.92,17.29,3
2026-04-28,000056,*ST皇庭,0,-4.6591,-4.4161,-4.9261,-0.267,801183.SI,房地产服务,-0.51,1.93,4
2026-04-28,600667,太极实业,0,-3.4855,-2.7925,-3.7525,-0.267,801726.SI,工程咨询服务Ⅱ,-0.96,9.49,5
2026-04-29,603257,中国瑞林,100,4.2047,4.3505,5.3005,1.0958,801726.SI,工程咨询服务Ⅱ,0.95,60.79,1
2026-04-29,600667,太极实业,54,0.1687,0.3145,1.2645,1.0958,801726.SI,工程咨询服务Ⅱ,0.95,9.61,2
2026-04-29,603231,索宝蛋白,50,0.2923,-0.3219,1.3881,1.0958,801012.SI,农产品加工,1.71,17.53,3
2026-04-29,000056,*ST皇庭,0,-6.2771,-6.2313,-5.1813,1.0958,801183.SI,房地产服务,1.05,1.83,4
2026-04-29,600985,淮北矿业,0,-2.8431,-3.0973,-1.7473,1.0958,801951.SI,煤炭开采,1.35,14.62,5
2026-04-30,600985,淮北矿业,48,-0.142,-0.0352,-0.2052,-0.0632,801951.SI,煤炭开采,-0.17,14.59,1
2026-04-30,600667,太极实业,43,-0.353,-0.4262,-0.4162,-0.0632,801726.SI,工程咨询服务Ⅱ,0.01,9.57,2
2026-04-30,603257,中国瑞林,15,-1.9108,-1.984,-1.974,-0.0632,801726.SI,工程咨询服务Ⅱ,0.01,59.59,3
2026-04-30,000056,*ST皇庭,0,-4.8548,-5.678,-4.918,-0.0632,801183.SI,房地产服务,0.76,1.74,4
2026-04-30,603231,索宝蛋白,0,-4.3863,-5.1795,-4.4495,-0.0632,801012.SI,农产品加工,0.73,16.75,5
2026-05-06,600667,太极实业,100,4.5044,4.1761,5.9561,1.4517,801726.SI,工程咨询服务Ⅱ,1.78,10.14,1
2026-05-06,000056,*ST皇庭,75,1.4219,1.3936,2.8736,1.4517,801183.SI,房地产服务,1.48,1.79,2
2026-05-06,603257,中国瑞林,63,0.8641,0.5358,2.3158,1.4517,801726.SI,工程咨询服务Ⅱ,1.78,60.97,3
2026-05-06,603231,索宝蛋白,37,-0.9741,-0.4624,0.4776,1.4517,801012.SI,农产品加工,0.94,16.83,4
2026-05-06,600985,淮北矿业,21,-2.1371,-0.9354,-0.6854,1.4517,801951.SI,煤炭开采,0.25,14.49,5
2026-05-07,600667,太极实业,100,6.226,4.6161,6.7061,0.4801,801726.SI,工程咨询服务Ⅱ,2.09,10.82,1
2026-05-07,603257,中国瑞林,72,1.9473,0.3374,2.4274,0.4801,801726.SI,工程咨询服务Ⅱ,2.09,62.45,2
2026-05-07,603231,索宝蛋白,55,-0.3613,1.0988,0.1188,0.4801,801012.SI,农产品加工,-0.98,16.85,3
2026-05-07,000056,*ST皇庭,0,-5.508,-4.4379,-5.0279,0.4801,801183.SI,房地产服务,-0.59,1.7,4
2026-05-07,600985,淮北矿业,0,-6.4152,-1.1451,-5.9351,0.4801,801951.SI,煤炭开采,-4.79,13.63,5
2026-05-08,603231,索宝蛋白,100,6.2216,4.758,5.638,-0.5836,801012.SI,农产品加工,0.88,17.8,1
2026-05-08,603257,中国瑞林,100,5.7397,4.0661,5.1561,-0.5836,801726.SI,工程咨询服务Ⅱ,1.09,65.67,2
2026-05-08,000056,*ST皇庭,30,-0.0046,-2.5382,-0.5882,-0.5836,801183.SI,房地产服务,1.95,1.69,3
2026-05-08,600667,太极实业,25,-0.6179,-2.2915,-1.2015,-0.5836,801726.SI,工程咨询服务Ⅱ,1.09,10.69,4
2026-05-08,600985,淮北矿业,23,-1.5441,-1.4577,-2.1277,-0.5836,801951.SI,煤炭开采,-0.67,13.34,5
2026-05-11,600667,太极实业,100,2.4755,3.306,4.116,1.6405,801726.SI,工程咨询服务Ⅱ,0.81,11.13,1
2026-05-11,603257,中国瑞林,57,0.0345,0.865,1.675,1.6405,801726.SI,工程咨询服务Ⅱ,0.81,66.77,2
2026-05-11,600985,淮北矿业,41,-1.1158,0.2547,0.5247,1.6405,801951.SI,煤炭开采,0.27,13.41,3
2026-05-11,000056,*ST皇庭,29,-1.0488,-1.3583,0.5917,1.6405,801183.SI,房地产服务,1.95,1.7,4
2026-05-11,603231,索宝蛋白,4,-3.3821,-1.4716,-1.7416,1.6405,801012.SI,农产品加工,-0.27,17.49,5
2026-05-12,600667,太极实业,100,10.0495,9.723,9.973,-0.0765,801726.SI,工程咨询服务Ⅱ,0.25,12.24,1
2026-05-12,600985,淮北矿业,46,-0.4455,0.048,-0.522,-0.0765,801951.SI,煤炭开采,-0.57,13.34,2
2026-05-12,000056,*ST皇庭,42,-0.5117,-0.3182,-0.5882,-0.0765,801183.SI,房地产服务,-0.27,1.69,3
2026-05-12,603231,索宝蛋白,37,-1.2385,-0.075,-1.315,-0.0765,801012.SI,农产品加工,-1.24,17.26,4
2026-05-12,603257,中国瑞林,25,-1.2265,-1.553,-1.303,-0.0765,801726.SI,工程咨询服务Ⅱ,0.25,65.9,5
2026-05-13,600667,太极实业,100,7.0717,6.8182,8.0882,1.0165,801726.SI,工程咨询服务Ⅱ,1.27,13.23,1
2026-05-13,000056,*ST皇庭,30,-2.1999,0.2566,-1.1834,1.0165,801183.SI,房地产服务,-1.44,1.67,2
2026-05-13,603257,中国瑞林,15,-1.8511,-2.1046,-0.8346,1.0165,801726.SI,工程咨询服务Ⅱ,1.27,65.35,3
2026-05-13,600985,淮北矿业,11,-2.9655,-1.209,-1.949,1.0165,801951.SI,煤炭开采,-0.74,13.08,4
2026-05-13,603231,索宝蛋白,5,-1.7697,-3.3832,-0.7532,1.0165,801012.SI,农产品加工,2.63,17.13,5
2026-05-14,600985,淮北矿业,64,1.1402,0.2848,-0.5352,-1.6754,801951.SI,煤炭开采,-0.82,13.01,1
2026-05-14,603231,索宝蛋白,46,-0.251,-0.1464,-1.9264,-1.6754,801012.SI,农产品加工,-1.78,16.8,2
2026-05-14,603257,中国瑞林,43,-0.5281,-0.2535,-2.2035,-1.6754,801726.SI,工程咨询服务Ⅱ,-1.95,63.91,3
2026-05-14,600667,太极实业,1,-2.8597,-2.5851,-4.5351,-1.6754,801726.SI,工程咨询服务Ⅱ,-1.95,12.63,4
2026-05-14,000056,*ST皇庭,0,-3.115,-2.3504,-4.7904,-1.6754,801183.SI,房地产服务,-2.44,1.59,5
2026-05-15,603231,索宝蛋白,100,2.7859,2.9367,1.6667,-1.1192,801012.SI,农产品加工,-1.27,17.08,1
2026-05-15,600985,淮北矿业,83,2.7333,0.7041,1.6141,-1.1192,801951.SI,煤炭开采,0.91,13.22,2
2026-05-15,603257,中国瑞林,68,1.1661,0.7369,0.0469,-1.1192,801726.SI,工程咨询服务Ⅱ,-0.69,63.94,3
2026-05-15,600667,太极实业,23,-1.3353,-1.7645,-2.4545,-1.1192,801726.SI,工程咨询服务Ⅱ,-0.69,12.32,4
2026-05-15,000056,*ST皇庭,0,-3.9122,-3.3614,-5.0314,-1.1192,801183.SI,房地产服务,-1.67,1.51,5
2026-05-18,600667,太极实业,100,6.5429,5.7565,6.0065,-0.5364,801726.SI,工程咨询服务Ⅱ,0.25,13.06,1
2026-05-18,603257,中国瑞林,64,1.1463,0.3599,0.6099,-0.5364,801726.SI,工程咨询服务Ⅱ,0.25,64.33,2
2026-05-18,600985,淮北矿业,52,1.0659,-1.0605,0.5295,-0.5364,801951.SI,煤炭开采,1.59,13.29,3
2026-05-18,603231,索宝蛋白,34,-0.9858,-0.7322,-1.5222,-0.5364,801012.SI,农产品加工,-0.79,16.82,4
2026-05-18,000056,*ST皇庭,0,-4.7616,-3.668,-5.298,-0.5364,801183.SI,房地产服务,-1.63,1.43,5
2026-05-19,000056,*ST皇庭,82,1.6974,1.9079,2.0979,0.4005,801183.SI,房地产服务,0.19,1.46,1
2026-05-19,600985,淮北矿业,65,0.7282,0.9287,1.1287,0.4005,801951.SI,煤炭开采,0.2,13.44,2
2026-05-19,603231,索宝蛋白,62,0.4318,0.9323,0.8323,0.4005,801012.SI,农产品加工,-0.1,16.96,3
2026-05-19,600667,太极实业,46,-0.3239,-0.1334,0.0766,0.4005,801726.SI,工程咨询服务Ⅱ,0.21,13.07,4
2026-05-19,603257,中国瑞林,4,-2.6545,-2.464,-2.254,0.4005,801726.SI,工程咨询服务Ⅱ,0.21,62.88,5
2026-05-20,600667,太极实业,100,4.5592,4.7042,4.5142,-0.045,801726.SI,工程咨询服务Ⅱ,-0.19,13.66,1
2026-05-20,603257,中国瑞林,45,-0.3208,-0.1758,-0.3658,-0.045,801726.SI,工程咨询服务Ⅱ,-0.19,62.65,2
2026-05-20,600985,淮北矿业,31,-1.5919,-0.3269,-1.6369,-0.045,801951.SI,煤炭开采,-1.31,13.22,3
2026-05-20,603231,索宝蛋白,23,-1.7828,-1.1478,-1.8278,-0.045,801012.SI,农产品加工,-0.68,16.65,4
2026-05-20,000056,*ST皇庭,0,-4.7495,-3.7545,-4.7945,-0.045,801183.SI,房地产服务,-1.04,1.39,5
2026-05-21,603231,索宝蛋白,64,-0.4682,2.2881,-1.8619,-1.3937,801012.SI,农产品加工,-4.15,16.34,1
2026-05-21,603257,中国瑞林,38,-1.9104,0.8359,-3.3041,-1.3937,801726.SI,工程咨询服务Ⅱ,-4.14,60.58,2
2026-05-21,600985,淮北矿业,31,-1.7077,-0.2314,-3.1014,-1.3937,801951.SI,煤炭开采,-2.87,12.81,3
2026-05-21,000056,*ST皇庭,8,-3.6423,-0.676,-5.036,-1.3937,801183.SI,房地产服务,-4.36,1.32,4
2026-05-21,600667,太极实业,0,-7.9035,-5.1572,-9.2972,-1.3937,801726.SI,工程咨询服务Ⅱ,-4.14,12.39,5
2026-05-22,600667,太极实业,55,0.2373,0.2835,1.5335,1.2962,801726.SI,工程咨询服务Ⅱ,1.25,12.58,1
2026-05-22,603257,中国瑞林,49,-0.0582,-0.012,1.238,1.2962,801726.SI,工程咨询服务Ⅱ,1.25,61.33,2
2026-05-22,603231,索宝蛋白,47,-0.4394,0.1968,0.8568,1.2962,801012.SI,农产品加工,0.66,16.48,3
2026-05-22,600985,淮北矿业,20,-2.4672,-0.671,-1.171,1.2962,801951.SI,煤炭开采,-0.5,12.66,4
2026-05-22,000056,*ST皇庭,0,-5.8417,-4.6055,-4.5455,1.2962,801183.SI,房地产服务,0.06,1.26,5
2026-05-25,000056,*ST皇庭,100,3.1829,5.0219,4.7619,1.579,801183.SI,房地产服务,-0.26,1.32,1
2026-05-25,600667,太极实业,100,4.2239,5.7829,5.8029,1.579,801726.SI,工程咨询服务Ⅱ,0.02,13.31,2
2026-05-25,600985,淮北矿业,100,8.3736,7.7426,9.9526,1.579,801951.SI,煤炭开采,2.21,13.92,3
2026-05-25,603231,索宝蛋白,57,-0.8508,1.9282,0.7282,1.579,801012.SI,农产品加工,-1.2,16.6,4
2026-05-25,603257,中国瑞林,21,-2.329,-0.77,-0.75,1.579,801726.SI,工程咨询服务Ⅱ,0.02,60.87,5
2026-05-26,000056,*ST皇庭,100,4.7696,6.553,5.303,0.5334,801183.SI,房地产服务,-1.25,1.39,1
2026-05-26,600667,太极实业,52,-1.0593,1.5741,-0.5259,0.5334,801726.SI,工程咨询服务Ⅱ,-2.1,13.24,2
2026-05-26,603257,中国瑞林,28,-2.3898,0.2436,-1.8564,0.5334,801726.SI,工程咨询服务Ⅱ,-2.1,59.74,3
2026-05-26,600985,淮北矿业,0,-4.1972,-3.1738,-3.6638,0.5334,801951.SI,煤炭开采,-0.49,13.41,4
2026-05-26,603231,索宝蛋白,0,-3.4852,-2.1318,-2.9518,0.5334,801012.SI,农产品加工,-0.82,16.11,5
2026-05-27,000056,*ST皇庭,100,5.8379,7.486,5.036,-0.8019,801183.SI,房地产服务,-2.45,1.46,1
2026-05-27,600667,太极实业,100,5.7113,6.4694,4.9094,-0.8019,801726.SI,工程咨询服务Ⅱ,-1.56,13.89,2
2026-05-27,600985,淮北矿业,100,7.215,4.7431,6.4131,-0.8019,801951.SI,煤炭开采,1.67,14.27,3
2026-05-27,603231,索宝蛋白,67,0.8019,1.1,0.0,-0.8019,801012.SI,农产品加工,-1.1,16.11,4
2026-05-27,603257,中国瑞林,0,-4.789,-4.0309,-5.5909,-0.8019,801726.SI,工程咨询服务Ⅱ,-1.56,56.4,5
2026-05-28,000056,*ST皇庭,100,4.6714,3.7745,4.7945,0.1231,801183.SI,房地产服务,1.02,1.53,1
2026-05-28,603257,中国瑞林,100,3.9017,3.7548,4.0248,0.1231,801726.SI,工程咨询服务Ⅱ,0.27,58.67,2
2026-05-28,600985,淮北矿业,70,1.4186,0.6917,1.5417,0.1231,801951.SI,煤炭开采,0.85,14.49,3
2026-05-28,603231,索宝蛋白,13,-2.4819,-1.5088,-2.3588,0.1231,801012.SI,农产品加工,-0.85,15.73,4
2026-05-28,600667,太极实业,9,-2.2109,-2.3578,-2.0878,0.1231,801726.SI,工程咨询服务Ⅱ,0.27,13.6,5
2026-05-29,000056,*ST皇庭,100,5.0248,3.6852,4.5752,-0.4496,801183.SI,房地产服务,0.89,1.6,1
2026-05-29,603257,中国瑞林,100,4.5573,6.5877,4.1077,-0.4496,801726.SI,工程咨询服务Ⅱ,-2.48,61.08,2
2026-05-29,603231,索宝蛋白,66,1.3396,0.34,0.89,-0.4496,801012.SI,农产品加工,0.55,15.87,3
2026-05-29,600985,淮北矿业,39,0.7257,-2.2239,0.2761,-0.4496,801951.SI,煤炭开采,2.5,14.53,4
2026-05-29,600667,太极实业,0,-5.2122,-3.1818,-5.6618,-0.4496,801726.SI,工程咨询服务Ⅱ,-2.48,12.83,5
2026-06-01,600667,太极实业,100,6.5902,2.9318,5.6118,-0.9784,801726.SI,工程咨询服务Ⅱ,2.68,13.55,1
2026-06-01,600985,淮北矿业,100,8.2048,1.5964,7.2264,-0.9784,801951.SI,煤炭开采,5.63,15.58,2
2026-06-01,603231,索宝蛋白,84,4.129,-0.9494,3.1506,-0.9784,801012.SI,农产品加工,4.1,16.37,3
2026-06-01,603257,中国瑞林,41,1.1094,-2.549,0.131,-0.9784,801726.SI,工程咨询服务Ⅱ,2.68,61.16,4
2026-06-01,000056,*ST皇庭,6,-1.5216,-3.55,-2.5,-0.9784,801183.SI,房地产服务,1.05,1.56,5
2026-06-02,000056,*ST皇庭,100,3.6769,7.3282,5.1282,1.4513,801183.SI,房地产服务,-2.2,1.64,1
2026-06-02,600667,太极实业,100,8.5856,9.8169,10.0369,1.4513,801726.SI,工程咨询服务Ⅱ,0.22,14.91,2
2026-06-02,603257,中国瑞林,79,1.0667,2.298,2.518,1.4513,801726.SI,工程咨询服务Ⅱ,0.22,62.7,3
2026-06-02,600985,淮北矿业,30,-2.2857,0.3356,-0.8344,1.4513,801951.SI,煤炭开采,-1.17,15.45,4
2026-06-02,603231,索宝蛋白,12,-3.4672,-0.3959,-2.0159,1.4513,801012.SI,农产品加工,-1.62,16.04,5
2026-06-03,603257,中国瑞林,100,3.1749,3.9983,3.6683,0.4934,801726.SI,工程咨询服务Ⅱ,-0.33,65.0,1
2026-06-03,000056,*ST皇庭,88,1.3359,3.0993,1.8293,0.4934,801183.SI,房地产服务,-1.27,1.67,2
2026-06-03,600985,淮北矿业,42,0.4775,-1.6191,0.9709,0.4934,801951.SI,煤炭开采,2.59,15.6,3
2026-06-03,600667,太极实业,39,-0.9629,-0.1395,-0.4695,0.4934,801726.SI,工程咨询服务Ⅱ,-0.33,14.84,4
2026-06-03,603231,索宝蛋白,21,-2.239,-0.7656,-1.7456,0.4934,801012.SI,农产品加工,-0.98,15.76,5
2026-06-04,000056,*ST皇庭,100,5.4801,6.8204,4.7904,-0.6897,801183.SI,房地产服务,-2.03,1.75,1
2026-06-04,600667,太极实业,100,10.7301,9.2804,10.0404,-0.6897,801726.SI,工程咨询服务Ⅱ,0.76,16.33,2
2026-06-04,600985,淮北矿业,100,5.4333,3.6336,4.7436,-0.6897,801951.SI,煤炭开采,1.11,16.34,3
2026-06-04,603231,索宝蛋白,33,-1.4042,-0.3439,-2.0939,-0.6897,801012.SI,农产品加工,-1.75,15.43,4
2026-06-04,603257,中国瑞林,18,-1.1103,-2.56,-1.8,-0.6897,801726.SI,工程咨询服务Ⅱ,0.76,63.83,5
2026-06-05,000056,*ST皇庭,100,6.9335,4.3529,5.1429,-1.7906,801183.SI,房地产服务,0.79,1.84,1
2026-06-05,600985,淮北矿业,100,4.8506,4.87,3.06,-1.7906,801951.SI,煤炭开采,-1.81,16.84,2
2026-06-05,603231,索宝蛋白,68,1.7258,0.0452,-0.0648,-1.7906,801012.SI,农产品加工,-0.11,15.42,3
2026-06-05,603257,中国瑞林,58,1.1639,-0.3967,-0.6267,-1.7906,801726.SI,工程咨询服务Ⅱ,-0.23,63.43,4
2026-06-05,600667,太极实业,47,0.5046,-1.056,-1.286,-1.7906,801726.SI,工程咨询服务Ⅱ,-0.23,16.12,5
2026-06-08,000056,*ST皇庭,100,6.492,7.1478,4.3478,-2.1442,801183.SI,房地产服务,-2.8,1.92,1
2026-06-08,603257,中国瑞林,87,1.5451,2.7309,-0.5991,-2.1442,801726.SI,工程咨询服务Ⅱ,-3.33,63.05,2
2026-06-08,603231,索宝蛋白,60,0.2635,0.8993,-1.8807,-2.1442,801012.SI,农产品加工,-2.78,15.13,3
2026-06-08,600985,淮北矿业,55,1.491,-1.2532,-0.6532,-2.1442,801951.SI,煤炭开采,0.6,16.73,4
2026-06-08,600667,太极实业,0,-5.362,-4.1762,-7.5062,-2.1442,801726.SI,工程咨询服务Ⅱ,-3.33,14.91,5
2026-06-09,600667,太极实业,100,2.623,3.0236,4.4936,1.8706,801726.SI,工程咨询服务Ⅱ,1.47,15.58,1
2026-06-09,603257,中国瑞林,100,3.4426,3.8432,5.3132,1.8706,801726.SI,工程咨询服务Ⅱ,1.47,66.4,2
2026-06-09,600985,淮北矿业,61,-1.2729,3.0277,0.5977,1.8706,801951.SI,煤炭开采,-2.43,16.83,3
2026-06-09,603231,索宝蛋白,24,-2.3333,-0.3027,-0.4627,1.8706,801012.SI,农产品加工,-0.16,15.06,4
2026-06-09,000056,*ST皇庭,0,-7.0789,-3.9683,-5.2083,1.8706,801183.SI,房地产服务,-1.24,1.82,5
2026-06-10,600667,太极实业,97,3.098,2.0297,1.9897,-1.1083,801726.SI,工程咨询服务Ⅱ,-0.04,15.89,1
2026-06-10,603231,索宝蛋白,67,1.2411,0.5228,0.1328,-1.1083,801012.SI,农产品加工,-0.39,15.08,2
2026-06-10,603257,中国瑞林,54,0.7017,-0.3666,-0.4066,-1.1083,801726.SI,工程咨询服务Ⅱ,-0.04,66.13,3
2026-06-10,600985,淮北矿业,22,-2.4568,-0.3951,-3.5651,-1.1083,801951.SI,煤炭开采,-3.17,16.23,4
2026-06-10,000056,*ST皇庭,0,-3.8368,-4.3951,-4.9451,-1.1083,801183.SI,房地产服务,-0.55,1.73,5
2026-06-11,600667,太极实业,100,10.4947,9.3034,9.9434,-0.5513,801726.SI,工程咨询服务Ⅱ,0.64,17.47,1
2026-06-11,600985,淮北矿业,74,1.722,0.8107,1.1707,-0.5513,801951.SI,煤炭开采,0.36,16.42,2
2026-06-11,603231,索宝蛋白,56,0.1534,0.5221,-0.3979,-0.5513,801012.SI,农产品加工,-0.92,15.02,3
2026-06-11,603257,中国瑞林,36,-0.235,-1.4263,-0.7863,-0.5513,801726.SI,工程咨询服务Ⅱ,0.64,65.61,4
2026-06-11,000056,*ST皇庭,0,-4.651,-3.2523,-5.2023,-0.5513,801183.SI,房地产服务,-1.95,1.64,5
2026-06-12,000056,*ST皇庭,100,3.7153,2.978,4.878,1.1627,801183.SI,房地产服务,1.9,1.72,1
2026-06-12,603257,中国瑞林,100,2.8916,4.6643,4.0543,1.1627,801726.SI,工程咨询服务Ⅱ,-0.61,68.27,2
2026-06-12,603231,索宝蛋白,61,1.6336,-0.6837,2.7963,1.1627,801012.SI,农产品加工,3.48,15.44,3
2026-06-12,600985,淮北矿业,60,0.0553,1.158,1.218,1.1627,801951.SI,煤炭开采,0.06,16.62,4
2026-06-12,600667,太极实业,0,-7.3447,-5.572,-6.182,1.1627,801726.SI,工程咨询服务Ⅱ,-0.61,16.39,5
2026-06-15,000056,*ST皇庭,100,2.8381,4.8226,5.2326,2.3945,801183.SI,房地产服务,0.41,1.81,1
2026-06-15,600667,太极实业,100,3.0967,3.2012,5.4912,2.3945,801726.SI,工程咨询服务Ⅱ,2.29,17.29,2
2026-06-15,603257,中国瑞林,51,0.0224,0.1269,2.4169,2.3945,801726.SI,工程咨询服务Ⅱ,2.29,69.92,3
2026-06-15,600985,淮北矿业,35,-4.019,3.1255,-1.6245,2.3945,801951.SI,煤炭开采,-4.75,16.35,4
2026-06-15,603231,索宝蛋白,0,-5.5681,-3.9136,-3.1736,2.3945,801012.SI,农产品加工,0.74,14.95,5
2026-06-16,600667,太极实业,100,3.9701,3.0472,3.8172,-0.1529,801726.SI,工程咨询服务Ⅱ,0.77,17.95,1
2026-06-16,603231,索宝蛋白,35,-1.3856,-0.1185,-1.5385,-0.1529,801012.SI,农产品加工,-1.42,14.72,2
2026-06-16,603257,中国瑞林,33,-0.5193,-1.4422,-0.6722,-0.1529,801726.SI,工程咨询服务Ⅱ,0.77,69.45,3
2026-06-16,000056,*ST皇庭,7,-3.162,-1.3849,-3.3149,-0.1529,801183.SI,房地产服务,-1.93,1.75,4
2026-06-16,600985,淮北矿业,0,-4.8624,-3.0053,-5.0153,-0.1529,801951.SI,煤炭开采,-2.01,15.53,5
2026-06-17,600667,太极实业,100,4.7728,4.4682,5.7382,0.9654,801726.SI,工程咨询服务Ⅱ,1.27,18.98,1
2026-06-17,603257,中国瑞林,57,0.5465,0.2419,1.5119,0.9654,801726.SI,工程咨询服务Ⅱ,1.27,70.5,2
2026-06-17,600985,淮北矿业,48,-1.4805,1.5749,-0.5151,0.9654,801951.SI,煤炭开采,-2.09,15.45,3
2026-06-17,603231,索宝蛋白,13,-2.8676,-1.0022,-1.9022,0.9654,801012.SI,农产品加工,-0.9,14.44,4
2026-06-17,000056,*ST皇庭,0,-4.9654,-1.35,-4.0,0.9654,801183.SI,房地产服务,-2.65,1.68,5
2026-06-18,600667,太极实业,100,9.8034,8.5205,10.0105,0.2071,801726.SI,工程咨询服务Ⅱ,1.49,20.88,1
2026-06-18,603231,索宝蛋白,69,0.3469,1.914,0.554,0.2071,801012.SI,农产品加工,-1.36,14.52,2
2026-06-18,000056,*ST皇庭,52,-0.8023,1.2348,-0.5952,0.2071,801183.SI,房地产服务,-1.83,1.67,3
2026-06-18,603257,中国瑞林,35,-0.278,-1.5609,-0.0709,0.2071,801726.SI,工程咨询服务Ⅱ,1.49,70.45,4
2026-06-18,600985,淮北矿业,10,-3.2492,-0.8921,-3.0421,0.2071,801951.SI,煤炭开采,-2.15,14.98,5
2026-06-22,000056,*ST皇庭,100,2.4013,4.9004,4.7904,2.3891,801183.SI,房地产服务,-0.11,1.75,1
2026-06-22,600667,太极实业,100,5.4653,5.6744,7.8544,2.3891,801726.SI,工程咨询服务Ⅱ,2.18,22.52,2
2026-06-22,603231,索宝蛋白,68,-0.8051,3.244,1.584,2.3891,801012.SI,农产品加工,-1.66,14.75,3
2026-06-22,600985,淮北矿业,67,0.8819,1.081,3.271,2.3891,801951.SI,煤炭开采,2.19,15.47,4
2026-06-22,603257,中国瑞林,0,-4.4473,-4.2382,-2.0582,2.3891,801726.SI,工程咨询服务Ⅱ,2.18,69.0,5
2026-06-23,000056,*ST皇庭,100,7.9153,4.2129,5.1429,-2.7724,801183.SI,房地产服务,0.93,1.84,1
2026-06-23,603231,索宝蛋白,100,5.1453,3.2929,2.3729,-2.7724,801012.SI,农产品加工,-0.92,15.1,2
2026-06-23,600985,淮北矿业,97,3.1602,1.8978,0.3878,-2.7724,801951.SI,煤炭开采,-1.51,15.53,3
2026-06-23,603257,中国瑞林,92,2.7869,1.7945,0.0145,-2.7724,801726.SI,工程咨询服务Ⅱ,-1.78,69.01,4
2026-06-23,600667,太极实业,0,-4.51,-5.5024,-7.2824,-2.7724,801726.SI,工程咨询服务Ⅱ,-1.78,20.88,5
2026-06-24,000056,*ST皇庭,100,1.6935,5.9339,2.1739,0.4804,801183.SI,房地产服务,-3.76,1.88,1
2026-06-24,600667,太极实业,100,9.4813,8.9017,9.9617,0.4804,801726.SI,工程咨询服务Ⅱ,1.06,22.96,2
2026-06-24,603257,中国瑞林,84,2.1424,1.5628,2.6228,0.4804,801726.SI,工程咨询服务Ⅱ,1.06,70.82,3
2026-06-24,603231,索宝蛋白,33,-2.0698,0.4806,-1.5894,0.4804,801012.SI,农产品加工,-2.07,14.86,4
2026-06-24,600985,淮北矿业,6,-3.5712,-1.0708,-3.0908,0.4804,801951.SI,煤炭开采,-2.02,15.05,5
2026-06-25,000056,*ST皇庭,100,3.2277,4.6972,4.7872,1.5595,801183.SI,房地产服务,0.09,1.97,1
2026-06-25,600667,太极实业,100,8.4579,8.3074,10.0174,1.5595,801726.SI,工程咨询服务Ⅱ,1.71,25.26,2
2026-06-25,603257,中国瑞林,82,1.8717,1.7212,3.4312,1.5595,801726.SI,工程咨询服务Ⅱ,1.71,73.25,3
2026-06-25,600985,淮北矿业,57,-1.0944,2.1951,0.4651,1.5595,801951.SI,煤炭开采,-1.73,15.12,4
2026-06-25,603231,索宝蛋白,56,-1.2903,2.3392,0.2692,1.5595,801012.SI,农产品加工,-2.07,14.9,5
2026-06-26,000056,*ST皇庭,100,8.1016,6.9961,5.0761,-3.0255,801183.SI,房地产服务,-1.92,2.07,1
2026-06-26,600667,太极实业,100,9.2013,5.4058,6.1758,-3.0255,801726.SI,工程咨询服务Ⅱ,0.77,26.82,2
2026-06-26,603231,索宝蛋白,98,3.0255,2.24,0.0,-3.0255,801012.SI,农产品加工,-2.24,14.9,3
2026-06-26,600985,淮北矿业,32,-0.6782,-1.4237,-3.7037,-3.0255,801951.SI,煤炭开采,-2.28,14.56,4
2026-06-26,603257,中国瑞林,21,0.0494,-3.7461,-2.9761,-3.0255,801726.SI,工程咨询服务Ⅱ,0.77,71.07,5
2026-06-29,000056,*ST皇庭,100,3.6251,4.8609,4.8309,1.2058,801183.SI,房地产服务,-0.03,2.17,1
2026-06-29,600667,太极实业,100,6.6987,5.5845,7.9045,1.2058,801726.SI,工程咨询服务Ⅱ,2.32,28.94,2
2026-06-29,603257,中国瑞林,100,4.2395,3.1253,5.4453,1.2058,801726.SI,工程咨询服务Ⅱ,2.32,74.94,3
2026-06-29,600985,淮北矿业,58,0.5799,0.3257,1.7857,1.2058,801951.SI,煤炭开采,1.46,14.82,4
2026-06-29,603231,索宝蛋白,32,-0.8031,-1.2873,0.4027,1.2058,801012.SI,农产品加工,1.69,14.96,5
2026-06-30,000056,*ST皇庭,100,4.0033,5.5191,5.0691,1.0658,801183.SI,房地产服务,-0.45,2.28,1
2026-06-30,603257,中国瑞林,100,3.0041,3.5699,4.0699,1.0658,801726.SI,工程咨询服务Ⅱ,0.5,77.99,2
2026-06-30,600667,太极实业,50,-0.2365,0.3293,0.8293,1.0658,801726.SI,工程咨询服务Ⅱ,0.5,29.18,3
2026-06-30,603231,索宝蛋白,13,-2.1353,-1.9595,-1.0695,1.0658,801012.SI,农产品加工,0.89,14.8,4
2026-06-30,600985,淮北矿业,0,-6.2615,-2.5957,-5.1957,1.0658,801951.SI,煤炭开采,-2.6,14.05,5
2026-07-01,600667,太极实业,100,10.4177,5.3669,10.0069,-0.4108,801726.SI,工程咨询服务Ⅱ,4.64,32.1,1
2026-07-01,600985,淮北矿业,100,4.3966,1.5658,3.9858,-0.4108,801951.SI,煤炭开采,2.42,14.61,2
2026-07-01,603257,中国瑞林,86,4.2703,-0.7805,3.8595,-0.4108,801726.SI,工程咨询服务Ⅱ,4.64,81.0,3
2026-07-01,603231,索宝蛋白,53,1.9649,-2.0559,1.5541,-0.4108,801012.SI,农产品加工,3.61,15.03,4
2026-07-01,000056,*ST皇庭,0,-1.3436,-4.9044,-1.7544,-0.4108,801183.SI,房地产服务,3.15,2.24,5
2026-07-02,603231,索宝蛋白,100,6.1515,4.1736,3.1936,-2.9579,801012.SI,农产品加工,-0.98,15.51,1
2026-07-02,603257,中国瑞林,100,6.9085,7.9306,3.9506,-2.9579,801726.SI,工程咨询服务Ⅱ,-3.98,84.2,2
2026-07-02,000056,*ST皇庭,39,0.2793,-1.7786,-2.6786,-2.9579,801183.SI,房地产服务,-0.9,2.18,3
2026-07-02,600985,淮北矿业,15,0.1516,-4.5663,-2.8063,-2.9579,801951.SI,煤炭开采,1.76,14.2,4
2026-07-02,600667,太极实业,0,-7.0421,-6.02,-10.0,-2.9579,801726.SI,工程咨询服务Ⅱ,-3.98,28.89,5
2026-07-03,600667,太极实业,96,3.0828,1.8537,3.7037,0.6209,801726.SI,工程咨询服务Ⅱ,1.85,29.96,1
2026-07-03,000056,*ST皇庭,82,2.1314,1.3623,2.7523,0.6209,801183.SI,房地产服务,1.39,2.24,2
2026-07-03,603231,索宝蛋白,70,1.1844,1.0553,1.8053,0.6209,801012.SI,农产品加工,0.75,15.79,3
2026-07-03,600985,淮北矿业,46,-0.1279,-0.347,0.493,0.6209,801951.SI,煤炭开采,0.84,14.27,4
2026-07-03,603257,中国瑞林,25,-0.8584,-2.0875,-0.2375,0.6209,801726.SI,工程咨询服务Ⅱ,1.85,84.0,5
2026-07-06,000056,*ST皇庭,100,4.0215,4.5979,4.0179,-0.0036,801183.SI,房地产服务,-0.58,2.33,1
2026-07-06,600985,淮北矿业,56,2.2461,-2.0275,2.2425,-0.0036,801951.SI,煤炭开采,4.27,14.59,2
2026-07-06,603231,索宝蛋白,29,-1.1364,-1.18,-1.14,-0.0036,801012.SI,农产品加工,0.04,15.61,3
2026-07-06,600667,太极实业,0,-8.5077,-4.8613,-8.5113,-0.0036,801726.SI,工程咨询服务Ⅱ,-3.65,27.41,4
2026-07-06,603257,中国瑞林,0,-4.5559,-0.9095,-4.5595,-0.0036,801726.SI,工程咨询服务Ⅱ,-3.65,80.17,5
2026-07-07,603231,索宝蛋白,58,-0.1259,1.0969,-1.1531,-1.0272,801012.SI,农产品加工,-2.25,15.43,1
2026-07-07,600985,淮北矿业,38,-1.0975,-0.0747,-2.1247,-1.0272,801951.SI,煤炭开采,-2.05,14.28,2
2026-07-07,000056,*ST皇庭,29,-2.4063,0.4165,-3.4335,-1.0272,801183.SI,房地产服务,-3.85,2.25,3
2026-07-07,600667,太极实业,18,-2.9495,-0.2867,-3.9767,-1.0272,801726.SI,工程咨询服务Ⅱ,-3.69,26.32,4
2026-07-07,603257,中国瑞林,0,-8.9765,-6.3137,-10.0037,-1.0272,801726.SI,工程咨询服务Ⅱ,-3.69,72.15,5
2026-07-08,600985,淮北矿业,83,2.7272,0.6608,1.9608,-0.7664,801951.SI,煤炭开采,1.3,14.56,1
2026-07-08,603231,索宝蛋白,66,0.9608,0.8544,0.1944,-0.7664,801012.SI,农产品加工,-0.66,15.46,2
2026-07-08,000056,*ST皇庭,10,-1.9003,-2.5967,-2.6667,-0.7664,801183.SI,房地产服务,-0.07,2.19,3
2026-07-08,600667,太极实业,0,-8.5041,-5.9105,-9.2705,-0.7664,801726.SI,工程咨询服务Ⅱ,-3.36,23.88,4
2026-07-08,603257,中国瑞林,0,-5.6231,-3.0295,-6.3895,-0.7664,801726.SI,工程咨询服务Ⅱ,-3.36,67.54,5
2026-07-09,600667,太极实业,100,7.4686,6.6084,10.0084,2.5398,801726.SI,工程咨询服务Ⅱ,3.4,26.27,1
2026-07-09,603257,中国瑞林,58,0.8064,-0.0538,3.3462,2.5398,801726.SI,工程咨询服务Ⅱ,3.4,69.8,2
2026-07-09,000056,*ST皇庭,41,-1.6266,0.9232,0.9132,2.5398,801183.SI,房地产服务,-0.01,2.21,3
2026-07-09,600985,淮北矿业,0,-5.081,-0.6212,-2.5412,2.5398,801951.SI,煤炭开采,-1.92,14.19,4
2026-07-09,603231,索宝蛋白,0,-5.3859,-1.9661,-2.8461,2.5398,801012.SI,农产品加工,-0.88,15.02,5
2026-07-10,603257,中国瑞林,100,6.0134,3.8944,4.0544,-1.959,801726.SI,工程咨询服务Ⅱ,0.16,72.63,1
2026-07-10,603231,索宝蛋白,72,3.224,-1.275,1.265,-1.959,801012.SI,农产品加工,2.54,15.21,2
2026-07-10,600985,淮北矿业,43,0.4086,-1.4304,-1.5504,-1.959,801951.SI,煤炭开采,-0.12,13.97,3
2026-07-10,000056,*ST皇庭,0,-3.0184,-7.2274,-4.9774,-1.959,801183.SI,房地产服务,2.25,2.1,4
2026-07-10,600667,太极实业,0,-1.8857,-4.0047,-3.8447,-1.959,801726.SI,工程咨询服务Ⅱ,0.16,25.26,5
2026-07-13,000056,*ST皇庭,91,1.7864,2.91,0.0,-1.7864,801183.SI,房地产服务,-2.91,2.1,1
2026-07-13,603257,中国瑞林,69,-0.4579,2.9357,-2.2443,-1.7864,801726.SI,工程咨询服务Ⅱ,-5.18,71.0,2
2026-07-13,600985,淮北矿业,39,0.5695,-2.1169,-1.2169,-1.7864,801951.SI,煤炭开采,0.9,13.8,3
2026-07-13,603231,索宝蛋白,31,-0.7777,-1.3541,-2.5641,-1.7864,801012.SI,农产品加工,-1.21,14.82,4
2026-07-13,600667,太极实业,0,-8.2294,-4.8358,-10.0158,-1.7864,801726.SI,工程咨询服务Ⅱ,-5.18,22.73,5
2026-07-14,600985,淮北矿业,100,5.0203,3.4739,7.1739,2.1536,801951.SI,煤炭开采,3.7,14.79,1
2026-07-14,603231,索宝蛋白,61,0.2755,1.0091,2.4291,2.1536,801012.SI,农产品加工,1.42,15.18,2
2026-07-14,000056,*ST皇庭,48,-0.2488,0.0148,1.9048,2.1536,801183.SI,房地产服务,1.89,2.14,3
2026-07-14,603257,中国瑞林,16,-2.3085,-1.3149,-0.1549,2.1536,801726.SI,工程咨询服务Ⅱ,1.16,70.89,4
2026-07-14,600667,太极实业,11,-2.5935,-1.5999,-0.4399,2.1536,801726.SI,工程咨询服务Ⅱ,1.16,22.63,5
2026-07-15,600985,淮北矿业,72,1.9605,0.3479,1.7579,-0.2026,801951.SI,煤炭开采,1.41,15.05,1
2026-07-15,603231,索宝蛋白,62,1.3884,-0.2842,1.1858,-0.2026,801012.SI,农产品加工,1.47,15.36,2
2026-07-15,603257,中国瑞林,28,-2.0403,-0.2329,-2.2429,-0.2026,801726.SI,工程咨询服务Ⅱ,-2.01,69.3,3
2026-07-15,000056,*ST皇庭,11,-1.1993,-3.3919,-1.4019,-0.2026,801183.SI,房地产服务,1.99,2.11,4
2026-07-15,600667,太极实业,0,-7.8398,-6.0324,-8.0424,-0.2026,801726.SI,工程咨询服务Ⅱ,-2.01,20.81,5
2026-07-16,603231,索宝蛋白,82,2.3665,1.0308,0.5208,-1.8457,801012.SI,农产品加工,-0.51,15.44,1
2026-07-16,600985,淮北矿业,71,0.9155,1.4598,-0.9302,-1.8457,801951.SI,煤炭开采,-2.39,14.91,2
2026-07-16,603257,中国瑞林,71,0.8212,1.5455,-1.0245,-1.8457,801726.SI,工程咨询服务Ⅱ,-2.57,68.59,3
2026-07-16,000056,*ST皇庭,0,-5.7372,-8.9029,-7.5829,-1.8457,801183.SI,房地产服务,1.32,1.95,4
2026-07-16,600667,太极实业,0,-8.1495,-7.4252,-9.9952,-1.8457,801726.SI,工程咨询服务Ⅱ,-2.57,18.73,5
2026-07-17,603231,索宝蛋白,20,-1.3828,-2.017,-4.987,-3.6042,801012.SI,农产品加工,-2.97,14.67,1
2026-07-17,603257,中国瑞林,11,-3.1898,-0.944,-6.794,-3.6042,801726.SI,工程咨询服务Ⅱ,-5.85,63.93,2
2026-07-17,600985,淮北矿业,4,-1.1577,-4.2719,-4.7619,-3.6042,801951.SI,煤炭开采,-0.49,14.2,3
2026-07-17,000056,*ST皇庭,0,-5.1137,-4.3279,-8.7179,-3.6042,801183.SI,房地产服务,-4.39,1.78,4
2026-07-17,600667,太极实业,0,-6.3798,-4.134,-9.984,-3.6042,801726.SI,工程咨询服务Ⅱ,-5.85,16.86,5
2026-07-20,600985,淮北矿业,100,8.4715,4.39,10.0,1.5285,801951.SI,煤炭开采,5.61,15.62,1
2026-07-20,603257,中国瑞林,100,0.1296,6.6681,1.6581,1.5285,801726.SI,工程咨询服务Ⅱ,-5.01,64.99,2
2026-07-20,000056,*ST皇庭,0,-6.5847,-4.5262,-5.0562,1.5285,801183.SI,房地产服务,-0.53,1.69,3
2026-07-20,600667,太极实业,0,-11.5522,-5.0137,-10.0237,1.5285,801726.SI,工程咨询服务Ⅱ,-5.01,15.17,4
2026-07-20,603231,索宝蛋白,0,-4.9368,-4.3283,-3.4083,1.5285,801012.SI,农产品加工,0.92,14.17,5
2026-07-21,600667,太极实业,100,6.9555,7.4198,10.0198,3.0643,801726.SI,工程咨询服务Ⅱ,2.6,16.69,1
2026-07-21,000056,*ST皇庭,59,-1.2892,2.6751,1.7751,3.0643,801183.SI,房地产服务,-0.9,1.72,2
2026-07-21,603257,中国瑞林,47,-0.3716,0.0927,2.6927,3.0643,801726.SI,工程咨询服务Ⅱ,2.6,66.74,3
2026-07-21,600985,淮北矿业,0,-7.8018,-2.4375,-4.7375,3.0643,801951.SI,煤炭开采,-2.3,14.88,4
2026-07-21,603231,索宝蛋白,0,-4.758,-1.1637,-1.6937,3.0643,801012.SI,农产品加工,-0.53,13.93,5
2026-07-22,600985,淮北矿业,97,3.8913,0.9974,3.4274,-0.4639,801951.SI,煤炭开采,2.43,15.39,1
2026-07-22,000056,*ST皇庭,92,2.7895,1.8156,2.3256,-0.4639,801183.SI,房地产服务,0.51,1.76,2
2026-07-22,600667,太极实业,65,0.4639,1.34,0.0,-0.4639,801726.SI,工程咨询服务Ⅱ,-1.34,16.69,3
2026-07-22,603231,索宝蛋白,38,-0.3976,-0.9715,-0.8615,-0.4639,801012.SI,农产品加工,0.11,13.81,4
2026-07-22,603257,中国瑞林,32,-1.409,-0.5329,-1.8729,-0.4639,801726.SI,工程咨询服务Ⅱ,-1.34,65.49,5
2026-07-23,000056,*ST皇庭,100,7.1584,4.7864,7.3864,0.228,801183.SI,房地产服务,2.6,1.89,1
2026-07-23,603231,索宝蛋白,68,1.6547,0.2027,1.8827,0.228,801012.SI,农产品加工,1.68,14.07,2
2026-07-23,603257,中国瑞林,56,0.5355,0.0635,0.7635,0.228,801726.SI,工程咨询服务Ⅱ,0.7,65.99,3
2026-07-23,600985,淮北矿业,28,-0.9427,-1.6247,-0.7147,0.228,801951.SI,煤炭开采,0.91,15.28,4
2026-07-23,600667,太极实业,0,-2.9841,-3.4561,-2.7561,0.228,801726.SI,工程咨询服务Ⅱ,0.7,16.23,5
2026-07-24,600667,太极实业,83,2.0366,1.5797,0.3697,-1.6669,801726.SI,工程咨询服务Ⅱ,-1.21,16.29,1
2026-07-24,000056,*ST皇庭,81,1.1378,2.4209,-0.5291,-1.6669,801183.SI,房地产服务,-2.95,1.88,2
2026-07-24,603231,索宝蛋白,46,-0.5364,0.1867,-2.2033,-1.6669,801012.SI,农产品加工,-2.39,13.76,3
2026-07-24,600985,淮北矿业,16,-2.5216,-1.0685,-4.1885,-1.6669,801951.SI,煤炭开采,-3.12,14.64,4
2026-07-24,603257,中国瑞林,0,-3.7733,-4.2302,-5.4402,-1.6669,801726.SI,工程咨询服务Ⅱ,-1.21,62.4,5
2026-07-27,600667,太极实业,100,8.8611,4.9461,10.0061,1.145,801726.SI,工程咨询服务Ⅱ,5.06,17.92,1
2026-07-27,600985,淮北矿业,79,0.9725,2.3675,2.1175,1.145,801951.SI,煤炭开采,-0.25,14.95,2
2026-07-27,603231,索宝蛋白,75,1.9073,0.7923,3.0523,1.145,801012.SI,农产品加工,2.26,14.18,3
2026-07-27,000056,*ST皇庭,21,-0.6131,-2.9181,0.5319,1.145,801183.SI,房地产服务,3.45,1.89,4
2026-07-27,603257,中国瑞林,0,-1.754,-5.669,-0.609,1.145,801726.SI,工程咨询服务Ⅱ,5.06,62.02,5
2026-07-28,600667,太极实业,100,5.3375,0.1012,2.5112,-2.8263,801726.SI,工程咨询服务Ⅱ,2.41,18.37,1
2026-07-28,603257,中国瑞林,100,6.0349,0.7986,3.2086,-2.8263,801726.SI,工程咨询服务Ⅱ,2.41,64.01,2
2026-07-28,603231,索宝蛋白,92,4.0252,0.1889,1.1989,-2.8263,801012.SI,农产品加工,1.01,14.35,3
2026-07-28,000056,*ST皇庭,72,2.8263,-0.82,0.0,-2.8263,801183.SI,房地产服务,0.82,1.89,4
2026-07-28,600985,淮北矿业,32,0.0169,-2.2994,-2.8094,-2.8263,801951.SI,煤炭开采,-0.51,14.53,5
2026-07-29,600985,淮北矿业,100,4.902,4.2147,5.5747,0.6727,801951.SI,煤炭开采,1.36,15.34,1
2026-07-29,603231,索宝蛋白,62,1.2088,0.0315,1.8815,0.6727,801012.SI,农产品加工,1.85,14.62,2
2026-07-29,000056,*ST皇庭,38,-0.1436,-1.3109,0.5291,0.6727,801183.SI,房地产服务,1.84,1.9,3
2026-07-29,603257,中国瑞林,9,-2.9848,-1.3421,-2.3121,0.6727,801726.SI,工程咨询服务Ⅱ,-0.97,62.53,4
2026-07-29,600667,太极实业,0,-5.953,-4.3103,-5.2803,0.6727,801726.SI,工程咨询服务Ⅱ,-0.97,17.4,5
2026-07-30,603231,索宝蛋白,75,1.7827,0.924,0.684,-1.0987,801012.SI,农产品加工,-0.24,14.72,1
2026-07-30,600985,淮北矿业,64,1.4898,-0.0789,0.3911,-1.0987,801951.SI,煤炭开采,0.47,15.4,2
2026-07-30,603257,中国瑞林,29,-1.9079,-0.2066,-3.0066,-1.0987,801726.SI,工程咨询服务Ⅱ,-2.8,60.65,3
2026-07-30,000056,*ST皇庭,1,-2.5855,-2.8942,-3.6842,-1.0987,801183.SI,房地产服务,-0.79,1.83,4
2026-07-30,600667,太极实业,0,-8.9013,-7.2,-10.0,-1.0987,801726.SI,工程咨询服务Ⅱ,-2.8,15.66,5
2026-07-31,000056,*ST皇庭,100,3.5259,3.1316,4.3716,0.8457,801183.SI,房地产服务,1.24,1.91,1
2026-07-31,600667,太极实业,100,9.1798,5.0155,10.0255,0.8457,801726.SI,工程咨询服务Ⅱ,5.01,17.23,2
2026-07-31,603257,中国瑞林,51,1.8913,-2.273,2.737,0.8457,801726.SI,工程咨询服务Ⅱ,5.01,62.31,3
2026-07-31,603231,索宝蛋白,34,-0.574,-1.2283,0.2717,0.8457,801012.SI,农产品加工,1.5,14.76,4
2026-07-31,600985,淮北矿业,7,-2.7288,-1.9831,-1.8831,0.8457,801951.SI,煤炭开采,0.1,15.11,5
2026-08-03,603231,索宝蛋白,83,2.7427,0.7515,1.7615,-0.9812,801012.SI,农产品加工,1.01,15.02,1
2026-08-03,603257,中国瑞林,74,1.6071,1.0259,0.6259,-0.9812,801726.SI,工程咨询服务Ⅱ,-0.4,62.7,2
2026-08-03,000056,*ST皇庭,57,1.5048,-1.0464,0.5236,-0.9812,801183.SI,房地产服务,1.57,1.92,3
2026-08-03,600985,淮北矿业,23,-2.1955,-0.6167,-3.1767,-0.9812,801951.SI,煤炭开采,-2.56,14.63,4
2026-08-03,600667,太极实业,0,-4.5324,-5.1136,-5.5136,-0.9812,801726.SI,工程咨询服务Ⅱ,-0.4,16.28,5
2026-08-04,600667,太极实业,100,4.0728,2.654,5.344,1.2712,801726.SI,工程咨询服务Ⅱ,2.69,17.15,1
2026-08-04,603257,中国瑞林,75,2.0462,0.6274,3.3174,1.2712,801726.SI,工程咨询服务Ⅱ,2.69,64.78,2
2026-08-04,600985,淮北矿业,62,-0.1776,1.7036,1.0936,1.2712,801951.SI,煤炭开采,-0.61,14.79,3
2026-08-04,603231,索宝蛋白,36,-1.138,-0.2668,0.1332,1.2712,801012.SI,农产品加工,0.4,15.04,4
2026-08-04,000056,*ST皇庭,23,-2.3129,-0.4217,-1.0417,1.2712,801183.SI,房地产服务,-0.62,1.9,5
2026-08-05,000056,*ST皇庭,100,8.7562,9.34,10.0,1.2438,801183.SI,房地产服务,0.66,2.09,1
2026-08-05,600667,太极实业,100,6.3364,4.6702,7.5802,1.2438,801726.SI,工程咨询服务Ⅱ,2.91,18.45,2
2026-08-05,600985,淮北矿业,62,0.1761,1.2599,1.4199,1.2438,801951.SI,煤炭开采,0.16,15.0,3
2026-08-05,603257,中国瑞林,45,0.4851,-1.1811,1.7289,1.2438,801726.SI,工程咨询服务Ⅱ,2.91,65.9,4
2026-08-05,603231,索宝蛋白,33,-1.1773,-0.6535,0.0665,1.2438,801012.SI,农产品加工,0.72,15.05,5
2026-08-06,600667,太极实业,100,4.0493,2.2524,3.9024,-0.1469,801726.SI,工程咨询服务Ⅱ,1.65,19.17,1
2026-08-06,600985,淮北矿业,100,10.1469,5.44,10.0,-0.1469,801951.SI,煤炭开采,4.56,16.5,2
2026-08-06,603231,索宝蛋白,70,1.6751,0.4682,1.5282,-0.1469,801012.SI,农产品加工,1.06,15.28,3
2026-08-06,603257,中国瑞林,55,1.0574,-0.7395,0.9105,-0.1469,801726.SI,工程咨询服务Ⅱ,1.65,66.5,4
2026-08-06,000056,*ST皇庭,26,-1.2885,-1.4454,-1.4354,-0.1469,801183.SI,房地产服务,0.01,2.06,5
2026-08-07,000056,*ST皇庭,100,2.9563,4.5335,3.8835,0.9272,801183.SI,房地产服务,-0.65,2.14,1
2026-08-07,600667,太极实业,71,0.9507,1.4079,1.8779,0.9272,801726.SI,工程咨询服务Ⅱ,0.47,19.53,2
2026-08-07,603257,中国瑞林,58,0.2307,0.6879,1.1579,0.9272,801726.SI,工程咨询服务Ⅱ,0.47,67.27,3
2026-08-07,603231,索宝蛋白,51,-0.3382,0.509,0.589,0.9272,801012.SI,农产品加工,0.08,15.37,4
2026-08-07,600985,淮北矿业,45,-0.806,0.3412,0.1212,0.9272,801951.SI,煤炭开采,-0.22,16.52,5
2026-08-10,600985,淮北矿业,67,1.8965,-0.2919,2.0581,0.1616,801951.SI,煤炭开采,2.35,16.86,1
2026-08-10,603231,索宝蛋白,62,1.7252,-0.6132,1.8868,0.1616,801012.SI,农产品加工,2.5,15.66,2
2026-08-10,603257,中国瑞林,38,-0.3846,-1.073,-0.223,0.1616,801726.SI,工程咨询服务Ⅱ,0.85,67.12,3
2026-08-10,600667,太极实业,18,-1.4929,-2.1813,-1.3313,0.1616,801726.SI,工程咨询服务Ⅱ,0.85,19.27,4
2026-08-10,000056,*ST皇庭,0,-8.1055,-9.6839,-7.9439,0.1616,801183.SI,房地产服务,1.74,1.97,5
2026-08-11,600667,太极实业,100,10.8288,7.6556,10.0156,-0.8132,801726.SI,工程咨询服务Ⅱ,2.36,21.2,1
2026-08-11,603231,索宝蛋白,71,0.7493,1.6961,-0.0639,-0.8132,801012.SI,农产品加工,-1.76,15.65,2
2026-08-11,600985,淮北矿业,57,0.6353,0.0721,-0.1779,-0.8132,801951.SI,煤炭开采,-0.25,16.83,3
2026-08-11,000056,*ST皇庭,17,-1.7249,-1.9481,-2.5381,-0.8132,801183.SI,房地产服务,-0.59,1.92,4
2026-08-11,603257,中国瑞林,0,-2.3453,-5.5185,-3.1585,-0.8132,801726.SI,工程咨询服务Ⅱ,2.36,65.0,5
2026-08-12,600667,太极实业,100,6.5409,4.6726,7.1226,0.5817,801726.SI,工程咨询服务Ⅱ,2.45,22.71,1
2026-08-12,603231,索宝蛋白,77,1.2713,1.783,1.853,0.5817,801012.SI,农产品加工,0.07,15.94,2
2026-08-12,603257,中国瑞林,51,0.8798,-0.9885,1.4615,0.5817,801726.SI,工程咨询服务Ⅱ,2.45,65.95,3
2026-08-12,000056,*ST皇庭,18,-0.5817,-3.31,0.0,0.5817,801183.SI,房地产服务,3.31,1.92,4
2026-08-12,600985,淮北矿业,0,-4.6815,-2.5298,-4.0998,0.5817,801951.SI,煤炭开采,-1.57,16.14,5
2026-08-13,600667,太极实业,100,5.2864,4.6216,4.7116,-0.5748,801726.SI,工程咨询服务Ⅱ,0.09,23.78,1
2026-08-13,600985,淮北矿业,75,1.3183,1.4835,0.7435,-0.5748,801951.SI,煤炭开采,-0.74,16.26,2
2026-08-13,000056,*ST皇庭,53,-0.9877,1.5975,-1.5625,-0.5748,801183.SI,房地产服务,-3.16,1.89,3
2026-08-13,603231,索宝蛋白,53,-0.3035,0.8017,-0.8783,-0.5748,801012.SI,农产品加工,-1.68,15.8,4
2026-08-13,603257,中国瑞林,0,-3.3827,-4.0475,-3.9575,-0.5748,801726.SI,工程咨询服务Ⅱ,0.09,63.34,5
2026-08-14,000056,*ST皇庭,100,3.6623,5.1537,3.7037,0.0414,801183.SI,房地产服务,-1.45,1.96,1
2026-08-14,600985,淮北矿业,100,6.6007,5.0221,6.6421,0.0414,801951.SI,煤炭开采,1.62,17.34,2
2026-08-14,603257,中国瑞林,86,1.4742,2.6456,1.5156,0.0414,801726.SI,工程咨询服务Ⅱ,-1.13,64.3,3
2026-08-14,603231,索宝蛋白,68,0.8447,1.1461,0.8861,0.0414,801012.SI,农产品加工,-0.26,15.94,4
2026-08-14,600667,太极实业,0,-3.5317,-2.3603,-3.4903,0.0414,801726.SI,工程咨询服务Ⅱ,-1.13,22.95,5
2026-08-17,600667,太极实业,88,2.353,1.8051,3.9651,1.6121,801726.SI,工程咨询服务Ⅱ,2.16,23.86,1
2026-08-17,000056,*ST皇庭,52,-0.0815,0.4106,1.5306,1.6121,801183.SI,房地产服务,1.12,1.99,2
2026-08-17,603231,索宝蛋白,33,-0.4201,-1.558,1.192,1.6121,801012.SI,农产品加工,2.75,16.13,3
2026-08-17,603257,中国瑞林,25,-1.1455,-1.6934,0.4666,1.6121,801726.SI,工程咨询服务Ⅱ,2.16,64.6,4
2026-08-17,600985,淮北矿业,0,-4.2649,-2.3728,-2.6528,1.6121,801951.SI,煤炭开采,-0.28,16.88,5
2026-08-18,600985,淮北矿业,70,1.8034,0.211,1.481,-0.3224,801951.SI,煤炭开采,1.27,17.13,1
2026-08-18,603257,中国瑞林,52,-0.1575,0.5001,-0.4799,-0.3224,801726.SI,工程咨询服务Ⅱ,-0.98,64.29,2
2026-08-18,603231,索宝蛋白,24,0.6324,-3.98,0.31,-0.3224,801012.SI,农产品加工,4.29,16.18,3
2026-08-18,000056,*ST皇庭,22,-1.6877,-1.4101,-2.0101,-0.3224,801183.SI,房地产服务,-0.6,1.95,4
2026-08-18,600667,太极实业,0,-3.282,-2.6244,-3.6044,-0.3224,801726.SI,工程咨询服务Ⅱ,-0.98,23.0,5
2026-08-19,600985,淮北矿业,78,2.9599,-0.2616,0.0584,-2.9015,801951.SI,煤炭开采,0.32,17.14,1
2026-08-19,603257,中国瑞林,67,0.0395,2.118,-2.862,-2.9015,801726.SI,工程咨询服务Ⅱ,-4.98,62.45,2
2026-08-19,603231,索宝蛋白,61,1.2328,-0.1287,-1.6687,-2.9015,801012.SI,农产品加工,-1.54,15.91,3
2026-08-19,000056,*ST皇庭,50,1.8759,-2.3656,-1.0256,-2.9015,801183.SI,房地产服务,1.34,1.93,4
2026-08-19,600667,太极实业,0,-5.2724,-3.1939,-8.1739,-2.9015,801726.SI,工程咨询服务Ⅱ,-4.98,21.12,5
2026-08-20,600985,淮北矿业,97,2.5954,2.6538,2.6838,0.0884,801951.SI,煤炭开采,0.03,17.6,1
2026-08-20,000056,*ST皇庭,54,0.4297,0.0081,0.5181,0.0884,801183.SI,房地产服务,0.51,1.94,2
2026-08-20,603231,索宝蛋白,53,1.1058,-1.0058,1.1942,0.0884,801012.SI,农产品加工,2.2,16.1,3
2026-08-20,600667,太极实业,48,0.3377,-0.6439,0.4261,0.0884,801726.SI,工程咨询服务Ⅱ,1.07,21.21,4
2026-08-20,603257,中国瑞林,39,-0.1685,-1.1501,-0.0801,0.0884,801726.SI,工程咨询服务Ⅱ,1.07,62.4,5
2026-08-21,000056,*ST皇庭,100,3.0389,5.0182,3.6082,0.5693,801183.SI,房地产服务,-1.41,2.01,1
2026-08-21,603257,中国瑞林,90,1.9788,2.4881,2.5481,0.5693,801726.SI,工程咨询服务Ⅱ,0.06,63.99,2
2026-08-21,600985,淮北矿业,83,1.8739,1.8032,2.4432,0.5693,801951.SI,煤炭开采,0.64,18.03,3
2026-08-21,603231,索宝蛋白,72,-0.6314,3.4879,-0.0621,0.5693,801012.SI,农产品加工,-3.55,16.09,4
2026-08-21,600667,太极实业,63,0.5151,1.0244,1.0844,0.5693,801726.SI,工程咨询服务Ⅱ,0.06,21.44,5
2026-08-24,000056,*ST皇庭,97,2.6999,2.5525,1.4925,-1.2074,801183.SI,房地产服务,-1.06,2.04,1
2026-08-24,603257,中国瑞林,72,0.7542,1.7868,-0.4532,-1.2074,801726.SI,工程咨询服务Ⅱ,-2.24,63.7,2
2026-08-24,603231,索宝蛋白,56,1.0209,-0.4665,-0.1865,-1.2074,801012.SI,农产品加工,0.28,16.06,3
2026-08-24,600985,淮北矿业,41,0.9855,-2.3919,-0.2219,-1.2074,801951.SI,煤炭开采,2.17,17.99,4
2026-08-24,600667,太极实业,0,-4.1098,-3.0772,-5.3172,-1.2074,801726.SI,工程咨询服务Ⅱ,-2.24,20.3,5
2026-08-25,603231,索宝蛋白,68,2.2979,-0.5652,2.0548,-0.2431,801012.SI,农产品加工,2.62,16.39,1
2026-08-25,603257,中国瑞林,59,1.0437,-0.2294,0.8006,-0.2431,801726.SI,工程咨询服务Ⅱ,1.03,64.21,2
2026-08-25,000056,*ST皇庭,44,1.7137,-2.8994,1.4706,-0.2431,801183.SI,房地产服务,4.37,2.07,3
2026-08-25,600667,太极实业,12,-1.5303,-2.8034,-1.7734,-0.2431,801726.SI,工程咨询服务Ⅱ,1.03,19.94,4
2026-08-25,600985,淮北矿业,8,-2.3139,-2.317,-2.557,-0.2431,801951.SI,煤炭开采,-0.24,17.53,5
2026-08-26,603257,中国瑞林,100,3.1354,4.3569,3.9869,0.8515,801726.SI,工程咨询服务Ⅱ,-0.37,66.77,1
2026-08-26,600985,淮北矿业,54,-0.0529,0.5586,0.7986,0.8515,801951.SI,煤炭开采,0.24,17.67,2
2026-08-26,603231,索宝蛋白,34,-0.9125,-0.881,-0.061,0.8515,801012.SI,农产品加工,0.82,16.38,3
2026-08-26,000056,*ST皇庭,21,-1.8177,-1.3462,-0.9662,0.8515,801183.SI,房地产服务,0.38,2.05,4
2026-08-26,600667,太极实业,16,-2.4062,-1.1847,-1.5547,0.8515,801726.SI,工程咨询服务Ⅱ,-0.37,19.63,5
2026-08-27,600667,太极实业,85,1.738,2.2281,2.5981,0.8601,801726.SI,工程咨询服务Ⅱ,0.37,20.14,1
2026-08-27,600985,淮北矿业,69,1.7432,0.2333,2.6033,0.8601,801951.SI,煤炭开采,2.37,18.13,2
2026-08-27,000056,*ST皇庭,49,-0.3723,0.3978,0.4878,0.8601,801183.SI,房地产服务,0.09,2.06,3
2026-08-27,603257,中国瑞林,41,-0.6954,-0.2053,0.1647,0.8601,801726.SI,工程咨询服务Ⅱ,0.37,66.88,4
2026-08-27,603231,索宝蛋白,16,-1.0433,-3.0032,-0.1832,0.8601,801012.SI,农产品加工,2.82,16.35,5
2026-08-28,603257,中国瑞林,60,0.6351,0.4294,0.1794,-0.4557,801726.SI,工程咨询服务Ⅱ,-0.25,67.0,1
2026-08-28,603231,索宝蛋白,50,1.3731,-1.7326,0.9174,-0.4557,801012.SI,农产品加工,2.65,16.5,2
2026-08-28,000056,*ST皇庭,42,1.4266,-2.7791,0.9709,-0.4557,801183.SI,房地产服务,3.75,2.08,3
2026-08-28,600985,淮北矿业,31,-0.7578,-1.4735,-1.2135,-0.4557,801951.SI,煤炭开采,0.26,17.91,4
2026-08-28,600667,太极实业,2,-2.5731,-2.7788,-3.0288,-0.4557,801726.SI,工程咨询服务Ⅱ,-0.25,19.53,5
2026-08-31,000056,*ST皇庭,100,3.9817,1.8769,4.3269,0.3452,801183.SI,房地产服务,2.45,2.17,1
2026-08-31,600985,淮北矿业,100,4.2891,2.3843,4.6343,0.3452,801951.SI,煤炭开采,2.25,18.74,2
2026-08-31,603231,索宝蛋白,79,0.7457,2.6609,1.0909,0.3452,801012.SI,农产品加工,-1.57,16.68,3
2026-08-31,600667,太极实业,28,-1.3181,-1.1429,-0.9729,0.3452,801726.SI,工程咨询服务Ⅱ,0.17,19.34,4
2026-08-31,603257,中国瑞林,28,-1.3153,-1.1401,-0.9701,0.3452,801726.SI,工程咨询服务Ⅱ,0.17,66.35,5
2026-09-01,000056,*ST皇庭,78,2.5992,0.3041,2.3041,-0.2951,801183.SI,房地产服务,2.0,2.22,1
2026-09-01,603231,索宝蛋白,47,1.1944,-1.8507,0.8993,-0.2951,801012.SI,农产品加工,2.75,16.83,2
2026-09-01,603257,中国瑞林,39,-0.6996,-0.4447,-0.9947,-0.2951,801726.SI,工程咨询服务Ⅱ,-0.55,65.69,3
2026-09-01,600667,太极实业,0,-3.9448,-3.6899,-4.2399,-0.2951,801726.SI,工程咨询服务Ⅱ,-0.55,18.52,4
2026-09-01,600985,淮北矿业,0,-6.3218,-4.2369,-6.6169,-0.2951,801951.SI,煤炭开采,-2.38,17.5,5
