date,track,action,symbol,name,price,shares,fee,cash_after
2026-01-09,1,BUY,002649,博彦科技,14.2,7000,29.82,570.18
2026-01-16,1,SELL,002649,博彦科技,14.4,7000,80.64,101289.54
2026-01-16,1,BUY,600131,国网信通,18.08,5600,30.3744,11.17
2026-01-23,1,SELL,600131,国网信通,19.08,5600,85.4784,106773.69
2026-01-23,1,BUY,601168,西部矿业,31.63,3300,31.3137,2363.37
2026-02-13,1,SELL,601168,西部矿业,31.82,3300,84.0048,107285.37
2026-02-13,1,BUY,002268,电科网安,20.34,5200,31.7304,1485.64
2026-02-27,1,SELL,002268,电科网安,20.09,5200,83.5744,105870.06
2026-02-27,1,BUY,601168,西部矿业,34.58,3000,31.122,2098.94
2026-03-06,1,SELL,601168,西部矿业,31.53,3000,75.672,96613.27
2026-03-06,1,BUY,600131,国网信通,21.41,4500,28.9035,239.37
2026-03-13,1,SELL,600131,国网信通,21.88,4500,78.768,98620.6
2026-03-13,1,BUY,600989,宝丰能源,34.22,2800,28.7448,2775.85
2026-03-20,1,SELL,600989,宝丰能源,31.43,2800,70.4032,90709.45
2026-03-20,1,BUY,603031,安孚科技,34.09,2600,26.5902,2048.86
2026-03-27,1,SELL,603031,安孚科技,33.06,2600,68.7648,87936.1
2026-03-27,1,BUY,000933,神火股份,29.71,2900,25.8477,1751.25
2026-04-03,1,SELL,000933,神火股份,29.94,2900,69.4608,88507.79
2026-04-03,1,BUY,603031,安孚科技,33.22,2600,25.9116,2109.88
2026-04-10,1,SELL,603031,安孚科技,35.34,2600,73.5072,93920.37
2026-04-10,1,BUY,600131,国网信通,18.45,5000,27.675,1642.69
2026-04-24,1,SELL,600131,国网信通,18.07,5000,72.28,91920.41
2026-04-24,1,BUY,600566,济川药业,24.94,3600,26.9352,2109.48
2026-04-30,1,SELL,600566,济川药业,25.86,3600,74.4768,95131.0
2026-04-30,1,BUY,603031,安孚科技,41.5,2200,27.39,3803.61
2026-05-08,1,SELL,603031,安孚科技,48.98,2200,86.2048,111473.41
2026-05-08,1,BUY,601168,西部矿业,32.4,3400,33.048,1280.36
2026-05-15,1,SELL,601168,西部矿业,30.42,3400,82.7424,104625.62
2026-05-15,1,BUY,600985,淮北矿业,13.22,7900,31.3314,156.28
2026-05-22,1,SELL,600985,淮北矿业,12.66,7900,80.0112,100090.27
2026-05-22,1,BUY,601168,西部矿业,31.78,3100,29.5554,1542.72
2026-05-29,1,SELL,601168,西部矿业,30.47,3100,75.5656,95924.15
2026-05-29,1,BUY,000056,*ST皇庭,1.6,59900,28.752,55.4
2026-07-03,1,SELL,000056,*ST皇庭,2.24,59900,107.3408,134124.06
2026-07-03,1,BUY,601168,西部矿业,29.22,4500,39.447,2594.61
2026-07-17,1,SELL,601168,西部矿业,31.65,4500,113.94,144905.67
2026-07-17,1,BUY,002649,博彦科技,8.83,16400,43.4436,50.23
2026-07-24,1,SELL,002649,博彦科技,8.4,16400,110.208,137700.02
2026-07-24,1,BUY,603031,安孚科技,37.49,3600,40.4892,2695.53
2026-07-31,1,SELL,603031,安孚科技,37.47,3600,107.9136,137479.62
2026-07-31,1,BUY,000056,*ST皇庭,1.91,71900,41.1987,109.42
2026-08-27,1,SELL,000056,*ST皇庭,2.06,71900,118.4912,148104.93
2026-08-27,1,BUY,603031,安孚科技,40.7,3600,43.956,1540.97
2026-01-09,2,BUY,000933,神火股份,29.28,3400,29.8656,418.13
2026-01-16,2,SELL,000933,神火股份,30.29,3400,82.3888,103321.75
2026-01-16,2,BUY,600667,太极实业,9.28,11100,30.9024,282.84
2026-01-23,2,SELL,600667,太极实业,9.65,11100,85.692,107312.15
2026-01-23,2,BUY,002268,电科网安,20.58,5200,32.1048,264.05
2026-02-06,2,SELL,002268,电科网安,19.42,5200,80.7872,101167.26
2026-02-06,2,BUY,600989,宝丰能源,22.29,4500,30.0915,832.17
2026-02-13,2,SELL,600989,宝丰能源,22.71,4500,81.756,102945.41
2026-02-13,2,BUY,600985,淮北矿业,12.87,7900,30.5019,1241.91
2026-02-27,2,SELL,600985,淮北矿业,13.31,7900,84.1192,106306.79
2026-02-27,2,BUY,000933,神火股份,31.59,3300,31.2741,2028.52
2026-03-06,2,SELL,000933,神火股份,34.19,3300,90.2616,114765.25
2026-03-06,2,BUY,600989,宝丰能源,28.23,4000,33.876,1811.38
2026-03-13,2,SELL,600989,宝丰能源,34.22,4000,109.504,138581.87
2026-03-13,2,BUY,600050,中国联通,5.01,27600,41.4828,264.39
2026-03-20,2,SELL,600050,中国联通,4.63,27600,102.2304,127950.16
2026-03-20,2,BUY,600566,济川药业,26.52,4800,38.1888,615.97
2026-03-27,2,SELL,600566,济川药业,23.94,4800,91.9296,115436.04
2026-03-27,2,BUY,002268,电科网安,16.82,6800,34.3128,1025.73
2026-04-03,2,SELL,002268,电科网安,16.26,6800,88.4544,111505.28
2026-04-03,2,BUY,600131,国网信通,17.89,6200,33.2754,554.0
2026-04-10,2,SELL,600131,国网信通,18.45,6200,91.512,114852.49
2026-04-10,2,BUY,002649,博彦科技,11.57,9900,34.3629,275.13
2026-04-17,2,SELL,002649,博彦科技,11.81,9900,93.5352,117100.59
2026-04-17,2,BUY,600050,中国联通,4.58,25500,35.037,275.55
2026-04-24,2,SELL,600050,中国联通,4.44,25500,90.576,113404.98
2026-04-24,2,BUY,600989,宝丰能源,29.47,3800,33.5958,1385.38
2026-04-30,2,SELL,600989,宝丰能源,30.7,3800,93.328,117952.05
2026-04-30,2,BUY,000915,华特达因,26.91,4300,34.7139,2204.34
2026-05-08,2,SELL,000915,华特达因,26.91,4300,92.5704,117824.77
2026-05-08,2,BUY,603031,安孚科技,48.98,2400,35.2656,237.5
2026-05-15,2,SELL,603031,安孚科技,49.9,2400,95.808,119901.7
2026-05-15,2,BUY,603501,豪威集团,101.29,1100,33.4257,8449.27
2026-05-22,2,SELL,603501,豪威集团,104.14,1100,91.6432,122911.63
2026-05-22,2,BUY,603031,安孚科技,55.91,2100,35.2233,5465.4
2026-06-05,2,SELL,603031,安孚科技,57.52,2100,96.6336,126160.77
2026-06-05,2,BUY,600985,淮北矿业,16.84,7400,37.3848,1507.39
2026-06-12,2,SELL,600985,淮北矿业,16.62,7400,98.3904,124396.99
2026-06-12,2,BUY,600131,国网信通,15.13,8200,37.2198,293.78
2026-06-18,2,SELL,600131,国网信通,14.98,8200,98.2688,123031.51
2026-06-18,2,BUY,601168,西部矿业,31.75,3800,36.195,2345.31
2026-06-26,2,SELL,601168,西部矿业,26.37,3800,80.1648,102471.15
2026-06-26,2,BUY,600667,太极实业,26.82,3800,30.5748,524.57
2026-07-03,2,SELL,600667,太极实业,29.96,3800,91.0784,114281.49
2026-07-03,2,BUY,000933,神火股份,22.06,5100,33.7518,1741.74
2026-07-10,2,SELL,000933,神火股份,23.49,5100,95.8392,121444.9
2026-07-10,2,BUY,601168,西部矿业,30.44,3900,35.6148,2693.29
2026-07-17,2,SELL,601168,西部矿业,31.65,3900,98.748,126029.54
2026-07-17,2,BUY,600131,国网信通,14.0,8900,37.38,1392.16
2026-07-24,2,SELL,600131,国网信通,14.96,8900,106.5152,134429.64
2026-07-24,2,BUY,600667,太极实业,16.29,8200,40.0734,811.57
2026-08-07,2,SELL,600667,太极实业,19.53,8200,128.1168,160829.45
2026-08-07,2,BUY,601168,西部矿业,43.07,3700,47.8077,1422.65
2026-08-14,2,SELL,601168,西部矿业,37.14,3700,109.9344,138730.71
2026-08-14,2,BUY,600985,淮北矿业,17.34,7900,41.0958,1703.62
2026-08-21,2,SELL,600985,淮北矿业,18.03,7900,113.9496,144026.67
2026-08-21,2,BUY,600989,宝丰能源,24.06,5900,42.5862,2030.08
2026-01-09,3,BUY,600050,中国联通,5.35,18600,29.853,460.15
2026-01-16,3,SELL,600050,中国联通,5.09,18600,75.7392,95058.41
2026-01-16,3,BUY,603031,安孚科技,37.63,2500,28.2225,955.19
2026-01-23,3,SELL,603031,安孚科技,35.92,2500,71.84,90683.35
2026-01-23,3,BUY,600131,国网信通,19.08,4700,26.9028,980.44
2026-01-30,3,SELL,600131,国网信通,19.26,4700,72.4176,91430.02
2026-01-30,3,BUY,603031,安孚科技,34.89,2600,27.2142,688.81
2026-02-06,3,SELL,603031,安孚科技,37.17,2600,77.3136,97253.5
2026-02-06,3,BUY,000915,华特达因,29.86,3200,28.6656,1672.83
2026-02-13,3,SELL,000915,华特达因,29.65,3200,75.904,96476.93
2026-02-13,3,BUY,600667,太极实业,9.77,9800,28.7238,702.2
2026-02-27,3,SELL,600667,太极实业,11.06,9800,86.7104,109003.49
2026-02-27,3,BUY,600989,宝丰能源,23.6,4600,32.568,410.93
2026-03-06,3,SELL,600989,宝丰能源,28.23,4600,103.8864,130165.04
2026-03-06,3,BUY,002226,江南化工,6.16,21100,38.9928,150.05
2026-03-13,3,SELL,002226,江南化工,6.18,21100,104.3184,130443.73
2026-03-13,3,BUY,000028,国药一致,22.97,5600,38.5896,1773.14
2026-03-20,3,SELL,000028,国药一致,22.93,5600,102.7264,130078.41
2026-03-20,3,BUY,600985,淮北矿业,13.46,9600,38.7648,823.65
2026-03-27,3,SELL,600985,淮北矿业,13.74,9600,105.5232,132622.12
2026-03-27,3,BUY,600131,国网信通,19.41,6800,39.5964,594.53
2026-04-03,3,SELL,600131,国网信通,17.89,6800,97.3216,122149.21
2026-04-03,3,BUY,601168,西部矿业,25.49,4700,35.9409,2310.26
2026-04-10,3,SELL,601168,西部矿业,27.03,4700,101.6328,129249.63
2026-04-10,3,BUY,603099,长白山,35.09,3600,37.8972,2887.73
2026-04-17,3,SELL,603099,长白山,35.89,3600,103.3632,131988.37
2026-04-17,3,BUY,002226,江南化工,5.52,23900,39.5784,20.79
2026-04-24,3,SELL,002226,江南化工,5.4,23900,103.248,128977.55
2026-04-24,3,BUY,603501,豪威集团,95.02,1300,37.0578,5414.49
2026-04-30,3,SELL,603501,豪威集团,98.2,1300,102.128,132972.36
2026-04-30,3,BUY,600566,济川药业,25.86,5100,39.5658,1046.79
2026-05-08,3,SELL,600566,济川药业,26.73,5100,109.0584,137260.74
2026-05-08,3,BUY,002649,博彦科技,10.88,12600,41.1264,131.61
2026-05-15,3,SELL,002649,博彦科技,10.2,12600,102.816,128548.79
2026-05-15,3,BUY,603099,长白山,37.5,3400,38.25,1010.54
2026-05-22,3,SELL,603099,长白山,36.85,3400,100.232,126200.31
2026-05-22,3,BUY,600667,太极实业,12.58,10000,37.74,362.57
2026-05-29,3,SELL,600667,太极实业,12.83,10000,102.64,128559.93
2026-05-29,3,BUY,000028,国药一致,20.9,6100,38.247,1031.68
2026-06-05,3,SELL,000028,国药一致,20.16,6100,98.3808,123909.3
2026-06-05,3,BUY,002226,江南化工,5.02,24600,37.0476,380.26
2026-06-18,3,SELL,002226,江南化工,4.86,24600,95.6448,119840.61
2026-06-18,3,BUY,000056,*ST皇庭,1.67,71700,35.9217,65.69
2026-06-26,3,SELL,000056,*ST皇庭,2.07,71700,118.7352,148365.95
2026-06-26,3,BUY,600050,中国联通,4.05,36600,44.469,91.48
2026-07-03,3,SELL,600050,中国联通,4.07,36600,119.1696,148934.32
2026-07-03,3,BUY,600667,太极实业,29.96,4900,44.0412,2086.27
2026-07-10,3,SELL,600667,太极实业,25.26,4900,99.0192,125761.25
2026-07-10,3,BUY,603031,安孚科技,47.67,2600,37.1826,1782.07
2026-07-24,3,SELL,603031,安孚科技,37.49,2600,77.9792,99178.09
2026-07-24,3,BUY,600050,中国联通,4.42,22400,29.7024,140.39
2026-07-31,3,SELL,600050,中国联通,4.46,22400,79.9232,99964.47
2026-07-31,3,BUY,601168,西部矿业,38.44,2500,28.83,3835.64
2026-08-07,3,SELL,601168,西部矿业,43.07,2500,86.14,111424.5
2026-08-07,3,BUY,600667,太极实业,19.53,5700,33.3963,70.1
2026-08-14,3,SELL,600667,太极实业,22.95,5700,104.652,130780.45
2026-08-14,3,BUY,603031,安孚科技,41.71,3100,38.7903,1440.66
2026-08-21,3,SELL,603031,安孚科技,39.18,3100,97.1664,122801.49
2026-08-21,3,BUY,600985,淮北矿业,18.03,6800,36.7812,160.71
2026-08-27,3,SELL,600985,淮北矿业,18.13,6800,98.6272,123346.08
2026-08-27,3,BUY,600667,太极实业,20.14,6100,36.8562,455.23
2026-01-09,4,BUY,603099,长白山,44.98,2200,29.6868,1014.31
2026-01-16,4,SELL,603099,长白山,46.8,2200,82.368,103891.95
2026-01-16,4,BUY,601168,西部矿业,30.89,3300,30.5811,1924.36
2026-01-23,4,SELL,601168,西部矿业,31.63,3300,83.5032,106219.86
2026-01-23,4,BUY,600566,济川药业,25.27,4200,31.8402,54.02
2026-01-30,4,SELL,600566,济川药业,24.34,4200,81.7824,102200.24
2026-01-30,4,BUY,000915,华特达因,30.06,3300,29.7594,2972.48
2026-02-06,4,SELL,000915,华特达因,29.86,3300,78.8304,101431.65
2026-02-06,4,BUY,000028,国药一致,23.39,4300,30.1731,824.48
2026-02-13,4,SELL,000028,国药一致,22.81,4300,78.4664,98829.01
2026-02-13,4,BUY,000915,华特达因,29.65,3300,29.3535,954.66
2026-02-27,4,SELL,000915,华特达因,29.97,3300,79.1208,99776.53
2026-02-27,4,BUY,002268,电科网安,20.09,4900,29.5323,1306.0
2026-03-06,4,SELL,002268,电科网安,19.23,4900,75.3816,95457.62
2026-03-06,4,BUY,603031,安孚科技,36.95,2500,27.7125,3054.91
2026-03-13,4,SELL,603031,安孚科技,37.5,2500,75.0,96729.91
2026-03-13,4,BUY,000915,华特达因,30.76,3100,28.6068,1345.3
2026-03-27,4,SELL,000915,华特达因,29.4,3100,72.912,92412.39
2026-03-27,4,BUY,600985,淮北矿业,13.74,6700,27.6174,326.77
2026-04-03,4,SELL,600985,淮北矿业,13.22,6700,70.8592,88829.91
2026-04-03,4,BUY,600050,中国联通,4.41,20100,26.5923,162.32
2026-04-10,4,SELL,600050,中国联通,4.5,20100,72.36,90539.96
2026-04-10,4,BUY,002268,电科网安,16.9,5300,26.871,943.09
2026-04-24,4,SELL,002268,电科网安,15.78,5300,66.9072,84510.18
2026-04-24,4,BUY,600050,中国联通,4.44,19000,25.308,124.87
2026-04-30,4,SELL,600050,中国联通,4.47,19000,67.944,84986.93
2026-04-30,4,BUY,603099,长白山,34.8,2400,25.056,1441.87
2026-05-08,4,SELL,603099,长白山,35.61,2400,68.3712,86837.5
2026-05-08,4,BUY,002226,江南化工,5.35,16200,26.001,141.5
2026-05-22,4,SELL,002226,江南化工,5.8,16200,75.168,94026.33
2026-05-22,4,BUY,000933,神火股份,30.01,3100,27.9093,967.42
2026-05-29,4,SELL,000933,神火股份,29.05,3100,72.044,90950.38
2026-05-29,4,BUY,600131,国网信通,17.37,5200,27.0972,599.28
2026-06-05,4,SELL,600131,国网信通,16.05,5200,66.768,83992.52
2026-06-05,4,BUY,600566,济川药业,26.14,3200,25.0944,319.42
2026-06-12,4,SELL,600566,济川药业,25.32,3200,64.8192,81278.6
2026-06-12,4,BUY,603099,长白山,37.95,2100,23.9085,1559.69
2026-06-26,4,SELL,603099,长白山,34.96,2100,58.7328,74916.96
2026-06-26,4,BUY,600566,济川药业,23.73,3100,22.0689,1331.89
2026-07-03,4,SELL,600566,济川药业,22.47,3100,55.7256,70933.17
2026-07-03,4,BUY,000028,国药一致,20.36,3400,20.7672,1688.4
2026-07-10,4,SELL,000028,国药一致,20.22,3400,54.9984,70381.4
2026-07-10,4,BUY,603099,长白山,35.04,2000,21.024,280.38
2026-07-17,4,SELL,603099,长白山,36.39,2000,58.224,73002.15
2026-07-17,4,BUY,000915,华特达因,25.45,2800,21.378,1720.77
2026-07-24,4,SELL,000915,华特达因,24.73,2800,55.3952,70909.38
2026-07-24,4,BUY,000056,*ST皇庭,1.88,37700,21.2628,12.12
2026-08-07,4,SELL,000056,*ST皇庭,2.14,37700,64.5424,80625.57
2026-08-07,4,BUY,603031,安孚科技,39.9,2000,23.94,801.63
2026-08-14,4,SELL,603031,安孚科技,41.71,2000,66.736,84154.9
2026-08-14,4,BUY,601168,西部矿业,37.14,2200,24.5124,2422.39
2026-08-27,4,SELL,601168,西部矿业,38.67,2200,68.0592,87428.33
2026-08-27,4,BUY,000915,华特达因,24.87,3500,26.1135,357.21
2026-01-09,5,BUY,000056,*ST皇庭,2.09,47800,29.9706,68.03
2026-01-16,5,SELL,000056,*ST皇庭,2.01,47800,76.8624,96069.17
2026-01-16,5,BUY,000028,国药一致,21.97,4300,28.3413,1569.83
2026-01-23,5,SELL,000028,国药一致,22.61,4300,77.7784,98715.05
2026-01-23,5,BUY,600989,宝丰能源,22.15,4400,29.238,1225.81
2026-01-30,5,SELL,600989,宝丰能源,23.43,4400,82.4736,104235.34
2026-01-30,5,BUY,603099,长白山,44.18,2300,30.4842,2590.85
2026-02-06,5,SELL,603099,长白山,42.07,2300,77.4088,99274.44
2026-02-06,5,BUY,000933,神火股份,30.69,3200,29.4624,1036.98
2026-02-13,5,SELL,000933,神火股份,29.08,3200,74.4448,94018.54
2026-02-13,5,BUY,603099,长白山,40.58,2300,28.0002,656.54
2026-02-27,5,SELL,603099,长白山,39.03,2300,71.8152,90353.72
2026-02-27,5,BUY,600131,国网信通,19.66,4500,26.541,1857.18
2026-03-06,5,SELL,600131,国网信通,21.41,4500,77.076,98125.1
2026-03-06,5,BUY,603501,豪威集团,114.93,800,27.5832,6153.52
2026-03-13,5,SELL,603501,豪威集团,111.62,800,71.4368,95378.08
2026-03-13,5,BUY,600566,济川药业,24.78,3800,28.2492,1185.83
2026-03-20,5,SELL,600566,济川药业,26.52,3800,80.6208,101881.21
2026-03-20,5,BUY,603099,长白山,36.71,2700,29.7351,2734.48
2026-03-27,5,SELL,603099,长白山,36.01,2700,77.7816,99883.7
2026-03-27,5,BUY,002649,博彦科技,11.42,8700,29.8062,499.89
2026-04-03,5,SELL,002649,博彦科技,11.1,8700,77.256,96992.63
2026-04-03,5,BUY,002268,电科网安,16.26,5900,28.7802,1029.85
2026-04-10,5,SELL,002268,电科网安,16.9,5900,79.768,100660.09
2026-04-10,5,BUY,600989,宝丰能源,29.47,3400,30.0594,432.03
2026-04-17,5,SELL,600989,宝丰能源,27.36,3400,74.4192,93381.61
2026-04-17,5,BUY,600131,国网信通,18.18,5100,27.8154,635.79
2026-04-24,5,SELL,600131,国网信通,18.07,5100,73.7256,92719.07
2026-04-24,5,BUY,601168,西部矿业,29.02,3100,26.9886,2730.08
2026-04-30,5,SELL,601168,西部矿业,29.53,3100,73.2344,94199.84
2026-04-30,5,BUY,600050,中国联通,4.47,21000,28.161,301.68
2026-05-08,5,SELL,600050,中国联通,4.47,21000,75.096,94096.59
2026-05-08,5,BUY,000915,华特达因,26.91,3400,27.4482,2575.14
2026-05-15,5,SELL,000915,华特达因,26.36,3400,71.6992,92127.44
2026-05-15,5,BUY,000028,国药一致,21.36,4300,27.5544,251.88
2026-05-22,5,SELL,000028,国药一致,21.05,4300,72.412,90694.47
2026-05-22,5,BUY,002268,电科网安,15.15,5900,26.8155,1282.66
2026-05-29,5,SELL,002268,电科网安,14.13,5900,66.6936,84582.96
2026-05-29,5,BUY,603099,长白山,38.79,2100,24.4377,3099.53
2026-06-05,5,SELL,603099,长白山,37.23,2100,62.5464,81219.98
2026-06-05,5,BUY,600050,中国联通,4.29,18900,24.3243,114.66
2026-06-12,5,SELL,600050,中国联通,4.32,18900,65.3184,81697.34
2026-06-12,5,BUY,002268,电科网安,13.08,6200,24.3288,577.01
2026-06-18,5,SELL,002268,电科网安,13.2,6200,65.472,82351.54
2026-06-18,5,BUY,000028,国药一致,19.99,4100,24.5877,367.95
2026-07-03,5,SELL,000028,国药一致,20.36,4100,66.7808,83777.17
2026-07-03,5,BUY,000056,*ST皇庭,2.24,37300,25.0656,200.1
2026-07-17,5,SELL,000056,*ST皇庭,1.78,37300,53.1152,66540.99
2026-07-17,5,BUY,002268,电科网安,13.83,4800,19.9152,137.07
2026-07-24,5,SELL,002268,电科网安,13.43,4800,51.5712,64549.5
2026-07-24,5,BUY,002226,江南化工,4.63,13900,19.3071,173.19
2026-07-31,5,SELL,002226,江南化工,4.97,13900,55.2664,69200.93
2026-07-31,5,BUY,603099,长白山,39.21,1700,19.9971,2523.93
2026-08-07,5,SELL,603099,长白山,38.91,1700,52.9176,68618.01
2026-08-07,5,BUY,600989,宝丰能源,23.67,2800,19.8828,2322.13
2026-08-14,5,SELL,600989,宝丰能源,22.89,2800,51.2736,66362.86
2026-08-14,5,BUY,603501,豪威集团,91.08,700,19.1268,2587.73
2026-08-21,5,SELL,603501,豪威集团,85.82,700,48.0592,62613.67
2026-08-21,5,BUY,603099,长白山,39.73,1500,17.8785,3000.79
2026-08-27,5,SELL,603099,长白山,39.26,1500,47.112,61843.68
2026-08-27,5,BUY,600985,淮北矿业,18.13,3400,18.4926,183.19
