date,track,equity,cash,holding,holding_name,shares,target,target_name,target_strength,action,reason,switched,rebalance,day_return
2026-01-05,1,99970.26,850.26,600531,豫光金铅,8000,600531,豫光金铅,100,entry,,False,True,0.0
2026-01-06,1,102578.05,98.05,000056,*ST皇庭,48800,000056,*ST皇庭,100,switch,,True,True,0.026085657874652002
2026-01-07,1,100028.22,698.22,600985,淮北矿业,8600,600985,淮北矿业,100,switch,,True,True,-0.024857462195859603
2026-01-08,1,98716.23,413.23,000959,首钢股份,19700,000959,首钢股份,71,switch,,True,True,-0.013116198608752683
2026-01-09,1,95656.36,366.36,002696,百洋股份,13000,002696,百洋股份,100,switch,,True,True,-0.030996625377610054
2026-01-12,1,93473.83,258.83,000959,首钢股份,18100,000959,首钢股份,100,switch,,True,True,-0.02281636056400227
2026-01-13,1,92828.86,78.86,002696,百洋股份,12500,002696,百洋股份,100,switch,,True,True,-0.006900006130058034
2026-01-14,1,92352.26,12.26,000100,TCL科技,19000,000100,TCL科技,100,switch,,True,True,-0.005134179176605302
2026-01-15,1,92061.0,255.0,600667,太极实业,10700,600667,太极实业,100,switch,,True,True,-0.0031537939623783595
2026-01-16,1,99551.0,255.0,600667,太极实业,10700,600667,太极实业,100,hold,目标未变,False,True,0.08135909885836567
2026-01-19,1,100724.38,196.38,000100,TCL科技,20600,000100,TCL科技,99,switch,,True,True,0.01178672238350198
2026-01-20,1,100408.11,360.11,600667,太极实业,10400,600667,太极实业,100,switch,,True,True,-0.003139954795452704
2026-01-21,1,102791.31,257.31,600531,豫光金铅,6900,600531,豫光金铅,100,switch,,True,True,0.023735134542418823
2026-01-22,1,104677.29,23.29,002696,百洋股份,13400,002696,百洋股份,100,switch,,True,True,0.018347659933509952
2026-01-23,1,103605.29,23.29,002696,百洋股份,13400,600531,豫光金铅,100,hold_fail,涨停/跌停/停牌，继续持有,False,True,-0.010240998787798161
2026-01-26,1,103605.29,23.29,002696,百洋股份,13400,600531,豫光金铅,100,hold_fail,涨停/跌停/停牌，继续持有,False,True,0.0
2026-01-27,1,104007.29,23.29,002696,百洋股份,13400,600531,豫光金铅,100,hold_fail,涨停/跌停/停牌，继续持有,False,True,0.003880110754962418
2026-01-28,1,100523.29,23.29,002696,百洋股份,13400,600531,豫光金铅,100,hold_fail,涨停/跌停/停牌，继续持有,False,True,-0.0334976519434359
2026-01-29,1,99743.54,137.54,000524,岭南控股,7800,000524,岭南控股,100,switch,,True,True,-0.007756908871565993
2026-01-30,1,98963.54,137.54,000524,岭南控股,7800,600667,太极实业,100,hold_fail,涨停/跌停/停牌，继续持有,False,True,-0.007820055313857877
2026-02-02,1,98153.92,1063.92,600887,伊利股份,3800,600887,伊利股份,77,switch,,True,True,-0.00818099271711581
2026-02-03,1,98616.36,538.36,000959,首钢股份,17800,000959,首钢股份,100,switch,,True,True,0.004711375765736214
2026-02-04,1,99397.59,749.59,600985,淮北矿业,7600,600985,淮北矿业,100,switch,,True,True,0.00792191072556303
2026-02-05,1,95217.59,749.59,600985,淮北矿业,7600,000056,*ST皇庭,100,hold_fail,涨停/跌停/停牌，继续持有,False,True,-0.04205333348625451
2026-02-06,1,94837.59,749.59,600985,淮北矿业,7600,000056,*ST皇庭,100,hold_fail,涨停/跌停/停牌，继续持有,False,True,-0.003990859251951195
2026-02-09,1,94050.83,586.83,600531,豫光金铅,5600,600531,豫光金铅,100,switch,,True,True,-0.008295866649500439
2026-02-10,1,92034.83,586.83,600531,豫光金铅,5600,000056,*ST皇庭,100,hold_fail,涨停/跌停/停牌，继续持有,False,True,-0.021435217530775597
2026-02-11,1,92997.56,2137.56,600887,伊利股份,3500,600887,伊利股份,60,switch,,True,True,0.010460496314275813
2026-02-12,1,92023.07,348.07,600667,太极实业,9500,600667,太极实业,95,switch,,True,True,-0.010478662020809937
2026-02-13,1,93061.02,397.02,600985,淮北矿业,7200,600985,淮北矿业,100,switch,,True,True,0.011279236826156724
2026-02-24,1,95548.28,406.28,000100,TCL科技,20200,000100,TCL科技,100,switch,,True,True,0.026727194694405876
2026-02-25,1,96760.28,406.28,000100,TCL科技,20200,000056,*ST皇庭,100,hold_fail,涨停/跌停/停牌，继续持有,False,True,0.01268468673638079
2026-02-26,1,95847.1,52.1,600667,太极实业,8500,600667,太极实业,100,switch,,True,True,-0.00943755020138426
2026-02-27,1,94062.1,52.1,600667,太极实业,8500,603257,中国瑞林,100,hold_fail,涨停/跌停/停牌，继续持有,False,True,-0.018623411662950673
2026-03-02,1,90732.67,1385.67,600531,豫光金铅,4700,600531,豫光金铅,100,switch,,True,True,-0.03539608407637085
2026-03-03,1,81802.67,1385.67,600531,豫光金铅,4700,600887,伊利股份,66,hold_fail,涨停/跌停/停牌，继续持有,False,True,-0.0984209987427902
2026-03-04,1,78521.38,131.38,000056,*ST皇庭,40200,000056,*ST皇庭,91,switch,,True,True,-0.040112260394434496
2026-03-05,1,80844.63,504.63,600667,太极实业,7800,600667,太极实业,100,switch,,True,True,0.029587483052386565
2026-03-06,1,79665.47,458.47,002696,百洋股份,10300,002696,百洋股份,100,switch,,True,True,-0.01458550802941394
2026-03-09,1,78549.51,459.51,600985,淮北矿业,5700,600985,淮北矿业,100,switch,,True,True,-0.01400807652299052
2026-03-10,1,76641.72,742.72,600667,太极实业,7100,600667,太极实业,100,switch,,True,True,-0.02428773903236303
2026-03-11,1,75848.87,166.87,000100,TCL科技,15800,000100,TCL科技,57,switch,,True,True,-0.010344887875689768
2026-03-12,1,75923.47,186.47,600985,淮北矿业,5300,600985,淮北矿业,100,switch,,True,True,0.0009835347579998377
2026-03-13,1,74199.53,1959.53,600887,伊利股份,2800,600887,伊利股份,55,switch,,True,True,-0.02270628568478239
2026-03-16,1,74483.24,453.24,000524,岭南控股,5500,000524,岭南控股,100,switch,,True,True,0.0038236091252870086
2026-03-17,1,72863.72,1129.72,600667,太极实业,6200,600667,太极实业,100,switch,,True,True,-0.02174341502866961
2026-03-18,1,73218.04,68.04,000524,岭南控股,5500,000524,岭南控股,68,switch,,True,True,0.004862776701491489
2026-03-19,1,71050.2,1075.2,600999,招商证券,4500,600999,招商证券,61,switch,,True,True,-0.029608003710560937
2026-03-20,1,70028.98,36.98,600985,淮北矿业,5200,600985,淮北矿业,81,switch,,True,True,-0.014373217809379835
2026-03-23,1,72316.98,36.98,600985,淮北矿业,5200,600985,淮北矿业,100,hold,目标未变,False,True,0.03267218799988236
2026-03-24,1,72445.27,56.27,000056,*ST皇庭,37900,000056,*ST皇庭,100,switch,,True,True,0.0017739955401900875
2026-03-25,1,72744.53,984.53,000524,岭南控股,6000,000524,岭南控股,100,switch,,True,True,0.004130842496687492
2026-03-26,1,71826.74,1630.74,600887,伊利股份,2800,600887,伊利股份,75,switch,,True,True,-0.012616618734082041
2026-03-27,1,72308.64,652.64,002696,百洋股份,10400,002696,百洋股份,76,switch,,True,True,0.006709200501094692
2026-03-30,1,73372.44,172.44,000056,*ST皇庭,36600,000056,*ST皇庭,100,switch,,True,True,0.014711934839322094
2026-03-31,1,73657.82,1129.82,600999,招商证券,4800,600999,招商证券,85,switch,,True,True,0.003889471305574821
2026-04-01,1,75064.16,220.16,000524,岭南控股,6600,000524,岭南控股,100,switch,,True,True,0.019092881108889737
2026-04-02,1,71619.53,135.53,600887,伊利股份,2800,600887,伊利股份,69,switch,,True,True,-0.045889143367487284
2026-04-03,1,71311.53,135.53,600887,伊利股份,2800,600887,伊利股份,61,hold,目标未变,False,True,-0.004300502949404983
2026-04-07,1,71289.25,309.25,002696,百洋股份,10500,002696,百洋股份,100,switch,,True,True,-0.00031243194473595803
2026-04-08,1,73308.97,573.97,000524,岭南控股,6500,000524,岭南控股,100,switch,,True,True,0.02833134027921469
2026-04-09,1,70696.76,543.76,600667,太极实业,7300,600667,太极实业,83,switch,,True,True,-0.0356328836703067
2026-04-10,1,69817.82,1607.82,000623,吉林敖东,3800,000623,吉林敖东,84,switch,,True,True,-0.012432535805035339
2026-04-13,1,69742.39,211.39,000959,首钢股份,14700,000959,首钢股份,82,switch,,True,True,-0.0010803832030276128
2026-04-14,1,67756.98,50.98,000056,*ST皇庭,34900,000056,*ST皇庭,100,switch,,True,True,-0.028467765443656368
2026-04-15,1,65591.01,647.01,600985,淮北矿业,4800,600985,淮北矿业,83,switch,,True,True,-0.03196674350007922
2026-04-16,1,64944.44,1372.44,600531,豫光金铅,4600,600531,豫光金铅,94,switch,,True,True,-0.009857600912076103
2026-04-17,1,67612.44,1372.44,600531,豫光金铅,4600,600531,豫光金铅,100,hold,目标未变,False,True,0.04108126885072849
2026-04-20,1,70602.44,1372.44,600531,豫光金铅,4600,600531,豫光金铅,100,hold,目标未变,False,True,0.04422263121993519
2026-04-21,1,70924.44,1372.44,600531,豫光金铅,4600,000056,*ST皇庭,100,hold_fail,涨停/跌停/停牌，继续持有,False,True,0.004560748891964561
2026-04-22,1,75616.44,1372.44,600531,豫光金铅,4600,600531,豫光金铅,100,hold,目标未变,False,True,0.06615491077546753
2026-04-23,1,71858.62,611.62,600985,淮北矿业,5100,600985,淮北矿业,77,switch,,True,True,-0.04969580689067099
2026-04-24,1,71883.09,3735.09,603257,中国瑞林,1200,603257,中国瑞林,87,switch,,True,True,0.00034052977916920746
2026-04-27,1,71427.09,3735.09,603257,中国瑞林,1200,000056,*ST皇庭,100,hold_fail,涨停/跌停/停牌，继续持有,False,True,-0.006343633808730265
2026-04-28,1,72934.33,1798.33,000623,吉林敖东,3900,000623,吉林敖东,100,switch,,True,True,0.021101797651283283
2026-04-29,1,73362.07,208.07,000959,首钢股份,15800,000959,首钢股份,100,switch,,True,True,0.005864727899742128
2026-04-30,1,71388.37,2410.37,600887,伊利股份,2600,600887,伊利股份,93,switch,,True,True,-0.0269035483867891
2026-05-06,1,71285.92,305.92,600667,太极实业,7000,600667,太极实业,100,switch,,True,True,-0.0014351077073198049
2026-05-07,1,76045.92,305.92,600667,太极实业,7000,600667,太极实业,100,hold,目标未变,False,True,0.0667733544015423
2026-05-08,1,75053.63,293.63,603231,索宝蛋白,4200,603231,索宝蛋白,100,switch,,True,True,-0.013048563289128401
2026-05-11,1,73671.21,1511.21,600531,豫光金铅,4400,600531,豫光金铅,100,switch,,True,True,-0.01841909578524048
2026-05-12,1,73539.21,1511.21,600531,豫光金铅,4400,600667,太极实业,100,hold_fail,涨停/跌停/停牌，继续持有,False,True,-0.0017917446991844166
2026-05-13,1,73195.97,430.97,600667,太极实业,5500,600667,太极实业,100,switch,,True,True,-0.004667442035344194
2026-05-14,1,69819.67,729.67,600531,豫光金铅,4200,600531,豫光金铅,100,switch,,True,True,-0.04612685643758807
2026-05-15,1,63954.08,758.08,603231,索宝蛋白,3700,603231,索宝蛋白,100,switch,,True,True,-0.0840105660768663
2026-05-18,1,62923.48,235.48,600667,太极实业,4800,600667,太极实业,100,switch,,True,True,-0.01611468728812926
2026-05-19,1,62902.64,734.64,600999,招商证券,3800,600999,招商证券,99,switch,,True,True,-0.0003311959224124861
2026-05-20,1,64049.09,1213.09,600667,太极实业,4600,600667,太极实业,100,switch,,True,True,0.01822578511808093
2026-05-21,1,58144.12,229.12,000100,TCL科技,13500,000100,TCL科技,100,switch,,True,True,-0.09219444023326473
2026-05-22,1,58215.41,675.41,600531,豫光金铅,4200,600531,豫光金铅,98,switch,,True,True,0.001226091305535304
2026-05-25,1,58068.07,120.07,000056,*ST皇庭,43900,000056,*ST皇庭,100,switch,,True,True,-0.002530944985185246
2026-05-26,1,61141.07,120.07,000056,*ST皇庭,43900,000056,*ST皇庭,100,hold,目标未变,False,True,0.05292064985111433
2026-05-27,1,64214.07,120.07,000056,*ST皇庭,43900,000056,*ST皇庭,100,hold,目标未变,False,True,0.05026081486634104
2026-05-28,1,67287.07,120.07,000056,*ST皇庭,43900,000056,*ST皇庭,100,hold,目标未变,False,True,0.04785555564380206
2026-05-29,1,70360.07,120.07,000056,*ST皇庭,43900,000056,*ST皇庭,100,hold,目标未变,False,True,0.045669992763839984
2026-06-01,1,68528.8,272.8,000100,TCL科技,15800,000100,TCL科技,100,switch,,True,True,-0.026027120211790655
2026-06-02,1,68844.8,272.8,000100,TCL科技,15800,000056,*ST皇庭,100,hold_fail,涨停/跌停/停牌，继续持有,False,True,0.004611199962643475
2026-06-03,1,73742.8,272.8,000100,TCL科技,15800,000100,TCL科技,100,hold,目标未变,False,True,0.0711455331412103
2026-06-04,1,76502.81,27.81,000056,*ST皇庭,43700,000056,*ST皇庭,100,switch,,True,True,0.03742751834755387
2026-06-05,1,80435.81,27.81,000056,*ST皇庭,43700,000056,*ST皇庭,100,hold,目标未变,False,True,0.05140987631696148
2026-06-08,1,83931.81,27.81,000056,*ST皇庭,43700,000056,*ST皇庭,100,hold,目标未变,False,True,0.043463228629139206
2026-06-09,1,79561.81,27.81,000056,*ST皇庭,43700,600667,太极实业,100,hold_fail,涨停/跌停/停牌，继续持有,False,True,-0.052066076020521934
2026-06-10,1,75628.81,27.81,000056,*ST皇庭,43700,603099,长白山,100,hold_fail,涨停/跌停/停牌，继续持有,False,True,-0.04943326452729013
2026-06-11,1,71695.81,27.81,000056,*ST皇庭,43700,600531,豫光金铅,100,hold_fail,涨停/跌停/停牌，继续持有,False,True,-0.052003991600555355
2026-06-12,1,75191.81,27.81,000056,*ST皇庭,43700,000056,*ST皇庭,100,hold,目标未变,False,True,0.048761566401160694
2026-06-15,1,79124.81,27.81,000056,*ST皇庭,43700,000056,*ST皇庭,100,hold,目标未变,False,True,0.05230622856398859
2026-06-16,1,76418.83,438.83,002696,百洋股份,13100,002696,百洋股份,100,switch,,True,True,-0.03419888148862538
2026-06-17,1,72619.83,438.83,002696,百洋股份,13100,000100,TCL科技,100,hold_fail,涨停/跌停/停牌，继续持有,False,True,-0.04971287835733684
2026-06-18,1,70261.83,438.83,002696,百洋股份,13100,600667,太极实业,100,hold_fail,涨停/跌停/停牌，继续持有,False,True,-0.03247046984274127
2026-06-22,1,70708.35,8.35,000056,*ST皇庭,40400,000056,*ST皇庭,100,switch,,True,True,0.006355086396127252
2026-06-23,1,74344.35,8.35,000056,*ST皇庭,40400,000056,*ST皇庭,100,hold,目标未变,False,True,0.05142249819151479
2026-06-24,1,75960.35,8.35,000056,*ST皇庭,40400,000056,*ST皇庭,100,hold,目标未变,False,True,0.021736688800157555
2026-06-25,1,79596.35,8.35,000056,*ST皇庭,40400,000056,*ST皇庭,100,hold,目标未变,False,True,0.04786707802162571
2026-06-26,1,83636.35,8.35,000056,*ST皇庭,40400,000056,*ST皇庭,100,hold,目标未变,False,True,0.050756096228030456
2026-06-29,1,87676.35,8.35,000056,*ST皇庭,40400,000056,*ST皇庭,100,hold,目标未变,False,True,0.04830435570179703
2026-06-30,1,92120.35,8.35,000056,*ST皇庭,40400,000056,*ST皇庭,100,hold,目标未变,False,True,0.050686416576420035
2026-07-01,1,90404.96,440.96,000100,TCL科技,14700,000100,TCL科技,100,switch,,True,True,-0.018621184135752866
2026-07-02,1,87464.96,440.96,000100,TCL科技,14700,002696,百洋股份,100,hold_fail,涨停/跌停/停牌，继续持有,False,True,-0.03252033959198697
2026-07-03,1,83405.25,2513.25,600667,太极实业,2700,600667,太极实业,96,switch,,True,True,-0.04641527304191306
2026-07-06,1,76438.12,14.12,000056,*ST皇庭,32800,000056,*ST皇庭,100,switch,,True,True,-0.08353347061485938
2026-07-07,1,73732.98,92.98,000100,TCL科技,14000,000100,TCL科技,100,switch,,True,True,-0.035389933713702026
2026-07-08,1,70652.98,92.98,000100,TCL科技,14000,000524,岭南控股,100,hold_fail,涨停/跌停/停牌，继续持有,False,True,-0.04177235207365826
2026-07-09,1,75050.66,745.66,600531,豫光金铅,5500,600531,豫光金铅,100,switch,,True,True,0.06224337600480556
2026-07-10,1,74803.91,21.91,002696,百洋股份,13900,002696,百洋股份,100,switch,,True,True,-0.003287779214733111
2026-07-13,1,72083.65,254.65,000959,首钢股份,20700,000959,首钢股份,100,switch,,True,True,-0.03636521139068816
2026-07-14,1,72211.48,391.48,000100,TCL科技,14000,000100,TCL科技,100,switch,,True,True,0.0017733563713824285
2026-07-15,1,70594.54,1552.54,000623,吉林敖东,3700,000623,吉林敖东,100,switch,,True,True,-0.022391730511547525
2026-07-16,1,70370.52,690.52,000524,岭南控股,8000,000524,岭南控股,100,switch,,True,True,-0.003173333235119702
2026-07-17,1,67017.3,17.3,000100,TCL科技,13400,000100,TCL科技,100,switch,,True,True,-0.047650919731728636
2026-07-20,1,66615.3,17.3,000100,TCL科技,13400,600985,淮北矿业,100,hold_fail,涨停/跌停/停牌，继续持有,False,True,-0.005998451146196571
2026-07-21,1,71707.3,17.3,000100,TCL科技,13400,600667,太极实业,100,hold_fail,涨停/跌停/停牌，继续持有,False,True,0.07643889616949862
2026-07-22,1,68951.78,1235.78,600985,淮北矿业,4400,600985,淮北矿业,97,switch,,True,True,-0.038427328877255196
2026-07-23,1,68393.52,164.52,000056,*ST皇庭,36100,000056,*ST皇庭,100,switch,,True,True,-0.008096382718473571
2026-07-24,1,67958.19,1169.19,600667,太极实业,4100,600667,太极实业,83,switch,,True,True,-0.006365076691476013
2026-07-27,1,74560.1,160.1,002696,百洋股份,15000,002696,百洋股份,100,switch,,True,True,0.09714664266367312
2026-07-28,1,75377.46,729.46,000524,岭南控股,8600,000524,岭南控股,100,switch,,True,True,0.010962431649099269
2026-07-29,1,77614.88,914.88,600985,淮北矿业,5000,600985,淮北矿业,100,switch,,True,True,0.029682878674871738
2026-07-30,1,77830.02,298.02,600887,伊利股份,2800,600887,伊利股份,82,switch,,True,True,0.0027718911631378074
2026-07-31,1,76094.51,76.51,000056,*ST皇庭,39800,000056,*ST皇庭,100,switch,,True,True,-0.022298722266806625
2026-08-03,1,76408.57,388.57,002696,百洋股份,14000,002696,百洋股份,100,switch,,True,True,0.004127235985881494
2026-08-04,1,76465.0,1005.0,600667,太极实业,4400,600667,太极实业,100,switch,,True,True,0.0007385297225166454
2026-08-05,1,82185.0,1005.0,600667,太极实业,4400,000056,*ST皇庭,100,hold_fail,涨停/跌停/停牌，继续持有,False,True,0.0748054665533251
2026-08-06,1,85353.0,1005.0,600667,太极实业,4400,600667,太极实业,100,hold,目标未变,False,True,0.0385471801423618
2026-08-07,1,86842.25,172.25,000056,*ST皇庭,40500,000056,*ST皇庭,100,switch,,True,True,0.01744812718943689
2026-08-10,1,79957.25,172.25,000056,*ST皇庭,40500,002696,百洋股份,100,hold_fail,涨停/跌停/停牌，继续持有,False,True,-0.07928168604567476
2026-08-11,1,77846.8,346.8,000100,TCL科技,15500,000100,TCL科技,100,switch,,True,True,-0.026394729683674623
2026-08-12,1,79155.0,207.0,002696,百洋股份,12900,002696,百洋股份,100,switch,,True,True,0.016804801224969967
2026-08-13,1,79583.88,1109.88,600667,太极实业,3300,600667,太极实业,100,switch,,True,True,0.005418230054955453
2026-08-14,1,76761.3,125.3,000056,*ST皇庭,39100,000056,*ST皇庭,100,switch,,True,True,-0.03546673019712032
2026-08-17,1,77849.15,1497.15,600667,太极实业,3200,600667,太极实业,88,switch,,True,True,0.014171854827888408
2026-08-18,1,75016.17,1357.17,600985,淮北矿业,4300,600985,淮北矿业,70,switch,,True,True,-0.0363906349651858
2026-08-19,1,74977.87,487.87,000524,岭南控股,7800,000524,岭南控股,100,switch,,True,True,-0.0005105565906657894
2026-08-20,1,75986.7,306.7,600985,淮北矿业,4300,600985,淮北矿业,97,switch,,True,True,0.013455036799524978
2026-08-21,1,77750.4,164.4,000056,*ST皇庭,38600,000056,*ST皇庭,100,switch,,True,True,0.023210640809510075
2026-08-24,1,78821.83,260.83,002696,百洋股份,12900,002696,百洋股份,100,switch,,True,True,0.013780379264930032
2026-08-25,1,81659.83,260.83,002696,百洋股份,12900,002696,百洋股份,100,hold,目标未变,False,True,0.03600525387446596
2026-08-26,1,81184.06,1290.06,600999,招商证券,4300,600999,招商证券,100,switch,,True,True,-0.005826242841798779
2026-08-27,1,81396.73,836.73,600667,太极实业,4000,600667,太极实业,85,switch,,True,True,0.0026196029121972053
2026-08-28,1,78870.64,218.64,000959,首钢股份,21200,000959,首钢股份,100,switch,,True,True,-0.031034293392375845
2026-08-31,1,79842.98,203.98,000056,*ST皇庭,36700,000056,*ST皇庭,100,switch,,True,True,0.012328288448020697
2026-09-01,1,81677.98,203.98,000056,*ST皇庭,36700,002696,百洋股份,100,hold_fail,涨停/跌停/停牌，继续持有,False,True,0.02298260911604255
