date,variant,symbol,name,weight,state,state_code,upside,fair_price,close,side
2025-06-06,A,603389,亚振家居,0.25,建仓,entry,,,9.49,long
2025-06-06,A,002515,金字火腿,0.25,缩量回踩确认,confirming,-0.7198512110485048,1.6668852942613965,6.05,long
2025-06-06,A,000929,兰州黄河,0.25,缩量回踩确认,confirming,,,8.49,long
2025-06-06,A,605016,百龙创园,0.25,缩量回踩确认,confirming,0.0,27.17,20.58,long
2025-06-06,A,000905.SH,中证500,-1.0,,,,,5762.0778,short_index
2025-06-13,A,603389,亚振家居,0.3333333333333333,建仓,entry,,,9.49,long
2025-06-13,A,000929,兰州黄河,0.3333333333333333,缩量回踩确认,confirming,,,8.49,long
2025-06-13,A,605016,百龙创园,0.3333333333333333,缩量回踩确认,confirming,0.0,20.86,20.58,long
2025-06-13,A,000905.SH,中证500,-1.0,,,,,5740.2397,short_index
2025-06-20,A,000929,兰州黄河,1.0,缩量回踩确认,confirming,,,8.49,long
2025-06-20,A,000905.SH,中证500,-1.0,,,,,5639.513,short_index
2025-06-27,A,000905.SH,中证500,0.0,,,,,5863.7282,short_index
2025-07-04,A,002534,西子洁能,0.5,缩量回踩确认,confirming,-0.033075531145478454,11.129300636515543,11.46,long
2025-07-04,A,002515,金字火腿,0.5,试仓·放量破压,trial,-0.7132516756531452,1.7290923958115347,6.02,long
2025-07-04,A,000905.SH,中证500,-1.0,,,,,5911.4352,short_index
2025-07-11,A,002534,西子洁能,0.2,建仓,entry,-0.016489623829601063,11.457895882385149,11.75,long
2025-07-11,A,603391,力聚热能,0.2,缩量回踩确认,confirming,1.4971291533435283,99.8601948422077,39.17,long
2025-07-11,A,002967,广电计量,0.2,试仓·放量破压,trial,0.26050962993183413,22.613542760977104,17.76,long
2025-07-11,A,605589,圣泉集团,0.2,缩量回踩确认,confirming,0.4259287035648218,41.052487375631216,28.48,long
2025-07-11,A,600783,鲁信创投,0.2,试仓·放量破压,trial,0.01705198548188913,13.292869450248292,13.03,long
2025-07-11,A,000905.SH,中证500,-1.0,,,,,6027.0789,short_index
2025-07-18,A,605589,圣泉集团,0.16666666666666666,建仓,entry,0.3148925933859863,41.45856346946015,31.2,long
2025-07-18,A,002534,西子洁能,0.16666666666666666,建仓,entry,-0.023753820767254186,11.246355984761232,11.75,long
2025-07-18,A,603636,南威软件,0.16666666666666666,缩量回踩确认,confirming,,,13.4,long
2025-07-18,A,002967,广电计量,0.16666666666666666,缩量回踩确认,confirming,0.26172672682792064,22.837253755585365,17.49,long
2025-07-18,A,603391,力聚热能,0.16666666666666666,缩量回踩确认,confirming,1.4670769080070531,98.01696555512021,39.17,long
2025-07-18,A,003005,竞业达,0.16666666666666666,试仓·放量破压,trial,-0.6493622213669186,7.612346174124197,21.61,long
2025-07-18,A,000905.SH,中证500,-1.0,,,,,6099.6104,short_index
2025-07-25,A,605589,圣泉集团,0.2,缩量回踩确认,confirming,0.41927471074860345,43.273685930724916,31.18,long
2025-07-25,A,603755,日辰股份,0.2,试仓·放量破压,trial,-0.2335940076929669,20.532016533905416,26.31,long
2025-07-25,A,603636,南威软件,0.2,缩量回踩确认,confirming,,,13.4,long
2025-07-25,A,600730,*ST高科,0.2,试仓·放量破压,trial,-0.5925626684319991,2.9254000406582463,7.18,long
2025-07-25,A,603660,苏州科达,0.2,试仓·放量破压,trial,,,7.39,long
2025-07-25,A,000905.SH,中证500,-1.0,,,,,6299.5908,short_index
2025-08-01,A,605589,圣泉集团,0.25,建仓,entry,0.34688459102645286,42.85786768646173,32.73,long
2025-08-01,A,603660,苏州科达,0.25,缩量回踩确认,confirming,,,7.29,long
2025-08-01,A,603636,南威软件,0.25,缩量回踩确认,confirming,,,13.4,long
2025-08-01,A,600730,*ST高科,0.25,试仓·放量破压,trial,-0.6599419099094034,2.897294927571883,7.18,long
2025-08-01,A,000905.SH,中证500,-1.0,,,,,6213.2014,short_index
2025-08-08,A,605589,圣泉集团,0.14285714285714285,建仓,entry,0.40563803217125494,43.43421519409178,32.73,long
2025-08-08,A,000980,众泰汽车,0.14285714285714285,试仓·放量破压,trial,,,2.23,long
2025-08-08,A,603206,嘉环科技,0.14285714285714285,试仓·放量破压,trial,-0.5443372928568276,8.229268491005692,18.02,long
2025-08-08,A,002354,天娱数科,0.14285714285714285,试仓·放量破压,trial,,,7.45,long
2025-08-08,A,600730,*ST高科,0.14285714285714285,试仓·放量破压,trial,-0.6414829465171924,2.936254668024194,7.18,long
2025-08-08,A,603389,亚振家居,0.14285714285714285,试仓·放量破压,trial,,,27.4,long
2025-08-08,A,600113,浙江东日,0.14285714285714285,试仓·放量破压,trial,-0.6018630539632017,13.066854568927718,32.73,long
2025-08-08,A,000905.SH,中证500,-1.0,,,,,6323.4999,short_index
2025-08-15,A,000980,众泰汽车,0.1,建仓,entry,,,2.5,long
2025-08-15,A,605589,圣泉集团,0.1,建仓,entry,0.3446826818213655,44.64346503646934,32.73,long
2025-08-15,A,001211,双枪科技,0.1,缩量回踩确认,confirming,-0.3746649916247905,15.120600502512566,17.76,long
2025-08-15,A,603206,嘉环科技,0.1,缩量回踩确认,confirming,-0.5285187064846495,8.458374405665388,18.35,long
2025-08-15,A,002354,天娱数科,0.1,试仓·放量破压,trial,,,7.45,long
2025-08-15,A,600113,浙江东日,0.1,试仓·放量破压,trial,-0.7361365523821863,13.430649483746713,32.73,long
2025-08-15,A,600730,*ST高科,0.1,试仓·放量破压,trial,-0.6574345249474287,3.018001835213153,7.18,long
2025-08-15,A,603081,大丰实业,0.1,试仓·放量破压,trial,-0.5540422568315067,6.02934868763803,13.31,long
2025-08-15,A,603389,亚振家居,0.1,试仓·放量破压,trial,,,27.4,long
2025-08-15,A,603739,蔚蓝生物,0.1,试仓·放量破压,trial,0.0,15.16,15.04,long
2025-08-15,A,000905.SH,中证500,-1.0,,,,,6568.57,short_index
2025-08-22,A,603739,蔚蓝生物,0.2,缩量回踩确认,confirming,0.0,15.19,15.48,long
2025-08-22,A,001215,千味央厨,0.2,缩量回踩确认,confirming,-0.2933742875962997,21.5026204284446,30.43,long
2025-08-22,A,002534,西子洁能,0.2,缩量回踩确认,confirming,-0.12831829034794207,13.476199231220816,16.06,long
2025-08-22,A,600841,动力新科,0.2,缩量回踩确认,confirming,,,7.38,long
2025-08-22,A,603206,嘉环科技,0.2,缩量回踩确认,confirming,-0.5230542449474398,8.790110265618685,18.35,long
2025-08-22,A,000905.SH,中证500,-1.0,,,,,6822.8469,short_index
2025-08-29,A,002650,ST加加,0.25,缩量回踩确认,confirming,,,6.86,long
2025-08-29,A,000980,众泰汽车,0.25,试仓·放量破压,trial,,,2.62,long
2025-08-29,A,000929,兰州黄河,0.25,试仓·放量破压,trial,,,8.76,long
2025-08-29,A,600113,浙江东日,0.25,试仓·放量破压,trial,-0.7614453361339741,14.105737274398109,61.03,long
2025-08-29,A,000905.SH,中证500,-1.0,,,,,7043.9416,short_index
2025-09-05,A,603231,索宝蛋白,0.2,试仓·放量破压,trial,0.1559595482627001,22.67992633691418,19.31,long
2025-09-05,A,000929,兰州黄河,0.2,缩量回踩确认,confirming,,,8.78,long
2025-09-05,A,600113,浙江东日,0.2,缩量回踩确认,confirming,-0.7640227279088645,14.227069734374563,59.93,long
2025-09-05,A,603777,来伊份,0.2,试仓·放量破压,trial,,,14.78,long
2025-09-05,A,000980,众泰汽车,0.2,试仓·放量破压,trial,,,2.62,long
2025-09-05,A,000905.SH,中证500,-1.0,,,,,6913.9532,short_index
2025-09-12,A,002124,天邦食品,0.3333333333333333,试仓·放量破压,trial,7.361718286132476,26.423029784178624,3.18,long
2025-09-12,A,600113,浙江东日,0.3333333333333333,缩量回踩确认,confirming,-0.7489610225158371,14.85397629773792,59.93,long
2025-09-12,A,000980,众泰汽车,0.3333333333333333,试仓·放量破压,trial,,,2.62,long
2025-09-12,A,000905.SH,中证500,-1.0,,,,,7147.7489,short_index
2025-09-19,A,001215,千味央厨,0.25,缩量回踩确认,confirming,-0.5482308611052769,17.844880986341565,38.3,long
2025-09-19,A,600576,祥源文旅,0.25,试仓·放量破压,trial,1.2094826901583868,19.332973538885884,8.75,long
2025-09-19,A,603668,天马科技,0.25,试仓·放量破压,trial,-0.5991570352776587,6.0928130637795865,15.2,long
2025-09-19,A,603721,中广天择,0.25,缩量回踩确认,confirming,,,20.81,long
2025-09-19,A,000905.SH,中证500,-1.0,,,,,7170.3488,short_index
2025-09-26,A,001215,千味央厨,0.25,缩量回踩确认,confirming,-0.5462277074706032,17.924005554911176,38.3,long
2025-09-26,A,000980,众泰汽车,0.25,缩量回踩确认,confirming,,,3.63,long
2025-09-26,A,603668,天马科技,0.25,试仓·放量破压,trial,-0.5967338492386867,6.07318823046538,15.2,long
2025-09-26,A,603391,力聚热能,0.25,试仓·放量破压,trial,2.195205925121224,164.84067367700396,50.43,long
2025-09-26,A,000905.SH,中证500,-1.0,,,,,7240.9114,short_index
2025-09-30,A,603755,日辰股份,0.2,建仓,entry,-0.3691533543496741,20.33218738931,30.3,long
2025-09-30,A,000980,众泰汽车,0.2,缩量回踩确认,confirming,,,3.63,long
2025-09-30,A,001215,千味央厨,0.2,缩量回踩确认,confirming,-0.5613440410822893,17.642742667670323,38.3,long
2025-09-30,A,603668,天马科技,0.2,试仓·放量破压,trial,-0.6223624778684744,6.102622357645454,15.2,long
2025-09-30,A,603391,力聚热能,0.2,试仓·放量破压,trial,2.2907983123299838,173.03017526231054,50.43,long
2025-09-30,A,000905.SH,中证500,-1.0,,,,,7412.3684,short_index
2025-10-10,A,603755,日辰股份,0.25,建仓,entry,-0.29477333333333333,21.699824533333334,30.3,long
2025-10-10,A,001215,千味央厨,0.25,缩量回踩确认,confirming,-0.547368483717386,18.829471077356743,38.3,long
2025-10-10,A,603391,力聚热能,0.25,缩量回踩确认,confirming,2.342539199973564,177.15457759859888,51.76,long
2025-10-10,A,603668,天马科技,0.25,试仓·放量破压,trial,-0.6191392367099048,6.0937722126415235,15.2,long
2025-10-10,A,000905.SH,中证500,-1.0,,,,,7398.2241,short_index
2025-10-17,A,603389,亚振家居,1.0,试仓·放量破压,trial,,,33.26,long
2025-10-17,A,000905.SH,中证500,-1.0,,,,,7016.0661,short_index
2025-10-24,A,002306,ST云网,0.5,试仓·放量破压,trial,,,2.01,long
2025-10-24,A,603389,亚振家居,0.5,试仓·放量破压,trial,,,33.26,long
2025-10-24,A,000905.SH,中证500,-1.0,,,,,7258.5343,short_index
2025-10-31,A,002967,广电计量,0.5,试仓·放量破压,trial,0.5352049632201688,32.162543979462534,20.7,long
2025-10-31,A,600826,兰生股份,0.5,试仓·放量破压,trial,4.7652525197289055,65.49326862412036,11.09,long
2025-10-31,A,000905.SH,中证500,-1.0,,,,,7331.0031,short_index
2025-11-07,A,002494,华斯股份,0.2,缩量回踩确认,confirming,-0.6666912558499795,1.8731951421231154,5.59,long
2025-11-07,A,600238,*ST椰岛,0.2,缩量回踩确认,confirming,,,6.85,long
2025-11-07,A,600826,兰生股份,0.2,缩量回踩确认,confirming,4.599656155059938,64.62003202939168,11.12,long
2025-11-07,A,002650,ST加加,0.2,试仓·放量破压,trial,,,7.2,long
2025-11-07,A,603739,蔚蓝生物,0.2,试仓·放量破压,trial,0.0,15.52,15.56,long
2025-11-07,A,000905.SH,中证500,-1.0,,,,,7327.9108,short_index
2025-11-14,A,603231,索宝蛋白,0.14285714285714285,缩量回踩确认,confirming,0.24510513608523588,26.433582039089558,21.29,long
2025-11-14,A,002682,龙洲股份,0.14285714285714285,试仓·放量破压,trial,,,5.35,long
2025-11-14,A,600238,*ST椰岛,0.14285714285714285,缩量回踩确认,confirming,,,6.85,long
2025-11-14,A,600826,兰生股份,0.14285714285714285,缩量回踩确认,confirming,4.590914610698456,64.35142716913923,11.12,long
2025-11-14,A,603739,蔚蓝生物,0.14285714285714285,缩量回踩确认,confirming,0.0,15.9,15.74,long
2025-11-14,A,001313,粤海饲料,0.14285714285714285,试仓·放量破压,trial,-0.7831148432049784,1.8435238327576833,7.47,long
2025-11-14,A,002650,ST加加,0.14285714285714285,试仓·放量破压,trial,,,7.2,long
2025-11-14,A,000905.SH,中证500,-1.0,,,,,7235.4617,short_index
2025-11-21,A,002682,龙洲股份,0.5,建仓,entry,,,7.84,long
2025-11-21,A,002696,百洋股份,0.5,试仓·放量破压,trial,2.3826983943819853,24.389255423494113,7.2,long
2025-11-21,A,000905.SH,中证500,-1.0,,,,,6817.4103,short_index
2025-11-28,A,002682,龙洲股份,1.0,建仓,entry,,,7.84,long
2025-11-28,A,000905.SH,中证500,-1.0,,,,,7031.5505,short_index
2025-12-05,A,002682,龙洲股份,1.0,建仓,entry,,,7.84,long
2025-12-05,A,000905.SH,中证500,-1.0,,,,,7097.8389,short_index
2025-12-12,A,002682,龙洲股份,0.5,试仓·放量破压,trial,,,9.54,long
2025-12-12,A,600730,*ST高科,0.5,试仓·放量破压,trial,-0.8554549160678634,2.299712285360294,15.91,long
2025-12-12,A,000905.SH,中证500,-1.0,,,,,7169.791,short_index
2025-12-19,A,600730,*ST高科,0.3333333333333333,试仓·放量破压,trial,,,15.91,long
2025-12-19,A,603777,来伊份,0.3333333333333333,试仓·放量破压,trial,,,14.84,long
2025-12-19,A,002682,龙洲股份,0.3333333333333333,试仓·放量破压,trial,,,9.54,long
2025-12-19,A,000905.SH,中证500,-1.0,,,,,7169.5511,short_index
2025-12-26,A,603031,安孚科技,0.5,试仓·放量破压,trial,-0.3284243493963439,32.014011264276284,31.66,long
2025-12-26,A,002682,龙洲股份,0.5,试仓·放量破压,trial,,,9.54,long
2025-12-26,A,000905.SH,中证500,-1.0,,,,,7458.8386,short_index
2025-12-31,A,603031,安孚科技,1.0,缩量回踩确认,confirming,-0.27733631105496026,32.01400142026526,31.41,long
2025-12-31,A,000905.SH,中证500,-1.0,,,,,7465.5742,short_index
2026-01-09,A,603031,安孚科技,0.2,建仓,entry,-0.33660651122293794,34.6158722443871,35.83,long
2026-01-09,A,603081,大丰实业,0.2,缩量回踩确认,confirming,0.12754325851125814,15.920910810178965,14.03,long
2026-01-09,A,603721,中广天择,0.2,试仓·放量破压,trial,,,20.67,long
2026-01-09,A,001215,千味央厨,0.2,试仓·放量破压,trial,-0.6750676495060183,15.327058972801119,44.92,long
2026-01-09,A,605589,圣泉集团,0.2,试仓·放量破压,trial,0.9135641319029935,57.292110109175624,29.56,long
2026-01-09,A,000905.SH,中证500,-1.0,,,,,8056.6858,short_index
2026-01-16,A,603031,安孚科技,0.14285714285714285,建仓,entry,-0.38857647771093196,33.506009021440924,35.83,long
2026-01-16,A,603721,中广天择,0.14285714285714285,建仓,entry,,,20.83,long
2026-01-16,A,600783,鲁信创投,0.14285714285714285,缩量回踩确认,confirming,-0.46707292592929983,15.326982650273338,31.85,long
2026-01-16,A,603081,大丰实业,0.14285714285714285,缩量回踩确认,confirming,0.18176373842468463,16.284704315492153,14.03,long
2026-01-16,A,603660,苏州科达,0.14285714285714285,缩量回踩确认,confirming,,,11.24,long
2026-01-16,A,000929,兰州黄河,0.14285714285714285,试仓·放量破压,trial,,,10.2,long
2026-01-16,A,002131,利欧股份,0.14285714285714285,试仓·放量破压,trial,,,10.35,long
2026-01-16,A,000905.SH,中证500,-1.0,,,,,8232.674,short_index
2026-01-23,A,603031,安孚科技,0.1111111111111111,建仓,entry,-0.3152014264731935,35.81496539545198,35.83,long
2026-01-23,A,000929,兰州黄河,0.1111111111111111,缩量回踩确认,confirming,,,10.67,long
2026-01-23,A,002131,利欧股份,0.1111111111111111,缩量回踩确认,confirming,-0.5878370941111722,3.462168409466153,8.38,long
2026-01-23,A,603081,大丰实业,0.1111111111111111,缩量回踩确认,confirming,0.20256975187540016,17.304978729487008,14.03,long
2026-01-23,A,603660,苏州科达,0.1111111111111111,缩量回踩确认,confirming,,,11.24,long
2026-01-23,A,600826,兰生股份,0.1111111111111111,试仓·放量破压,trial,4.24921957435883,65.09032272204949,11.81,long
2026-01-23,A,605016,百龙创园,0.1111111111111111,试仓·放量破压,trial,0.0,24.73,22.63,long
2026-01-23,A,600783,鲁信创投,0.1111111111111111,缩量回踩确认,confirming,-0.39339826466006467,16.287256593877263,31.85,long
2026-01-23,A,600186,莲花控股,0.1111111111111111,试仓·放量破压,trial,-0.2761456360424479,4.596475211130455,6.35,long
2026-01-23,A,000905.SH,中证500,-1.0,,,,,8590.1659,short_index
2026-01-30,A,600826,兰生股份,0.16666666666666666,建仓,entry,3.8691065570793937,62.47063712732862,12.53,long
2026-01-30,A,000929,兰州黄河,0.16666666666666666,建仓,entry,,,10.41,long
2026-01-30,A,002131,利欧股份,0.16666666666666666,缩量回踩确认,confirming,-0.6387889723098672,3.366486778072037,8.38,long
2026-01-30,A,600841,动力新科,0.16666666666666666,试仓·放量破压,trial,,,8.62,long
2026-01-30,A,605016,百龙创园,0.16666666666666666,试仓·放量破压,trial,0.0,25.23,22.63,long
2026-01-30,A,600783,鲁信创投,0.16666666666666666,缩量回踩确认,confirming,-0.3375670545926778,15.37506866290395,31.85,long
2026-01-30,A,000905.SH,中证500,-1.0,,,,,8370.5203,short_index
2026-02-06,A,000929,兰州黄河,0.14285714285714285,建仓,entry,,,10.41,long
2026-02-06,A,600826,兰生股份,0.14285714285714285,建仓,entry,3.9992752142428385,60.79118660519292,12.53,long
2026-02-06,A,603020,爱普股份,0.14285714285714285,试仓·放量破压,trial,0.27930624495938394,14.635263442335352,11.52,long
2026-02-06,A,002131,利欧股份,0.14285714285714285,缩量回踩确认,confirming,-0.5959309622895083,3.4184240590307606,8.38,long
2026-02-06,A,600841,动力新科,0.14285714285714285,缩量回踩确认,confirming,,,8.78,long
2026-02-06,A,603031,安孚科技,0.14285714285714285,试仓·放量破压,trial,-0.34513974798590763,35.36245360876099,38.22,long
2026-02-06,A,605016,百龙创园,0.14285714285714285,试仓·放量破压,trial,0.0,26.8,22.63,long
2026-02-06,A,000905.SH,中证500,-1.0,,,,,8146.4128,short_index
2026-02-13,A,000929,兰州黄河,0.3333333333333333,建仓,entry,,,10.41,long
2026-02-13,A,600826,兰生股份,0.3333333333333333,建仓,entry,5.452103475140168,78.45757825770444,12.53,long
2026-02-13,A,600841,动力新科,0.3333333333333333,缩量回踩确认,confirming,,,8.78,long
2026-02-13,A,000905.SH,中证500,-1.0,,,,,8299.585,short_index
2026-02-27,A,600826,兰生股份,1.0,建仓,entry,5.6556822777642966,79.86818733317156,12.53,long
2026-02-27,A,000905.SH,中证500,-1.0,,,,,8658.4503,short_index
2026-03-06,A,000905.SH,中证500,0.0,,,,,8360.3347,short_index
2026-03-13,A,000905.SH,中证500,0.0,,,,,8239.798,short_index
2026-03-20,A,000905.SH,中证500,0.0,,,,,7760.0365,short_index
2026-03-27,A,000905.SH,中证500,0.0,,,,,7737.6144,short_index
2026-04-03,A,002650,ST加加,1.0,试仓·放量破压,trial,,,6.89,long
2026-04-03,A,000905.SH,中证500,-1.0,,,,,7534.938,short_index
2026-04-10,A,001211,双枪科技,0.25,试仓·放量破压,trial,-0.5961065181947338,12.391452021785568,22.09,long
2026-04-10,A,002650,ST加加,0.25,试仓·放量破压,trial,,,6.89,long
2026-04-10,A,600749,西藏旅游,0.25,试仓·放量破压,trial,-0.43806726831976117,9.547237111247258,16.99,long
2026-04-10,A,603777,来伊份,0.25,试仓·放量破压,trial,,,16.97,long
2026-04-10,A,000905.SH,中证500,-1.0,,,,,7969.3646,short_index
2026-04-17,A,001211,双枪科技,0.25,建仓,entry,-0.6462070983322836,11.250614273033381,22.89,long
2026-04-17,A,001313,粤海饲料,0.25,试仓·放量破压,trial,-0.7915486932566981,1.757244515846035,8.43,long
2026-04-17,A,002515,金字火腿,0.25,试仓·放量破压,trial,-0.8100589964708721,1.215622422586419,6.39,long
2026-04-17,A,603777,来伊份,0.25,试仓·放量破压,trial,,,17.0,long
2026-04-17,A,000905.SH,中证500,-1.0,,,,,8214.1939,short_index
2026-04-24,A,001211,双枪科技,0.2,建仓,entry,-0.597488536747677,13.906771055367761,22.89,long
2026-04-24,A,001313,粤海饲料,0.2,缩量回踩确认,confirming,-0.7957796703239322,1.7440416154336196,8.37,long
2026-04-24,A,002515,金字火腿,0.2,缩量回踩确认,confirming,-0.7656542866081721,1.4927821943059434,6.36,long
2026-04-24,A,603389,亚振家居,0.2,试仓·放量破压,trial,,,53.34,long
2026-04-24,A,603660,苏州科达,0.2,试仓·放量破压,trial,,,10.66,long
2026-04-24,A,000905.SH,中证500,-1.0,,,,,8247.8759,short_index
2026-04-30,A,001211,双枪科技,0.14285714285714285,建仓,entry,,,22.89,long
2026-04-30,A,603389,亚振家居,0.14285714285714285,建仓,entry,,,61.82,long
2026-04-30,A,603031,安孚科技,0.14285714285714285,试仓·放量破压,trial,-0.23536548405510382,31.73233241171319,41.08,long
2026-04-30,A,001313,粤海饲料,0.14285714285714285,缩量回踩确认,confirming,0.0,8.47,8.37,long
2026-04-30,A,002494,华斯股份,0.14285714285714285,试仓·放量破压,trial,-0.5150049709936917,3.011819130129175,6.21,long
2026-04-30,A,603660,苏州科达,0.14285714285714285,试仓·放量破压,trial,,,10.66,long
2026-04-30,A,603721,中广天择,0.14285714285714285,试仓·放量破压,trial,-0.6651697533125874,8.24686897591097,23.07,long
2026-04-30,A,000905.SH,中证500,-1.0,,,,,8349.5081,short_index
2026-05-08,A,001313,粤海饲料,0.1111111111111111,建仓,entry,0.0,9.59,9.59,long
2026-05-08,A,603389,亚振家居,0.1111111111111111,建仓,entry,,,61.82,long
2026-05-08,A,000980,众泰汽车,0.1111111111111111,试仓·放量破压,trial,,,2.63,long
2026-05-08,A,001215,千味央厨,0.1111111111111111,试仓·放量破压,trial,-0.3221179464314843,33.22299944539295,48.36,long
2026-05-08,A,002695,煌上煌,0.1111111111111111,试仓·放量破压,trial,-0.4347556027076164,7.38209182863853,11.8,long
2026-05-08,A,600730,*ST高科,0.1111111111111111,试仓·放量破压,trial,,,10.38,long
2026-05-08,A,603031,安孚科技,0.1111111111111111,试仓·放量破压,trial,-0.2803572385066434,35.248102457944604,41.08,long
2026-05-08,A,603660,苏州科达,0.1111111111111111,试仓·放量破压,trial,,,10.66,long
2026-05-08,A,603721,中广天择,0.1111111111111111,试仓·放量破压,trial,-0.6468553201424332,9.160572995505282,23.07,long
2026-05-08,A,000905.SH,中证500,-1.0,,,,,8694.1709,short_index
2026-05-15,A,600730,*ST高科,0.125,建仓,entry,,,11.5,long
2026-05-15,A,603389,亚振家居,0.125,建仓,entry,,,61.82,long
2026-05-15,A,000980,众泰汽车,0.125,缩量回踩确认,confirming,,,2.73,long
2026-05-15,A,002023,海特高新,0.125,缩量回踩确认,confirming,,,13.29,long
2026-05-15,A,603081,大丰实业,0.125,试仓·放量破压,trial,-0.32571067989069535,8.691589336208937,12.81,long
2026-05-15,A,603660,苏州科达,0.125,试仓·放量破压,trial,,,10.66,long
2026-05-15,A,002695,煌上煌,0.125,试仓·放量破压,trial,-0.45403054847169944,6.911973256348285,11.8,long
2026-05-15,A,603721,中广天择,0.125,试仓·放量破压,trial,-0.648770914332438,8.717505906268887,23.07,long
2026-05-15,A,000905.SH,中证500,-1.0,,,,,8536.3444,short_index
2026-05-22,A,600730,*ST高科,0.2,建仓,entry,,,11.5,long
2026-05-22,A,603389,亚振家居,0.2,建仓,entry,,,61.82,long
2026-05-22,A,603779,威龙股份,0.2,试仓·放量破压,trial,,,12.0,long
2026-05-22,A,002354,天娱数科,0.2,试仓·放量破压,trial,,,7.08,long
2026-05-22,A,603031,安孚科技,0.2,试仓·放量破压,trial,-0.4005890406421482,33.51306673769749,56.98,long
2026-05-22,A,000905.SH,中证500,-1.0,,,,,8576.9402,short_index
2026-05-29,A,600730,*ST高科,0.2,建仓,entry,,,11.5,long
2026-05-29,A,603389,亚振家居,0.2,建仓,entry,,,61.82,long
2026-05-29,A,603031,安孚科技,0.2,缩量回踩确认,confirming,-0.4771411843855441,31.423814818428802,53.13,long
2026-05-29,A,002354,天娱数科,0.2,试仓·放量破压,trial,,,7.08,long
2026-05-29,A,603779,威龙股份,0.2,试仓·放量破压,trial,,,12.0,long
2026-05-29,A,000905.SH,中证500,-1.0,,,,,8359.5596,short_index
2026-06-05,A,600730,*ST高科,0.3333333333333333,建仓,entry,,,11.5,long
2026-06-05,A,603031,安孚科技,0.3333333333333333,缩量回踩确认,confirming,-0.44934018214916693,31.67395272277992,53.13,long
2026-06-05,A,603779,威龙股份,0.3333333333333333,试仓·放量破压,trial,,,12.0,long
2026-06-05,A,000905.SH,中证500,-1.0,,,,,8251.1407,short_index
2026-06-12,A,000905.SH,中证500,0.0,,,,,8106.203,short_index
2026-06-18,A,000905.SH,中证500,0.0,,,,,8673.0899,short_index
2026-06-26,A,002354,天娱数科,1.0,试仓·放量破压,trial,,,8.83,long
2026-06-26,A,000905.SH,中证500,-1.0,,,,,8703.5652,short_index
2026-07-03,A,002354,天娱数科,1.0,试仓·放量破压,trial,,,8.83,long
2026-07-03,A,000905.SH,中证500,-1.0,,,,,8745.2607,short_index
2026-07-10,A,603020,爱普股份,1.0,试仓·放量破压,trial,-0.1342081356281254,12.1470598571374,13.22,long
2026-07-10,A,000905.SH,中证500,-1.0,,,,,8503.9705,short_index
2026-07-17,A,000905.SH,中证500,0.0,,,,,7513.7627,short_index
2026-07-24,A,000905.SH,中证500,0.0,,,,,7532.7006,short_index
2026-07-30,A,002891,中宠股份,0.5,缩量回踩确认,confirming,2.0645342944025225,99.75059128280209,32.55,long
2026-07-30,A,003032,传智教育,0.5,缩量回踩确认,confirming,,,8.01,long
2026-07-30,A,000905.SH,中证500,-1.0,,,,,7309.5753,short_index
2025-06-06,B,002124,天邦食品,0.1,作废,invalid,7.503054960117824,25.764256529157006,3.03,long
2025-06-06,B,600827,百联股份,0.1,观察,watch,2.438827126705801,32.01548054963101,8.9,long
2025-06-06,B,603391,力聚热能,0.1,止跌缩量候选,candidate,1.509994906127201,95.88180541405909,37.31,long
2025-06-06,B,600597,光明乳业,0.1,观察,watch,1.1256606503249293,18.259424986291144,8.44,long
2025-06-06,B,603345,安井食品,0.1,观察,watch,0.9323825634665974,157.70174100450902,77.69,long
2025-06-06,B,601949,中国出版,0.1,观察,watch,0.8210599965016621,11.873311177190836,6.3,long
2025-06-06,B,600826,兰生股份,0.1,止跌缩量候选,candidate,0.8166023550995587,14.24216246398054,7.39,long
2025-06-06,B,002661,克明食品,0.1,观察,watch,0.7228349837640553,17.624601883906287,9.89,long
2025-06-06,B,603043,广州酒家,0.1,观察,watch,0.6587344650285505,26.755386920910517,15.58,long
2025-06-06,B,600600,青岛啤酒,0.1,观察,watch,0.6141871807707133,119.07858832545551,68.44,long
2025-06-06,B,000905.SH,中证500,-1.0,,,,,5762.0778,short_index
2025-06-13,B,002124,天邦食品,0.1,作废,invalid,7.538572169916227,25.444945066350357,2.98,long
2025-06-13,B,600827,百联股份,0.1,观察,watch,2.411225094649891,31.349158619832497,8.78,long
2025-06-13,B,603391,力聚热能,0.1,止跌缩量候选,candidate,1.424404868765933,93.84871246992927,37.81,long
2025-06-13,B,600597,光明乳业,0.1,观察,watch,1.131030095979837,17.879342505270834,8.24,long
2025-06-13,B,603345,安井食品,0.1,观察,watch,0.9941676625834082,157.39965360770842,75.13,long
2025-06-13,B,601949,中国出版,0.1,观察,watch,0.7941664529559957,11.626198615154854,6.26,long
2025-06-13,B,600826,兰生股份,0.1,止跌缩量候选,candidate,0.7810637448210451,13.945729121948784,7.38,long
2025-06-13,B,002661,克明食品,0.1,观察,watch,0.7399391734100909,17.590785043176016,9.78,long
2025-06-13,B,603043,广州酒家,0.1,观察,watch,0.7107012606993921,26.70404667951751,15.08,long
2025-06-13,B,600600,青岛啤酒,0.1,观察,watch,0.6733599407196189,116.59972066934306,64.65,long
2025-06-13,B,000905.SH,中证500,-1.0,,,,,5740.2397,short_index
2025-06-20,B,002124,天邦食品,0.1,作废,invalid,7.2685914527310125,23.978915212919937,2.9,long
2025-06-20,B,600827,百联股份,0.1,观察,watch,2.4080130426717954,30.67211738404616,8.6,long
2025-06-20,B,603391,力聚热能,0.1,止跌缩量候选,candidate,1.398488639339016,91.67023579553718,37.33,long
2025-06-20,B,600597,光明乳业,0.1,观察,watch,1.1203799874876244,17.4931348967729,8.1,long
2025-06-20,B,603345,安井食品,0.1,观察,watch,0.9135753977708092,146.00580284991273,73.57,long
2025-06-20,B,600826,兰生股份,0.1,观察,watch,0.7882671748295453,13.64447854394943,7.2,long
2025-06-20,B,601949,中国出版,0.1,观察,watch,0.7718118420919067,11.375032026230041,6.2,long
2025-06-20,B,002661,克明食品,0.1,观察,watch,0.6650456063288583,16.317446942022812,9.48,long
2025-06-20,B,603043,广州酒家,0.1,观察,watch,0.6053847026475148,24.771085961851153,14.91,long
2025-06-20,B,600600,青岛啤酒,0.1,观察,watch,0.6042876838235294,114.08089719669117,65.97,long
2025-06-20,B,000905.SH,中证500,-1.0,,,,,5639.513,short_index
2025-06-27,B,002124,天邦食品,0.1,观察,watch,7.379846708746619,24.636749323715062,2.94,long
2025-06-27,B,600827,百联股份,0.1,观察,watch,2.4884531548573565,31.919346366944815,8.74,long
2025-06-27,B,603391,力聚热能,0.1,止跌缩量候选,candidate,1.4387615232738176,95.45312602093722,38.23,long
2025-06-27,B,600597,光明乳业,0.1,观察,watch,1.1595028205600695,18.204608777321386,8.28,long
2025-06-27,B,603345,安井食品,0.1,观察,watch,0.96447883407148,149.92902461633534,73.59,long
2025-06-27,B,601949,中国出版,0.1,观察,watch,0.7935867686990865,11.83767267341397,6.38,long
2025-06-27,B,600826,兰生股份,0.1,观察,watch,0.7358673579090713,14.199394987696202,7.94,long
2025-06-27,B,600600,青岛啤酒,0.1,观察,watch,0.7138874080643867,118.72098075662005,66.31,long
2025-06-27,B,002661,克明食品,0.1,观察,watch,0.6806366339905274,16.75594724088556,9.64,long
2025-06-27,B,603043,广州酒家,0.1,观察,watch,0.6295113655173887,25.436672415726438,15.08,long
2025-06-27,B,000905.SH,中证500,-1.0,,,,,5863.7282,short_index
2025-07-04,B,002124,天邦食品,0.1,观察,watch,7.269827800617401,24.97487995786455,3.02,long
2025-07-04,B,600827,百联股份,0.1,观察,watch,2.5076831248209337,32.270684748352586,8.79,long
2025-07-04,B,603391,力聚热能,0.1,止跌缩量候选,candidate,1.4769297386316853,96.99656856481678,38.25,long
2025-07-04,B,600597,光明乳业,0.1,观察,watch,1.1858566922573348,18.404913348806758,8.27,long
2025-07-04,B,603345,安井食品,0.1,观察,watch,1.1411833550901247,163.58640832888554,73.67,long
2025-07-04,B,601949,中国出版,0.1,观察,watch,0.8078473548463307,11.96794948908271,6.4,long
2025-07-04,B,002661,克明食品,0.1,观察,watch,0.7976752221658334,18.282357009426526,9.84,long
2025-07-04,B,600826,兰生股份,0.1,观察,watch,0.7967043987007396,14.35566814561891,7.76,long
2025-07-04,B,603043,广州酒家,0.1,观察,watch,0.7882618946599569,27.75382460512253,14.99,long
2025-07-04,B,600600,青岛啤酒,0.1,观察,watch,0.7560720808590797,120.0275267267181,65.42,long
2025-07-04,B,000905.SH,中证500,-1.0,,,,,5911.4352,short_index
2025-07-11,B,002124,天邦食品,0.1,观察,watch,7.222392221348395,25.40719196396654,3.09,long
2025-07-11,B,600827,百联股份,0.1,观察,watch,2.4218103957471944,32.57563496751329,9.1,long
2025-07-11,B,603391,力聚热能,0.1,缩量回踩确认,confirming,1.4971291533435283,99.8601948422077,39.17,long
2025-07-11,B,600597,光明乳业,0.1,观察,watch,1.1678955462130824,18.57886483104612,8.42,long
2025-07-11,B,603345,安井食品,0.1,观察,watch,0.8613774472880906,142.09755432597285,73.61,long
2025-07-11,B,600600,青岛啤酒,0.1,观察,watch,0.7608115424435558,121.16144223554107,65.87,long
2025-07-11,B,601949,中国出版,0.1,观察,watch,0.7585232123546264,12.081054468876284,6.64,long
2025-07-11,B,603043,广州酒家,0.1,观察,watch,0.720816142746445,27.395392992523405,15.38,long
2025-07-11,B,002661,克明食品,0.1,观察,watch,0.7137903524369196,18.046212411160763,10.18,long
2025-07-11,B,600826,兰生股份,0.1,观察,watch,0.6119369242073136,14.491312948623749,8.73,long
2025-07-11,B,000905.SH,中证500,-1.0,,,,,6027.0789,short_index
2025-07-18,B,002124,天邦食品,0.1,止跌缩量候选,candidate,7.709441606482297,26.215419235511714,3.01,long
2025-07-18,B,600827,百联股份,0.1,观察,watch,2.43401201449076,32.89783509882148,9.15,long
2025-07-18,B,603391,力聚热能,0.1,缩量回踩确认,confirming,1.4670769080070531,98.01696555512021,39.17,long
2025-07-18,B,600597,光明乳业,0.1,观察,watch,1.186782733628076,18.762595854528893,8.43,long
2025-07-18,B,603345,安井食品,0.1,观察,watch,0.8517138075901374,136.82313324283524,71.25,long
2025-07-18,B,601949,中国出版,0.1,观察,watch,0.8182623855171276,12.200540606819926,6.58,long
2025-07-18,B,600600,青岛啤酒,0.1,观察,watch,0.7805631378218236,122.36029883111571,65.78,long
2025-07-18,B,603043,广州酒家,0.1,观察,watch,0.672704496923825,26.37854991648872,15.23,long
2025-07-18,B,002661,克明食品,0.1,观察,watch,0.664399915851478,17.37633512148943,10.1,long
2025-07-18,B,000957,中通客车,0.1,观察,watch,0.5890080463087135,17.908120681899202,11.16,long
2025-07-18,B,000905.SH,中证500,-1.0,,,,,6099.6104,short_index
2025-07-25,B,002124,天邦食品,0.1,止跌缩量候选,candidate,7.43565286914564,26.572306537808764,3.15,long
2025-07-25,B,600827,百联股份,0.1,观察,watch,2.514663165373166,34.33825912569583,9.34,long
2025-07-25,B,603391,力聚热能,0.1,观察,watch,1.586202950417178,103.65501425272049,39.15,long
2025-07-25,B,600597,光明乳业,0.1,观察,watch,1.245872529695374,19.584008458943664,8.56,long
2025-07-25,B,601949,中国出版,0.1,观察,watch,0.8590734600876209,12.734653201600203,6.71,long
2025-07-25,B,600600,青岛啤酒,0.1,观察,watch,0.8376568722875022,127.7171526239814,66.53,long
2025-07-25,B,603345,安井食品,0.1,观察,watch,0.6908976305761683,127.5782262269719,72.75,long
2025-07-25,B,000957,中通客车,0.1,观察,watch,0.6659704164712901,18.692188072807877,11.11,long
2025-07-25,B,002946,新乳业,0.1,观察,watch,0.5643500154105405,26.39058475997582,16.42,long
2025-07-25,B,603043,广州酒家,0.1,观察,watch,0.5411174246380748,24.596234097223675,15.42,long
2025-07-25,B,000905.SH,中证500,-1.0,,,,,6299.5908,short_index
2025-08-01,B,002124,天邦食品,0.1,止跌缩量候选,candidate,8.10651890482399,27.774882659713167,3.05,long
2025-08-01,B,600827,百联股份,0.1,观察,watch,2.449100889308691,34.008134768583695,9.42,long
2025-08-01,B,603391,力聚热能,0.1,止跌缩量候选,candidate,1.578085712689278,102.60781136503326,38.87,long
2025-08-01,B,600597,光明乳业,0.1,观察,watch,1.271175003667302,19.39583453131876,8.54,long
2025-08-01,B,600600,青岛啤酒,0.1,观察,watch,0.858780422213258,126.49000773161221,65.14,long
2025-08-01,B,601949,中国出版,0.1,观察,watch,0.8493134322653391,12.612317608049613,6.69,long
2025-08-01,B,000957,中通客车,0.1,观察,watch,0.6875651260229418,18.512589432471675,10.86,long
2025-08-01,B,603345,安井食品,0.1,观察,watch,0.620942243753603,120.35496159870502,71.6,long
2025-08-01,B,002946,新乳业,0.1,观察,watch,0.6114078508594813,26.137035340940784,15.79,long
2025-08-01,B,002661,克明食品,0.1,观察,watch,0.47823893626737757,15.284990601004683,10.0,long
2025-08-01,B,000905.SH,中证500,-1.0,,,,,6213.2014,short_index
2025-08-08,B,002124,天邦食品,0.1,止跌缩量候选,candidate,8.138226290862885,27.96297245004043,3.06,long
2025-08-08,B,600827,百联股份,0.1,观察,watch,2.4362626581169624,34.465714460913134,9.83,long
2025-08-08,B,603391,力聚热能,0.1,止跌缩量候选,candidate,1.7178455919255002,108.38768220598895,38.95,long
2025-08-08,B,600597,光明乳业,0.1,观察,watch,1.299031789197299,19.65672179763691,8.55,long
2025-08-08,B,600600,青岛啤酒,0.1,观察,watch,0.8918345398338066,128.19070841913873,64.86,long
2025-08-08,B,601949,中国出版,0.1,观察,watch,0.8824652919412037,12.781939332280773,6.66,long
2025-08-08,B,000957,中通客车,0.1,观察,watch,0.6963393803109255,18.761513546238838,10.95,long
2025-08-08,B,603345,安井食品,0.1,观察,watch,0.6943540748671908,124.51808096198984,70.86,long
2025-08-08,B,600576,祥源文旅,0.1,止跌缩量候选,candidate,0.5489252466520276,11.80281037948845,7.62,long
2025-08-08,B,002946,新乳业,0.1,观察,watch,0.52759063826473,26.488421667510416,16.88,long
2025-08-08,B,000905.SH,中证500,-1.0,,,,,6323.4999,short_index
2025-08-15,B,002124,天邦食品,0.1,作废,invalid,8.528106159120464,28.489037415770188,2.99,long
2025-08-15,B,600827,百联股份,0.1,观察,watch,2.600112506027109,35.425107059306754,9.65,long
2025-08-15,B,603391,力聚热能,0.1,止跌缩量候选,candidate,1.8858613753127784,114.45326214490478,38.74,long
2025-08-15,B,600597,光明乳业,0.1,观察,watch,1.3575250112557966,20.203989346462176,8.57,long
2025-08-15,B,601949,中国出版,0.1,观察,watch,0.9608645115480574,13.137792227371985,6.57,long
2025-08-15,B,600600,青岛啤酒,0.1,观察,watch,0.9491102635128279,131.75985381346715,64.71,long
2025-08-15,B,000957,中通客车,0.1,观察,watch,0.7483067236729137,19.28382316211224,10.92,long
2025-08-15,B,603345,安井食品,0.1,观察,watch,0.7290468569552653,127.51720570045082,71.12,long
2025-08-15,B,002946,新乳业,0.1,观察,watch,0.5912314559382439,27.225970211103352,16.65,long
2025-08-15,B,600576,祥源文旅,0.1,作废,invalid,0.5641515056167601,11.79370235235037,7.54,long
2025-08-15,B,000905.SH,中证500,-1.0,,,,,6568.57,short_index
2025-08-22,B,002124,天邦食品,0.1,作废,invalid,8.45212213427748,28.545408845517994,3.02,long
2025-08-22,B,600827,百联股份,0.1,观察,watch,2.63778748231045,36.81440932098175,9.92,long
2025-08-22,B,603391,力聚热能,0.1,止跌缩量候选,candidate,1.9865564076503741,122.65787166220086,40.11,long
2025-08-22,B,600597,光明乳业,0.1,观察,watch,1.3886576898081109,20.996301093413294,8.79,long
2025-08-22,B,600600,青岛啤酒,0.1,观察,watch,0.9969022099157876,136.92758453392554,65.64,long
2025-08-22,B,601949,中国出版,0.1,观察,watch,0.9366056572379367,13.653069883527452,6.91,long
2025-08-22,B,000957,中通客车,0.1,观察,watch,0.7625427486150078,20.04011105175264,11.26,long
2025-08-22,B,603345,安井食品,0.1,观察,watch,0.706084371020439,128.00751035766353,72.35,long
2025-08-22,B,605589,圣泉集团,0.1,止跌缩量候选,candidate,0.6252812213929961,51.35888659601868,31.26,long
2025-08-22,B,600576,祥源文旅,0.1,作废,invalid,0.6145065653089035,12.786891997246515,7.92,long
2025-08-22,B,000905.SH,中证500,-1.0,,,,,6822.8469,short_index
2025-08-29,B,002124,天邦食品,0.1,止跌缩量候选,candidate,7.890597773649574,26.938511254158207,3.03,long
2025-08-29,B,600826,兰生股份,0.1,作废,invalid,3.2580855055422706,49.351211009234916,11.25,long
2025-08-29,B,600827,百联股份,0.1,观察,watch,2.71673380821528,36.72133002516697,9.69,long
2025-08-29,B,603391,力聚热能,0.1,止跌缩量候选,candidate,1.800247324301254,112.03789544529317,39.08,long
2025-08-29,B,002891,中宠股份,0.1,观察,watch,1.6090933751280967,155.08451021761405,59.12,long
2025-08-29,B,600597,光明乳业,0.1,观察,watch,1.3826091418016806,20.94313435643677,8.79,long
2025-08-29,B,600576,祥源文旅,0.1,作废,invalid,1.088280543368921,16.748009957818745,8.02,long
2025-08-29,B,600600,青岛啤酒,0.1,观察,watch,1.0311172668513389,141.16265004616804,66.53,long
2025-08-29,B,000957,中通客车,0.1,观察,watch,1.0124761647951614,23.183725418440257,11.41,long
2025-08-29,B,601949,中国出版,0.1,观察,watch,0.954895623336592,13.625622494656046,6.83,long
2025-08-29,B,000905.SH,中证500,-1.0,,,,,7043.9416,short_index
2025-09-05,B,002124,天邦食品,0.1,止跌缩量候选,candidate,7.925169969412755,26.86476160793239,3.01,long
2025-09-05,B,600826,兰生股份,0.1,止跌缩量候选,candidate,7.415641344358175,107.29942714056673,12.38,long
2025-09-05,B,600827,百联股份,0.1,观察,watch,2.9118225686711208,37.94467891610987,9.51,long
2025-09-05,B,603391,力聚热能,0.1,观察,watch,2.6039386014939288,151.25730310470018,40.99,long
2025-09-05,B,002891,中宠股份,0.1,观察,watch,1.6759143380882895,153.86507444007665,57.19,long
2025-09-05,B,600576,祥源文旅,0.1,作废,invalid,1.346448540070408,19.780561192793538,8.43,long
2025-09-05,B,600597,光明乳业,0.1,观察,watch,1.323944671396832,20.148600301010532,8.67,long
2025-09-05,B,600600,青岛啤酒,0.1,观察,watch,1.0959318224759098,142.37664870078856,65.02,long
2025-09-05,B,000957,中通客车,0.1,观察,watch,1.043979169293133,23.38312169671344,11.33,long
2025-09-05,B,601949,中国出版,0.1,观察,watch,0.9917125766610282,13.742816778961096,6.76,long
2025-09-05,B,000905.SH,中证500,-1.0,,,,,6913.9532,short_index
2025-09-12,B,600826,兰生股份,0.1,作废,invalid,9.418184025682322,111.6829327553145,10.41,long
2025-09-12,B,002124,天邦食品,0.1,试仓·放量破压,trial,7.361718286132476,26.423029784178624,3.18,long
2025-09-12,B,600827,百联股份,0.1,观察,watch,3.1053785306518416,39.61690282079027,9.46,long
2025-09-12,B,603391,力聚热能,0.1,观察,watch,2.44293830327529,155.13879994558457,44.01,long
2025-09-12,B,002891,中宠股份,0.1,观察,watch,1.8785828240037086,159.47348844980544,55.1,long
2025-09-12,B,600597,光明乳业,0.1,观察,watch,1.41520419698616,21.036428555749456,8.71,long
2025-09-12,B,600576,祥源文旅,0.1,止跌缩量候选,candidate,1.2882205412647267,19.221052546623707,8.4,long
2025-09-12,B,600600,青岛啤酒,0.1,观察,watch,1.1892574850895126,148.6505832375779,64.99,long
2025-09-12,B,000957,中通客车,0.1,观察,watch,1.1210673940702471,24.413485705748545,11.4,long
2025-09-12,B,601949,中国出版,0.1,观察,watch,1.0152247772374698,14.348400413930786,6.98,long
2025-09-12,B,000905.SH,中证500,-1.0,,,,,7147.7489,short_index
2025-09-19,B,600826,兰生股份,0.1,作废,invalid,9.000426545595193,105.90451711785309,10.28,long
2025-09-19,B,002124,天邦食品,0.1,作废,invalid,7.469138299716812,25.576797665144774,3.21,long
2025-09-19,B,600827,百联股份,0.1,观察,watch,3.2624308863762463,40.10947464080048,9.23,long
2025-09-19,B,603391,力聚热能,0.1,观察,watch,2.0806596787057083,157.8530019368805,50.05,long
2025-09-19,B,002891,中宠股份,0.1,观察,watch,1.7845725988886691,151.42505792756583,54.09,long
2025-09-19,B,600597,光明乳业,0.1,观察,watch,1.4939189227006362,21.29806759986343,8.54,long
2025-09-19,B,600600,青岛啤酒,0.1,观察,watch,1.2312769153730598,150.4996279419129,64.56,long
2025-09-19,B,600576,祥源文旅,0.1,试仓·放量破压,trial,1.2094826901583868,19.332973538885884,8.75,long
2025-09-19,B,000957,中通客车,0.1,观察,watch,1.1796400741570503,24.71711844094095,11.23,long
2025-09-19,B,601949,中国出版,0.1,观察,watch,1.111461768831267,14.526856969559116,6.74,long
2025-09-19,B,000905.SH,中证500,-1.0,,,,,7170.3488,short_index
2025-09-26,B,600826,兰生股份,0.1,作废,invalid,8.620938777195228,98.13357552739132,9.9,long
2025-09-26,B,002124,天邦食品,0.1,作废,invalid,7.510252517062961,25.190347450506362,3.21,long
2025-09-26,B,600827,百联股份,0.1,观察,watch,3.347228182226436,39.21199820368245,8.84,long
2025-09-26,B,603391,力聚热能,0.1,试仓·放量破压,trial,2.195205925121224,164.84067367700396,50.43,long
2025-09-26,B,002891,中宠股份,0.1,观察,watch,1.8689868101432499,150.93739608163636,52.33,long
2025-09-26,B,600597,光明乳业,0.1,观察,watch,1.458248920741514,20.821368358680623,8.47,long
2025-09-26,B,600600,青岛啤酒,0.1,观察,watch,1.2105092228452543,147.13149387258014,63.71,long
2025-09-26,B,000957,中通客车,0.1,观察,watch,1.1947279854092563,24.16395511935591,10.9,long
2025-09-26,B,600576,祥源文旅,0.1,作废,invalid,1.1559983181475348,16.859906847913724,8.75,long
2025-09-26,B,601949,中国出版,0.1,观察,watch,1.070221795560287,14.20172151754357,6.72,long
2025-09-26,B,000905.SH,中证500,-1.0,,,,,7240.9114,short_index
2025-09-30,B,002124,天邦食品,0.1,作废,invalid,7.6267389907502885,25.190077852990843,3.21,long
2025-09-30,B,600826,兰生股份,0.1,作废,invalid,7.2911976392951665,86.47719137784858,10.13,long
2025-09-30,B,600827,百联股份,0.1,观察,watch,3.5279417808562457,40.66091719208909,8.8,long
2025-09-30,B,603391,力聚热能,0.1,试仓·放量破压,trial,2.2907983123299838,173.03017526231054,50.43,long
2025-09-30,B,002891,中宠股份,0.1,观察,watch,1.850383405674909,151.66890101596192,52.93,long
2025-09-30,B,600597,光明乳业,0.1,观察,watch,1.57340298864588,21.590851074738936,8.39,long
2025-09-30,B,600600,青岛啤酒,0.1,观察,watch,1.3144540656863248,152.56881201004254,63.1,long
2025-09-30,B,000957,中通客车,0.1,观察,watch,1.279980416008399,25.056984771932306,10.88,long
2025-09-30,B,600576,祥源文旅,0.1,作废,invalid,1.2061559402408366,17.03152385865926,8.75,long
2025-09-30,B,601949,中国出版,0.1,观察,watch,1.1849490659675532,14.72655670462131,6.61,long
2025-09-30,B,000905.SH,中证500,-1.0,,,,,7412.3684,short_index
2025-10-10,B,002124,天邦食品,0.1,作废,invalid,7.756116276970298,25.392737203213862,3.21,long
2025-10-10,B,600826,兰生股份,0.1,作废,invalid,6.9663592050435135,81.89417262784731,9.98,long
2025-10-10,B,600827,百联股份,0.1,观察,watch,3.3698418242602663,39.4159732548276,8.84,long
2025-10-10,B,603391,力聚热能,0.1,缩量回踩确认,confirming,2.342539199973564,177.15457759859888,51.76,long
2025-10-10,B,002891,中宠股份,0.1,观察,watch,1.7576146644553083,151.66880654504195,54.71,long
2025-10-10,B,600597,光明乳业,0.1,观察,watch,1.433680700291788,20.929654022509375,8.6,long
2025-10-10,B,600576,祥源文旅,0.1,作废,invalid,1.206297118516098,16.591354331241057,8.75,long
2025-10-10,B,600600,青岛啤酒,0.1,观察,watch,1.1933370399867762,147.89671660630833,64.54,long
2025-10-10,B,000957,中通客车,0.1,观察,watch,1.1250843229654506,24.2897138114951,11.32,long
2025-10-10,B,601949,中国出版,0.1,观察,watch,1.0931966805613982,14.275601361428736,6.69,long
2025-10-10,B,000905.SH,中证500,-1.0,,,,,7398.2241,short_index
2025-10-17,B,002124,天邦食品,0.1,作废,invalid,7.800745341614906,24.730094409937887,2.81,long
2025-10-17,B,600826,兰生股份,0.1,作废,invalid,7.773485257101761,89.66501932758001,9.98,long
2025-10-17,B,600827,百联股份,0.1,观察,watch,3.326213804914964,39.108972796431274,8.86,long
2025-10-17,B,603391,力聚热能,0.1,作废,invalid,2.3296427215097424,166.34895036662672,51.76,long
2025-10-17,B,002891,中宠股份,0.1,观察,watch,1.7793401382943697,154.3089644781034,55.22,long
2025-10-17,B,600576,祥源文旅,0.1,作废,invalid,1.5226918675654622,17.78497766633651,8.75,long
2025-10-17,B,600597,光明乳业,0.1,观察,watch,1.4402837532716997,20.766814740342163,8.51,long
2025-10-17,B,600600,青岛啤酒,0.1,观察,watch,1.1708020225437688,146.74621672395875,64.71,long
2025-10-17,B,601949,中国出版,0.1,观察,watch,1.1396602924302042,14.164551135887951,6.49,long
2025-10-17,B,000957,中通客车,0.1,观察,watch,0.9690060546733377,24.100634109201653,12.12,long
2025-10-17,B,000905.SH,中证500,-1.0,,,,,7016.0661,short_index
2025-10-24,B,600826,兰生股份,0.1,观察,watch,8.25181469208773,99.8270805276266,10.54,long
2025-10-24,B,002124,天邦食品,0.1,作废,invalid,7.887158354039149,25.595016059632748,2.88,long
2025-10-24,B,600827,百联股份,0.1,观察,watch,3.4028061854651446,40.109564349587465,8.93,long
2025-10-24,B,603391,力聚热能,0.1,作废,invalid,2.366920054370795,172.08328397889133,51.76,long
2025-10-24,B,002891,中宠股份,0.1,观察,watch,1.9309295574573642,159.32533074338232,54.07,long
2025-10-24,B,600576,祥源文旅,0.1,观察,watch,1.6266147129818207,18.885359786339293,7.19,long
2025-10-24,B,600597,光明乳业,0.1,观察,watch,1.490991116900251,21.29797404949715,8.55,long
2025-10-24,B,600600,青岛啤酒,0.1,观察,watch,1.2771855228594498,150.49919120578105,63.26,long
2025-10-24,B,601949,中国出版,0.1,观察,watch,1.1207070514773072,14.526843302619554,6.71,long
2025-10-24,B,002946,新乳业,0.1,观察,watch,0.9747563607677683,33.01792635203709,16.27,long
2025-10-24,B,000905.SH,中证500,-1.0,,,,,7258.5343,short_index
2025-10-31,B,600826,兰生股份,0.1,试仓·放量破压,trial,4.7652525197289055,65.49326862412036,11.09,long
2025-10-31,B,002891,中宠股份,0.1,观察,watch,2.9405323794718656,225.39845210579074,56.9,long
2025-10-31,B,002696,百洋股份,0.1,止跌缩量候选,candidate,2.3040900505735893,22.897344050474974,6.87,long
2025-10-31,B,002124,天邦食品,0.1,作废,invalid,1.8070070105423013,8.084180190361828,2.88,long
2025-10-31,B,600597,光明乳业,0.1,观察,watch,1.8045780046537638,23.446272118905465,8.36,long
2025-10-31,B,603391,力聚热能,0.1,作废,invalid,1.505130468480882,131.01832350155013,51.76,long
2025-10-31,B,600576,祥源文旅,0.1,观察,watch,1.4242950141338202,17.52765295218752,7.23,long
2025-10-31,B,600600,青岛啤酒,0.1,观察,watch,1.408933394617653,158.29101336032596,62.9,long
2025-10-31,B,000957,中通客车,0.1,观察,watch,1.2160781817145243,26.03891863514566,11.64,long
2025-10-31,B,002946,新乳业,0.1,观察,watch,1.1367827939256512,37.222756270184846,16.96,long
2025-10-31,B,000905.SH,中证500,-1.0,,,,,7331.0031,short_index
2025-11-07,B,600826,兰生股份,0.1,缩量回踩确认,confirming,4.599656155059938,64.62003202939168,11.12,long
2025-11-07,B,002891,中宠股份,0.1,观察,watch,2.967504640910364,225.98906434625434,56.66,long
2025-11-07,B,002696,百洋股份,0.1,止跌缩量候选,candidate,2.256361084534884,22.957345645970932,6.99,long
2025-11-07,B,600597,光明乳业,0.1,观察,watch,1.8220110980326218,23.620232890533043,8.37,long
2025-11-07,B,002124,天邦食品,0.1,观察,watch,1.8148942415402218,7.966150703558828,2.83,long
2025-11-07,B,600600,青岛啤酒,0.1,观察,watch,1.455954216426686,159.46510727258473,62.15,long
2025-11-07,B,603391,力聚热能,0.1,作废,invalid,1.3412747108327858,133.1951182992772,53.21,long
2025-11-07,B,600576,祥源文旅,0.1,观察,watch,1.2562319737606447,16.24487021107664,7.2,long
2025-11-07,B,002946,新乳业,0.1,观察,watch,1.246792925549972,37.498973927429034,16.24,long
2025-11-07,B,000957,中通客车,0.1,观察,watch,1.2382315536778328,26.2320738091042,11.61,long
2025-11-07,B,000905.SH,中证500,-1.0,,,,,7327.9108,short_index
2025-11-14,B,600826,兰生股份,0.1,缩量回踩确认,confirming,4.590914610698456,64.35142716913923,11.12,long
2025-11-14,B,002891,中宠股份,0.1,观察,watch,2.9976918652884024,229.7473514981245,57.16,long
2025-11-14,B,002696,百洋股份,0.1,止跌缩量候选,candidate,2.223633584026759,23.339107148353737,7.18,long
2025-11-14,B,002124,天邦食品,0.1,止跌缩量候选,candidate,1.8436121136228047,8.16116676609745,2.87,long
2025-11-14,B,600597,光明乳业,0.1,观察,watch,1.7655608214849923,24.198657187993682,8.75,long
2025-11-14,B,600600,青岛啤酒,0.1,观察,watch,1.46632854325162,163.3696027049873,63.41,long
2025-11-14,B,000957,中通客车,0.1,观察,watch,1.2949877960413407,26.874307091644102,11.65,long
2025-11-14,B,603391,力聚热能,0.1,观察,watch,1.255746766197504,133.72066830018804,57.9,long
2025-11-14,B,600415,小商品城,0.1,观察,watch,1.238556469012722,36.89141060932966,15.75,long
2025-11-14,B,002946,新乳业,0.1,观察,watch,1.16556082859135,38.417049099210544,17.27,long
2025-11-14,B,000905.SH,中证500,-1.0,,,,,7235.4617,short_index
2025-11-21,B,600826,兰生股份,0.1,作废,invalid,4.698127392017496,67.97865978676873,11.12,long
2025-11-21,B,002891,中宠股份,0.1,观察,watch,3.365972430924386,240.084823976532,54.7,long
2025-11-21,B,002696,百洋股份,0.1,试仓·放量破压,trial,2.3826983943819853,24.389255423494113,7.2,long
2025-11-21,B,002124,天邦食品,0.1,作废,invalid,1.8287056946444045,7.694079489432781,2.72,long
2025-11-21,B,600597,光明乳业,0.1,观察,watch,1.7552769767794807,22.8136933677341,8.28,long
2025-11-21,B,600600,青岛啤酒,0.1,观察,watch,1.3882749765836309,154.01985323987833,61.73,long
2025-11-21,B,000957,中通客车,0.1,观察,watch,1.3745304439724175,25.336239837185694,10.61,long
2025-11-21,B,600576,祥源文旅,0.1,止跌缩量候选,candidate,1.3668615003975422,17.01773418785833,7.19,long
2025-11-21,B,600415,小商品城,0.1,观察,watch,1.212476479248116,34.780130253780385,15.03,long
2025-11-21,B,605589,圣泉集团,0.1,作废,invalid,1.1663587981193766,56.130356459273045,25.63,long
2025-11-21,B,000905.SH,中证500,-1.0,,,,,6817.4103,short_index
2025-11-28,B,600826,兰生股份,0.1,作废,invalid,4.638197895781768,67.03817298084522,11.12,long
2025-11-28,B,002891,中宠股份,0.1,观察,watch,3.2093818185591942,237.28285311218175,56.07,long
2025-11-28,B,002696,百洋股份,0.1,止跌缩量候选,candidate,2.4484439560626416,24.104623252877865,6.93,long
2025-11-28,B,002124,天邦食品,0.1,作废,invalid,1.8978599891154078,7.8532005705027546,2.71,long
2025-11-28,B,600597,光明乳业,0.1,观察,watch,1.8293470958284979,23.28552659866854,8.23,long
2025-11-28,B,600600,青岛啤酒,0.1,观察,watch,1.4737221522096675,157.20504277292437,60.83,long
2025-11-28,B,000957,中通客车,0.1,观察,watch,1.3768669926474741,25.86031288000452,10.82,long
2025-11-28,B,600576,祥源文旅,0.1,止跌缩量候选,candidate,1.2238569522020661,16.43430287677327,7.39,long
2025-11-28,B,605589,圣泉集团,0.1,观察,watch,1.1660206386092549,57.29124589121479,26.17,long
2025-11-28,B,600415,小商品城,0.1,观察,watch,1.1567029027677553,35.49932977955726,15.73,long
2025-11-28,B,000905.SH,中证500,-1.0,,,,,7031.5505,short_index
2025-12-05,B,600826,兰生股份,0.1,作废,invalid,4.522560793977469,63.34377230692157,11.2,long
2025-12-05,B,002891,中宠股份,0.1,观察,watch,3.7190655522291003,254.73515850932682,53.69,long
2025-12-05,B,002696,百洋股份,0.1,止跌缩量候选,candidate,2.639596502042565,25.877531129522637,7.05,long
2025-12-05,B,002124,天邦食品,0.1,作废,invalid,1.8070591595824617,7.66327150566012,2.73,long
2025-12-05,B,600597,光明乳业,0.1,观察,watch,1.788015221507472,22.7223240552859,8.15,long
2025-12-05,B,600576,祥源文旅,0.1,作废,invalid,1.5173742727433002,16.69019142828808,6.63,long
2025-12-05,B,600600,青岛啤酒,0.1,观察,watch,1.4303417723560625,153.40317267111465,60.42,long
2025-12-05,B,000957,中通客车,0.1,观察,watch,1.2899187972057726,25.234905145207613,10.96,long
2025-12-05,B,002946,新乳业,0.1,观察,watch,1.1523540166838075,36.07345331962062,16.31,long
2025-12-05,B,600415,小商品城,0.1,观察,watch,1.117410651552766,34.64083825940325,15.64,long
2025-12-05,B,000905.SH,中证500,-1.0,,,,,7097.8389,short_index
2025-12-12,B,600826,兰生股份,0.1,作废,invalid,4.87044765353589,61.93322274480364,10.3,long
2025-12-12,B,002891,中宠股份,0.1,观察,watch,3.8379775352709027,265.701726237078,54.63,long
2025-12-12,B,002696,百洋股份,0.1,作废,invalid,3.10830631046226,26.99157245973705,6.51,long
2025-12-12,B,600597,光明乳业,0.1,观察,watch,1.6879837449202877,21.61138930915911,8.04,long
2025-12-12,B,600576,祥源文旅,0.1,作废,invalid,1.659781503211481,15.905493389204658,5.98,long
2025-12-12,B,002124,天邦食品,0.1,观察,watch,1.5937993942977111,7.288576297976569,2.81,long
2025-12-12,B,600600,青岛啤酒,0.1,观察,watch,1.3498647282267098,145.90310097559643,59.43,long
2025-12-12,B,000957,中通客车,0.1,观察,watch,1.1334262902737602,24.001045765579804,11.19,long
2025-12-12,B,600415,小商品城,0.1,观察,watch,1.0275070146895855,32.94698898870576,15.53,long
2025-12-12,B,601949,中国出版,0.1,观察,watch,0.9924600875871821,12.851367564937325,6.32,long
2025-12-12,B,000905.SH,中证500,-1.0,,,,,7169.791,short_index
2025-12-19,B,002891,中宠股份,0.1,观察,watch,3.7045489168927306,257.4329167323702,54.43,long
2025-12-19,B,002696,百洋股份,0.1,作废,invalid,2.6781429899804623,26.15159665876109,7.05,long
2025-12-19,B,600576,祥源文旅,0.1,作废,invalid,1.6840468555166876,16.15796207021046,6.02,long
2025-12-19,B,600597,光明乳业,0.1,观察,watch,1.5897680656835087,21.54687030648679,8.32,long
2025-12-19,B,002124,天邦食品,0.1,止跌缩量候选,candidate,1.5825602968460113,7.386122448979592,2.86,long
2025-12-19,B,600600,青岛啤酒,0.1,观察,watch,1.3282242076962771,145.4674484968634,59.81,long
2025-12-19,B,603391,力聚热能,0.1,作废,invalid,1.079373826010411,135.11771121415651,58.61,long
2025-12-19,B,000957,中通客车,0.1,观察,watch,1.0736109364266988,23.9294702063641,11.48,long
2025-12-19,B,600415,小商品城,0.1,观察,watch,0.9740863205983126,32.84879637475592,15.91,long
2025-12-19,B,605589,圣泉集团,0.1,观察,watch,0.970800805495021,53.01454166781606,26.61,long
2025-12-19,B,000905.SH,中证500,-1.0,,,,,7169.5511,short_index
2025-12-26,B,600826,兰生股份,0.1,作废,invalid,4.698173655382957,61.59725721468977,10.56,long
2025-12-26,B,002891,中宠股份,0.1,观察,watch,3.8351586900511156,256.0700042251071,52.68,long
2025-12-26,B,002696,百洋股份,0.1,作废,invalid,2.7161660239281264,26.013162167496887,6.94,long
2025-12-26,B,600597,光明乳业,0.1,观察,watch,1.6358859828838974,21.53518848016144,8.17,long
2025-12-26,B,002124,天邦食品,0.1,作废,invalid,1.6031972681646396,7.262920378179344,2.79,long
2025-12-26,B,600576,祥源文旅,0.1,作废,invalid,1.3737412311651656,15.666692125690092,6.6,long
2025-12-26,B,600600,青岛啤酒,0.1,观察,watch,1.3491523007413257,145.38903589288066,59.24,long
2025-12-26,B,603391,力聚热能,0.1,止跌缩量候选,candidate,1.190675593787462,149.79839710318663,66.79,long
2025-12-26,B,000957,中通客车,0.1,观察,watch,1.1259136492876887,23.916528554486497,11.19,long
2025-12-26,B,600415,小商品城,0.1,观察,watch,1.0779165979571443,32.83108224772288,15.1,long
2025-12-26,B,000905.SH,中证500,-1.0,,,,,7458.8386,short_index
2025-12-31,B,600826,兰生股份,0.1,作废,invalid,4.965226488280517,62.873487186476645,10.29,long
2025-12-31,B,002891,中宠股份,0.1,观察,watch,4.016492614066615,259.65365770408795,51.48,long
2025-12-31,B,002696,百洋股份,0.1,作废,invalid,2.730863066406373,26.377201879493057,7.01,long
2025-12-31,B,600597,光明乳业,0.1,观察,watch,1.6619590543353318,21.535248749572833,8.09,long
2025-12-31,B,002124,天邦食品,0.1,作废,invalid,1.6507102729725047,7.262946147944663,2.74,long
2025-12-31,B,600576,祥源文旅,0.1,作废,invalid,1.4685881037540907,15.403989767425527,6.24,long
2025-12-31,B,600600,青岛啤酒,0.1,观察,watch,1.3756342081478068,145.3888135386458,58.58,long
2025-12-31,B,603391,力聚热能,0.1,止跌缩量候选,candidate,1.2294305212539816,145.96081622649817,63.94,long
2025-12-31,B,000957,中通客车,0.1,观察,watch,1.0942597507980039,23.916446354113205,11.36,long
2025-12-31,B,600415,小商品城,0.1,观察,watch,1.0583693667723648,32.830991400019215,15.25,long
2025-12-31,B,000905.SH,中证500,-1.0,,,,,7465.5742,short_index
2026-01-09,B,600826,兰生股份,0.1,观察,watch,4.791128811209107,69.72519088695763,11.76,long
2026-01-09,B,002891,中宠股份,0.1,观察,watch,4.054518909205863,266.57532727151727,52.46,long
2026-01-09,B,002696,百洋股份,0.1,止跌缩量候选,candidate,2.659524297106512,27.08047979858819,7.33,long
2026-01-09,B,600597,光明乳业,0.1,观察,watch,1.850114127860118,23.285432424617163,8.17,long
2026-01-09,B,002124,天邦食品,0.1,作废,invalid,1.8453700063878924,7.8532212176305825,2.76,long
2026-01-09,B,600600,青岛啤酒,0.1,观察,watch,1.528223935906042,157.2049643346377,59.52,long
2026-01-09,B,600576,祥源文旅,0.1,作废,invalid,1.3244033189351199,15.410794004539845,6.63,long
2026-01-09,B,000957,中通客车,0.1,观察,watch,1.270438895287573,25.860299017325456,11.33,long
2026-01-09,B,603391,力聚热能,0.1,止跌缩量候选,candidate,1.242224226759415,145.54277455895362,63.4,long
2026-01-09,B,600415,小商品城,0.1,观察,watch,1.1540854475113456,35.49932817498698,15.75,long
2026-01-09,B,000905.SH,中证500,-1.0,,,,,8056.6858,short_index
2026-01-16,B,600826,兰生股份,0.1,止跌缩量候选,candidate,4.894620172222696,69.79230283911673,11.56,long
2026-01-16,B,002891,中宠股份,0.1,观察,watch,3.934219116063632,255.34583925629298,51.47,long
2026-01-16,B,002696,百洋股份,0.1,作废,invalid,2.5340201114875947,25.939707618318945,7.42,long
2026-01-16,B,002124,天邦食品,0.1,作废,invalid,1.9675266373242755,8.012321920775545,2.7,long
2026-01-16,B,600597,光明乳业,0.1,观察,watch,1.7757239603322978,22.538878557898258,8.12,long
2026-01-16,B,600576,祥源文旅,0.1,作废,invalid,1.4938064006680736,16.03517515629571,6.43,long
2026-01-16,B,600600,青岛啤酒,0.1,观察,watch,1.4762451747579788,152.1652659888778,58.82,long
2026-01-16,B,603391,力聚热能,0.1,止跌缩量候选,candidate,1.2755765920826163,148.86822065404476,63.9,long
2026-01-16,B,000957,中通客车,0.1,观察,watch,1.2112328078074381,25.0311553843802,11.26,long
2026-01-16,B,600415,小商品城,0.1,观察,watch,0.975913383363225,34.36113373668648,16.62,long
2026-01-16,B,000905.SH,中证500,-1.0,,,,,8232.674,short_index
2026-01-23,B,600826,兰生股份,0.1,试仓·放量破压,trial,4.24921957435883,65.09032272204949,11.81,long
2026-01-23,B,002891,中宠股份,0.1,观察,watch,4.1721539511106,256.1250636589969,49.26,long
2026-01-23,B,002696,百洋股份,0.1,作废,invalid,2.3357520266357854,26.018865807759127,7.42,long
2026-01-23,B,600597,光明乳业,0.1,观察,watch,1.9965364176305096,24.092152797749293,8.04,long
2026-01-23,B,002124,天邦食品,0.1,作废,invalid,1.9762728283210902,8.125224821316577,2.73,long
2026-01-23,B,600600,青岛啤酒,0.1,观察,watch,1.6323229771365488,162.65123675726736,59.15,long
2026-01-23,B,603391,力聚热能,0.1,止跌缩量候选,candidate,1.384249736958219,158.1949700471778,64.8,long
2026-01-23,B,600576,祥源文旅,0.1,止跌缩量候选,candidate,1.3147424310585873,15.693953682577222,6.78,long
2026-01-23,B,000957,中通客车,0.1,观察,watch,1.25980687990344,26.75611345805673,11.78,long
2026-01-23,B,600415,小商品城,0.1,观察,watch,1.1504087291261005,36.72898109347379,16.33,long
2026-01-23,B,000905.SH,中证500,-1.0,,,,,8590.1659,short_index
2026-01-30,B,002891,中宠股份,0.1,观察,watch,3.9437578547399212,245.65532780202668,49.43,long
2026-01-30,B,600826,兰生股份,0.1,建仓,entry,3.8691065570793937,62.47063712732862,12.53,long
2026-01-30,B,002696,百洋股份,0.1,作废,invalid,2.274970169158419,24.955272688987154,7.42,long
2026-01-30,B,600597,光明乳业,0.1,观察,watch,1.9356185868969553,23.426236323437706,7.98,long
2026-01-30,B,002124,天邦食品,0.1,观察,watch,1.8986425674092886,7.971267060375544,2.75,long
2026-01-30,B,600600,青岛啤酒,0.1,观察,watch,1.6324262039516046,158.15616633341241,57.51,long
2026-01-30,B,600576,祥源文旅,0.1,止跌缩量候选,candidate,1.2827210419605075,15.134440508198164,6.63,long
2026-01-30,B,000957,中通客车,0.1,观察,watch,1.2505686180769842,26.01657322496994,11.5,long
2026-01-30,B,600415,小商品城,0.1,观察,watch,1.219634513995056,35.71391933018045,15.38,long
2026-01-30,B,603391,力聚热能,0.1,止跌缩量候选,candidate,1.142233887901793,149.33512432563398,68.09,long
2026-01-30,B,000905.SH,中证500,-1.0,,,,,8370.5203,short_index
2026-02-06,B,600826,兰生股份,0.1,建仓,entry,3.9992752142428385,60.79118660519292,12.53,long
2026-02-06,B,002891,中宠股份,0.1,观察,watch,3.9903773579320942,246.57454525542477,49.15,long
2026-02-06,B,002696,百洋股份,0.1,作废,invalid,2.313315803747244,25.048667476329165,7.42,long
2026-02-06,B,002124,天邦食品,0.1,止跌缩量候选,candidate,2.196250194176724,8.022587987383577,2.51,long
2026-02-06,B,600597,光明乳业,0.1,观察,watch,1.9697403265685205,23.78762001581385,8.01,long
2026-02-06,B,600600,青岛啤酒,0.1,观察,watch,1.5471220814450413,160.59604723510984,60.35,long
2026-02-06,B,600415,小商品城,0.1,观察,watch,1.3733556673370213,36.264874596909685,14.61,long
2026-02-06,B,000957,中通客车,0.1,观察,watch,1.1960092807424592,26.41799164733178,11.97,long
2026-02-06,B,600576,祥源文旅,0.1,止跌缩量候选,candidate,1.1546439598900333,14.414568091664323,6.69,long
2026-02-06,B,603391,力聚热能,0.1,观察,watch,1.0975012432792544,151.0200895161063,70.32,long
2026-02-06,B,000905.SH,中证500,-1.0,,,,,8146.4128,short_index
2026-02-13,B,600826,兰生股份,0.1,建仓,entry,5.452103475140168,78.45757825770444,12.53,long
2026-02-13,B,002891,中宠股份,0.1,观察,watch,3.9060957896783925,236.13039035722105,47.87,long
2026-02-13,B,002124,天邦食品,0.1,止跌缩量候选,candidate,2.25007892822336,8.0276949527117,2.47,long
2026-02-13,B,002696,百洋股份,0.1,作废,invalid,2.22414268227175,23.98762155610182,7.42,long
2026-02-13,B,600597,光明乳业,0.1,观察,watch,1.8283057020929152,22.287048932492173,7.88,long
2026-02-13,B,600600,青岛啤酒,0.1,观察,watch,1.4449805619123772,150.4641037800877,58.91,long
2026-02-13,B,600415,小商品城,0.1,观察,watch,1.2516339371410292,33.97715611145813,14.43,long
2026-02-13,B,603391,力聚热能,0.1,止跌缩量候选,candidate,1.2022465845628272,156.20535024304135,69.28,long
2026-02-13,B,600576,祥源文旅,0.1,止跌缩量候选,candidate,1.0969537861424539,13.902803602124468,6.63,long
2026-02-13,B,000957,中通客车,0.1,观察,watch,1.0940265800187023,24.751394175821062,11.76,long
2026-02-13,B,000905.SH,中证500,-1.0,,,,,8299.585,short_index
2026-02-27,B,600826,兰生股份,0.1,建仓,entry,5.6556822777642966,79.86818733317156,12.53,long
2026-02-27,B,002891,中宠股份,0.1,观察,watch,4.052643471101496,238.73740400954568,47.0,long
2026-02-27,B,002124,天邦食品,0.1,止跌缩量候选,candidate,2.2385587718885174,8.161168105159064,2.52,long
2026-02-27,B,002696,百洋股份,0.1,止跌缩量候选,candidate,2.0855596677793615,24.25249898874578,7.79,long
2026-02-27,B,600597,光明乳业,0.1,观察,watch,1.7781866464339906,22.086583839150226,7.95,long
2026-02-27,B,600600,青岛啤酒,0.1,观察,watch,1.3869299508379278,149.11151402884533,59.8,long
2026-02-27,B,600415,小商品城,0.1,观察,watch,1.2659192640112211,33.67156026320674,14.21,long
2026-02-27,B,603391,力聚热能,0.1,止跌缩量候选,candidate,1.2647137849372334,163.24056961827577,70.4,long
2026-02-27,B,600576,祥源文旅,0.1,止跌缩量候选,candidate,1.0444314119749776,13.370581434316353,6.54,long
2026-02-27,B,000957,中通客车,0.1,观察,watch,1.0238310180920442,24.528831939275573,12.05,long
2026-02-27,B,000905.SH,中证500,-1.0,,,,,8658.4503,short_index
2026-03-06,B,600826,兰生股份,0.1,观察,watch,5.489758984030313,72.81509580082012,10.96,long
2026-03-06,B,002891,中宠股份,0.1,观察,watch,3.8727680471022836,226.09643738554595,46.15,long
2026-03-06,B,002124,天邦食品,0.1,作废,invalid,2.211620291256187,7.996934525227907,2.49,long
2026-03-06,B,002696,百洋股份,0.1,观察,watch,1.9598337022032641,22.96830952909733,7.69,long
2026-03-06,B,600597,光明乳业,0.1,观察,watch,1.67572894805667,21.084744110686557,7.88,long
2026-03-06,B,600600,青岛啤酒,0.1,观察,watch,1.2790129091146172,142.34714630329898,59.79,long
2026-03-06,B,600415,小商品城,0.1,观察,watch,1.260492336875687,32.14420103037227,13.59,long
2026-03-06,B,603391,力聚热能,0.1,止跌缩量候选,candidate,1.1089909073764335,153.61889769329943,71.14,long
2026-03-06,B,000957,中通客车,0.1,观察,watch,1.0869993532016515,23.41613274292253,11.16,long
2026-03-06,B,600576,祥源文旅,0.1,作废,invalid,1.014574227409235,12.913420797693197,6.41,long
2026-03-06,B,000905.SH,中证500,-1.0,,,,,8360.3347,short_index
2026-03-13,B,600826,兰生股份,0.1,观察,watch,5.151341472953658,67.17264888465394,10.66,long
2026-03-13,B,002891,中宠股份,0.1,观察,watch,4.097180446695925,221.3195749955371,43.19,long
2026-03-13,B,002124,天邦食品,0.1,作废,invalid,2.1787799450189813,8.233040057599162,2.59,long
2026-03-13,B,002696,百洋股份,0.1,止跌缩量候选,candidate,1.9857981394339381,22.483059989937555,7.46,long
2026-03-13,B,600597,光明乳业,0.1,观察,watch,1.633580963730176,20.884297042380293,7.93,long
2026-03-13,B,600415,小商品城,0.1,观察,watch,1.2988170591359776,31.838616269033288,13.24,long
2026-03-13,B,600600,青岛啤酒,0.1,观察,watch,1.22318003050004,140.99407753431254,60.71,long
2026-03-13,B,000957,中通客车,0.1,观察,watch,1.0690051839789652,23.1935481124042,11.15,long
2026-03-13,B,600576,祥源文旅,0.1,作废,invalid,1.048111660339706,13.046471276363928,6.37,long
2026-03-13,B,603391,力聚热能,0.1,止跌缩量候选,candidate,0.9795434944059798,148.86167077932967,73.45,long
2026-03-13,B,000905.SH,中证500,-1.0,,,,,8239.798,short_index
2026-03-20,B,600826,兰生股份,0.1,止跌缩量候选,candidate,5.308338209139133,63.209548855574106,9.79,long
2026-03-20,B,002891,中宠股份,0.1,观察,watch,4.445890889711874,204.43874399978375,37.34,long
2026-03-20,B,002124,天邦食品,0.1,作废,invalid,2.075507194442913,7.565747698329566,2.46,long
2026-03-20,B,002696,百洋股份,0.1,作废,invalid,2.045253129021949,20.95134152767101,6.82,long
2026-03-20,B,600597,光明乳业,0.1,观察,watch,1.6548286972327761,20.335987820803066,7.66,long
2026-03-20,B,600415,小商品城,0.1,观察,watch,1.3240579044117644,31.002932444852938,12.75,long
2026-03-20,B,600600,青岛啤酒,0.1,观察,watch,1.1945863845945213,137.29332422023325,59.88,long
2026-03-20,B,000957,中通客车,0.1,观察,watch,1.0663040424934245,22.58470318445313,10.87,long
2026-03-20,B,603391,力聚热能,0.1,作废,invalid,1.0469961934132392,138.41788259860326,66.04,long
2026-03-20,B,600576,祥源文旅,0.1,作废,invalid,1.0218111986469305,12.575665655583908,6.22,long
2026-03-20,B,000905.SH,中证500,-1.0,,,,,7760.0365,short_index
2026-03-27,B,600826,兰生股份,0.1,止跌缩量候选,candidate,5.399355305151567,62.20173356607324,9.49,long
2026-03-27,B,002891,中宠股份,0.1,观察,watch,3.737038424088084,183.37075739644973,38.5,long
2026-03-27,B,002124,天邦食品,0.1,作废,invalid,2.1545503348119683,7.570920803548724,2.4,long
2026-03-27,B,600597,光明乳业,0.1,观察,watch,1.9400345326426804,22.167860376125812,7.54,long
2026-03-27,B,002696,百洋股份,0.1,止跌缩量候选,candidate,1.7039280026507342,18.792299618422604,6.89,long
2026-03-27,B,600415,小商品城,0.1,观察,watch,1.5641392382248114,33.795355159803016,12.6,long
2026-03-27,B,600600,青岛啤酒,0.1,观察,watch,1.3743108794900505,148.32320064174345,59.8,long
2026-03-27,B,600576,祥源文旅,0.1,作废,invalid,1.2611462698268925,13.90604955943539,6.15,long
2026-03-27,B,000957,中通客车,0.1,观察,watch,1.2139368169518923,24.61897740450504,11.06,long
2026-03-27,B,601949,中国出版,0.1,观察,watch,1.08250421445807,13.182251677519584,6.21,long
2026-03-27,B,000905.SH,中证500,-1.0,,,,,7737.6144,short_index
2026-04-03,B,600841,动力新科,0.1,观察,watch,9.896148798707854,89.34842014940439,8.2,long
2026-04-03,B,600826,兰生股份,0.1,止跌缩量候选,candidate,5.330347477148229,60.3915149319941,9.32,long
2026-04-03,B,002891,中宠股份,0.1,观察,watch,4.3098367293340045,202.72956632597229,37.98,long
2026-04-03,B,002696,百洋股份,0.1,止跌缩量候选,candidate,2.2867466261450335,21.62679280003432,6.52,long
2026-04-03,B,002124,天邦食品,0.1,作废,invalid,2.206901889101,7.3758743449323,2.3,long
2026-04-03,B,600415,小商品城,0.1,观察,watch,1.5627800960414082,33.08549103989458,12.34,long
2026-04-03,B,600576,祥源文旅,0.1,观察,watch,1.3297997075175712,13.209964341624628,5.67,long
2026-04-03,B,600600,青岛啤酒,0.1,观察,watch,1.3008574610838437,145.20711436900137,60.41,long
2026-04-03,B,000957,中通客车,0.1,观察,watch,1.2051073827217245,24.101823693148447,10.87,long
2026-04-03,B,601949,中国出版,0.1,观察,watch,1.1295909005711806,12.905320857461353,5.94,long
2026-04-03,B,000905.SH,中证500,-1.0,,,,,7534.938,short_index
2026-04-10,B,600841,动力新科,0.1,观察,watch,7.780231076943705,81.30493977249871,9.26,long
2026-04-10,B,600826,兰生股份,0.1,止跌缩量候选,candidate,5.613847648674693,64.22046066863128,9.48,long
2026-04-10,B,002891,中宠股份,0.1,观察,watch,4.588762518789503,214.8879188474564,38.25,long
2026-04-10,B,002696,百洋股份,0.1,止跌缩量候选,candidate,2.3368010276572138,22.92382306000506,6.81,long
2026-04-10,B,002124,天邦食品,0.1,作废,invalid,2.2697099326951515,7.683818341833606,2.35,long
2026-04-10,B,600576,祥源文旅,0.1,观察,watch,1.3325725925856071,13.552246762922376,5.81,long
2026-04-10,B,600415,小商品城,0.1,观察,watch,1.29906197517716,30.117711874820795,12.52,long
2026-04-10,B,600600,青岛啤酒,0.1,观察,watch,1.1182740624123877,132.13793601328476,59.71,long
2026-04-10,B,000957,中通客车,0.1,观察,watch,0.9238988321132138,21.93244668609064,11.34,long
2026-04-10,B,601949,中国出版,0.1,观察,watch,0.8407123179850451,11.743744588744587,6.25,long
2026-04-10,B,000905.SH,中证500,-1.0,,,,,7969.3646,short_index
2026-04-17,B,600841,动力新科,0.1,止跌缩量候选,candidate,6.705635841271899,73.8199913593848,9.58,long
2026-04-17,B,600826,兰生股份,0.1,止跌缩量候选,candidate,5.752983439865296,64.1533426787203,9.28,long
2026-04-17,B,002891,中宠股份,0.1,观察,watch,3.952746594870642,207.07433513154155,41.59,long
2026-04-17,B,002696,百洋股份,0.1,止跌缩量候选,candidate,2.242972205016698,22.246789326414547,6.8,long
2026-04-17,B,002124,天邦食品,0.1,观察,watch,1.531417185883182,7.796764932520201,3.08,long
2026-04-17,B,600576,祥源文旅,0.1,观察,watch,1.3099837449849931,13.859902469909958,6.0,long
2026-04-17,B,600415,小商品城,0.1,观察,watch,1.2469088366643781,27.34488054220548,11.63,long
2026-04-17,B,600600,青岛啤酒,0.1,观察,watch,0.9365954027731032,119.97208520179375,59.3,long
2026-04-17,B,601949,中国出版,0.1,观察,watch,0.6978600462641245,10.662561090538702,6.16,long
2026-04-17,B,002946,新乳业,0.1,观察,watch,0.6760575292133195,30.303120128176815,17.67,long
2026-04-17,B,000905.SH,中证500,-1.0,,,,,8214.1939,short_index
2026-04-24,B,600841,动力新科,0.1,止跌缩量候选,candidate,8.655841454067668,91.24770174093945,9.45,long
2026-04-24,B,002891,中宠股份,0.1,观察,watch,3.1860045235741303,160.2402531624177,38.08,long
2026-04-24,B,002696,百洋股份,0.1,止跌缩量候选,candidate,2.2470094975081873,22.079664583055674,6.74,long
2026-04-24,B,002124,天邦食品,0.1,作废,invalid,1.915204869747349,7.550380612645633,2.59,long
2026-04-24,B,600415,小商品城,0.1,观察,watch,1.6645596775460625,35.305415727485325,12.67,long
2026-04-24,B,600600,青岛啤酒,0.1,观察,watch,1.404285831129529,148.29635006406934,59.04,long
2026-04-24,B,603391,力聚热能,0.1,观察,watch,1.374671733248448,148.15576943737068,60.94,long
2026-04-24,B,600576,祥源文旅,0.1,观察,watch,1.2266661636975775,12.936930411082924,5.81,long
2026-04-24,B,601949,中国出版,0.1,观察,watch,1.0987063180039796,13.179875677064992,6.16,long
2026-04-24,B,002946,新乳业,0.1,观察,watch,1.0457367146396463,37.45743924505192,17.89,long
2026-04-24,B,000905.SH,中证500,-1.0,,,,,8247.8759,short_index
2026-04-30,B,600841,动力新科,0.1,作废,invalid,10.132854164974686,92.4026895692899,8.3,long
2026-04-30,B,002891,中宠股份,0.1,观察,watch,2.5363519263797394,118.99824232267822,33.47,long
2026-04-30,B,600827,百联股份,0.1,观察,watch,2.42839933305544,28.352862484368487,8.11,long
2026-04-30,B,603043,广州酒家,0.1,观察,watch,1.6404236314916423,40.97937476075029,15.08,long
2026-04-30,B,603231,索宝蛋白,0.1,观察,watch,1.5748840883146955,44.00476906929815,16.75,long
2026-04-30,B,600415,小商品城,0.1,观察,watch,1.4850979870800876,32.92754832881116,12.67,long
2026-04-30,B,000957,中通客车,0.1,观察,watch,1.2245834685708101,26.539280780049765,11.87,long
2026-04-30,B,600600,青岛啤酒,0.1,观察,watch,1.2236933176160143,141.00439327003147,60.7,long
2026-04-30,B,603391,力聚热能,0.1,观察,watch,1.1805983680870353,132.1224551223935,59.18,long
2026-04-30,B,601949,中国出版,0.1,观察,watch,1.1173637248289316,12.42892506474583,5.75,long
2026-04-30,B,000905.SH,中证500,-1.0,,,,,8349.5081,short_index
2026-05-08,B,600841,动力新科,0.1,作废,invalid,10.852287174697077,102.64080693287669,8.66,long
2026-05-08,B,002891,中宠股份,0.1,观察,watch,3.0448346739605423,134.73344298962567,33.13,long
2026-05-08,B,600827,百联股份,0.1,观察,watch,2.713933786464601,31.49415850921982,8.31,long
2026-05-08,B,603043,广州酒家,0.1,观察,watch,1.8267410354952442,42.93819632917276,14.76,long
2026-05-08,B,600415,小商品城,0.1,观察,watch,1.8178509521371429,36.575705358740116,12.41,long
2026-05-08,B,603231,索宝蛋白,0.1,观察,watch,1.5390023980326966,46.10828354827377,17.8,long
2026-05-08,B,600600,青岛啤酒,0.1,观察,watch,1.507624997255221,156.6262573285611,59.79,long
2026-05-08,B,000957,中通客车,0.1,观察,watch,1.4648669357449657,29.47980855150979,11.9,long
2026-05-08,B,601949,中国出版,0.1,观察,watch,1.355969879828769,13.805983495796587,5.74,long
2026-05-08,B,603345,安井食品,0.1,观察,watch,1.2195181655933025,228.61037105611015,101.28,long
2026-05-08,B,000905.SH,中证500,-1.0,,,,,8694.1709,short_index
2026-05-15,B,600841,动力新科,0.1,作废,invalid,11.014399425128518,97.67706732629486,8.13,long
2026-05-15,B,002891,中宠股份,0.1,观察,watch,3.1065989318563254,127.42776485550178,30.86,long
2026-05-15,B,600827,百联股份,0.1,观察,watch,2.585018473312661,29.97075443689384,8.2,long
2026-05-15,B,603043,广州酒家,0.1,观察,watch,1.7669434024876596,40.203687638145695,14.12,long
2026-05-15,B,600415,小商品城,0.1,观察,watch,1.5313872098575638,34.8065741355415,13.14,long
2026-05-15,B,603231,索宝蛋白,0.1,止跌缩量候选,candidate,1.478291792280582,43.17184302152774,17.08,long
2026-05-15,B,600600,青岛啤酒,0.1,观察,watch,1.4133920342878716,149.05109203761896,59.12,long
2026-05-15,B,000957,中通客车,0.1,观察,watch,1.408057788290559,28.053873233585012,11.59,long
2026-05-15,B,601949,中国出版,0.1,观察,watch,1.309005922502855,13.138243699041245,5.58,long
2026-05-15,B,002946,新乳业,0.1,观察,watch,1.2167290491682903,39.61294810863735,17.46,long
2026-05-15,B,000905.SH,中证500,-1.0,,,,,8536.3444,short_index
2026-05-22,B,600841,动力新科,0.1,作废,invalid,11.959954643112914,97.58845846264025,7.53,long
2026-05-22,B,002891,中宠股份,0.1,观察,watch,3.291557420031463,128.83255374934453,29.86,long
2026-05-22,B,600827,百联股份,0.1,观察,watch,2.729009435987258,29.943945770977678,7.87,long
2026-05-22,B,603043,广州酒家,0.1,观察,watch,1.6465293985021967,37.39546040083604,13.73,long
2026-05-22,B,600415,小商品城,0.1,观察,watch,1.604894140226714,34.775336772026634,12.76,long
2026-05-22,B,000957,中通客车,0.1,观察,watch,1.5137839824509616,28.02869140432822,11.09,long
2026-05-22,B,601949,中国出版,0.1,观察,watch,1.4860703266761686,13.126451324850171,5.18,long
2026-05-22,B,600600,青岛啤酒,0.1,观察,watch,1.448080716983259,148.91675001409163,58.23,long
2026-05-22,B,603231,索宝蛋白,0.1,作废,invalid,1.3888344975523896,40.15630790385567,16.48,long
2026-05-22,B,002946,新乳业,0.1,观察,watch,1.3684730031138717,39.5771838820328,16.33,long
2026-05-22,B,000905.SH,中证500,-1.0,,,,,8576.9402,short_index
2026-05-29,B,600841,动力新科,0.1,观察,watch,11.604085422469824,91.50566016713091,7.26,long
2026-05-29,B,002891,中宠股份,0.1,观察,watch,2.9527069636631174,117.59303216897774,29.75,long
2026-05-29,B,600827,百联股份,0.1,观察,watch,2.3070869978317536,28.07716861159159,8.32,long
2026-05-29,B,603043,广州酒家,0.1,观察,watch,1.5732021651344619,36.1020263768365,14.03,long
2026-05-29,B,000957,中通客车,0.1,观察,watch,1.564035082196352,26.281359592512608,10.19,long
2026-05-29,B,600415,小商品城,0.1,观察,watch,1.5454602277699299,32.6073455177328,12.25,long
2026-05-29,B,601949,中国出版,0.1,观察,watch,1.3992435311306965,12.308119314700473,5.03,long
2026-05-29,B,603231,索宝蛋白,0.1,作废,invalid,1.3945232860283827,38.76733200079952,15.87,long
2026-05-29,B,600600,青岛啤酒,0.1,观察,watch,1.2838251623540495,139.63307042632658,58.52,long
2026-05-29,B,600826,兰生股份,0.1,作废,invalid,1.1575980418128062,18.663223061680775,8.45,long
2026-05-29,B,000905.SH,中证500,-1.0,,,,,8359.5596,short_index
2026-06-05,B,600841,动力新科,0.1,止跌缩量候选,candidate,11.447085936078599,92.23290678634243,7.41,long
2026-06-05,B,002891,中宠股份,0.1,观察,watch,2.6210230202298987,102.98189469533833,28.44,long
2026-06-05,B,600827,百联股份,0.1,观察,watch,2.468210046047907,28.30059397575092,8.0,long
2026-06-05,B,600415,小商品城,0.1,观察,watch,1.78297185705472,32.866897631816244,11.29,long
2026-06-05,B,603043,广州酒家,0.1,观察,watch,1.7154064647734484,39.42770186851047,14.52,long
2026-06-05,B,603231,索宝蛋白,0.1,作废,invalid,1.691592850131371,42.338755532566466,15.42,long
2026-06-05,B,000957,中通客车,0.1,观察,watch,1.6570176517421955,26.49046598786969,9.92,long
2026-06-05,B,603345,安井食品,0.1,观察,watch,1.4217830265015894,209.9201527371578,85.23,long
2026-06-05,B,601949,中国出版,0.1,观察,watch,1.381209283978119,12.406100369526,5.11,long
2026-06-05,B,600600,青岛啤酒,0.1,观察,watch,1.3575358673053288,140.74489127812814,57.15,long
2026-06-05,B,000905.SH,中证500,-1.0,,,,,8251.1407,short_index
2026-06-12,B,600841,动力新科,0.1,作废,invalid,12.476322843244317,91.50423210562892,6.79,long
2026-06-12,B,002891,中宠股份,0.1,观察,watch,2.6380964516467538,104.66803491387711,28.77,long
2026-06-12,B,600827,百联股份,0.1,观察,watch,2.4792351920990354,28.077428000239216,7.91,long
2026-06-12,B,603043,广州酒家,0.1,观察,watch,2.4005177065357413,48.18533590161145,14.17,long
2026-06-12,B,603231,索宝蛋白,0.1,作废,invalid,2.2852547168703694,51.742761790708315,15.44,long
2026-06-12,B,600415,小商品城,0.1,观察,watch,1.8856349245714852,32.60767464765779,10.8,long
2026-06-12,B,603345,安井食品,0.1,观察,watch,1.844833721367643,256.54710499293407,88.67,long
2026-06-12,B,000957,中通客车,0.1,观察,watch,1.498242449896019,26.281510572906118,10.46,long
2026-06-12,B,601949,中国出版,0.1,观察,watch,1.3992612056369889,12.308209984917752,5.03,long
2026-06-12,B,600600,青岛啤酒,0.1,观察,watch,1.3057206916465676,139.63444508611613,57.97,long
2026-06-12,B,000905.SH,中证500,-1.0,,,,,8106.203,short_index
2026-06-18,B,600841,动力新科,0.1,作废,invalid,12.56161360956712,90.4559627758127,6.67,long
2026-06-18,B,603043,广州酒家,0.1,观察,watch,2.9094343808728333,51.721816858947584,13.23,long
2026-06-18,B,603231,索宝蛋白,0.1,作废,invalid,2.740271820900367,55.39342566753444,14.52,long
2026-06-18,B,002891,中宠股份,0.1,观察,watch,2.714613191705393,102.5604702229859,27.61,long
2026-06-18,B,600827,百联股份,0.1,观察,watch,2.540285631370204,27.7558393499424,7.69,long
2026-06-18,B,603345,安井食品,0.1,观察,watch,2.272339472591816,274.64745193463114,82.52,long
2026-06-18,B,600415,小商品城,0.1,观察,watch,2.058278573327762,32.23425616287461,10.54,long
2026-06-18,B,000957,中通客车,0.1,观察,watch,1.5902823353794284,25.980531823855664,9.98,long
2026-06-18,B,600600,青岛啤酒,0.1,观察,watch,1.560935502134237,138.03442356503538,51.59,long
2026-06-18,B,002946,新乳业,0.1,观察,watch,1.4407895135718483,36.68506638898488,15.03,long
2026-06-18,B,000905.SH,中证500,-1.0,,,,,8673.0899,short_index
2026-06-26,B,600841,动力新科,0.1,作废,invalid,12.415973497533399,83.71567462460841,6.24,long
2026-06-26,B,603043,广州酒家,0.1,观察,watch,2.9075714421989347,49.508930172660506,12.67,long
2026-06-26,B,002891,中宠股份,0.1,观察,watch,2.7725170135942365,97.78364099236262,25.92,long
2026-06-26,B,603231,索宝蛋白,0.1,止跌缩量候选,candidate,2.5586464952343126,53.02383277899126,14.9,long
2026-06-26,B,600827,百联股份,0.1,观察,watch,2.384368726552636,25.687358634534508,7.44,long
2026-06-26,B,603345,安井食品,0.1,观察,watch,2.295689902879145,262.8971835526694,79.77,long
2026-06-26,B,600415,小商品城,0.1,观察,watch,2.056549132853135,29.8319195366466,9.76,long
2026-06-26,B,000957,中通客车,0.1,观察,watch,1.5715754890186497,24.044230822324373,9.3,long
2026-06-26,B,600600,青岛啤酒,0.1,观察,watch,1.4762066169531178,127.74749936861136,49.38,long
2026-06-26,B,002946,新乳业,0.1,观察,watch,1.454898265774076,33.95124301565547,13.83,long
2026-06-26,B,000905.SH,中证500,-1.0,,,,,8703.5652,short_index
2026-07-03,B,600841,动力新科,0.1,作废,invalid,13.091718849412315,94.55543347955663,6.71,long
2026-07-03,B,002891,中宠股份,0.1,观察,watch,2.9126681094450455,109.16344025351677,27.9,long
2026-07-03,B,600827,百联股份,0.1,观察,watch,2.8125787075205886,29.01372396423168,7.46,long
2026-07-03,B,603043,广州酒家,0.1,观察,watch,2.6443279258025423,48.54244797168987,13.32,long
2026-07-03,B,603231,索宝蛋白,0.1,止跌缩量候选,candidate,2.2925025471664973,51.98861521975899,15.79,long
2026-07-03,B,603345,安井食品,0.1,观察,watch,2.1744491302948696,257.76526937994345,81.2,long
2026-07-03,B,600415,小商品城,0.1,观察,watch,2.172774908583707,33.694869529158964,10.62,long
2026-07-03,B,000957,中通客车,0.1,观察,watch,1.754352550005236,27.157916143051626,9.81,long
2026-07-03,B,600600,青岛啤酒,0.1,观察,watch,1.7030806387379402,144.29044449583125,51.1,long
2026-07-03,B,002946,新乳业,0.1,观察,watch,1.6193591355550296,38.347417744525636,14.64,long
2026-07-03,B,000905.SH,中证500,-1.0,,,,,8745.2607,short_index
2026-07-10,B,600841,动力新科,0.1,作废,invalid,13.408597958605045,91.35051105755598,6.34,long
2026-07-10,B,002891,中宠股份,0.1,观察,watch,3.1992599665791364,113.7999450942946,27.1,long
2026-07-10,B,600827,百联股份,0.1,观察,watch,2.7027696567301476,28.029966301447217,7.57,long
2026-07-10,B,603043,广州酒家,0.1,观察,watch,2.4094479434405267,45.00471285341495,13.2,long
2026-07-10,B,600415,小商品城,0.1,观察,watch,2.200851874596501,32.552663564646416,10.17,long
2026-07-10,B,603231,索宝蛋白,0.1,止跌缩量候选,candidate,2.1689492720585997,48.1997184280113,15.21,long
2026-07-10,B,603345,安井食品,0.1,观察,watch,1.9319085515030512,238.9798660330137,81.51,long
2026-07-10,B,000957,中通客车,0.1,观察,watch,1.815132567495516,26.23703552905821,9.27,long
2026-07-10,B,002946,新乳业,0.1,观察,watch,1.6614361371328314,37.04719102888901,13.92,long
2026-07-10,B,600600,青岛啤酒,0.1,观察,watch,1.6055744975389663,139.3982356183347,51.21,long
2026-07-10,B,000905.SH,中证500,-1.0,,,,,8503.9705,short_index
2026-07-17,B,600841,动力新科,0.1,观察,watch,14.213131436479829,83.97648552936865,5.52,long
2026-07-17,B,002891,中宠股份,0.1,观察,watch,2.5220702709362364,101.7173894246385,28.88,long
2026-07-17,B,600827,百联股份,0.1,观察,watch,2.3683105319129756,25.767575569134266,7.65,long
2026-07-17,B,603043,广州酒家,0.1,观察,watch,1.919915017619081,39.272856986976635,13.45,long
2026-07-17,B,603231,索宝蛋白,0.1,止跌缩量候选,candidate,1.8671351589827623,42.06087278227712,14.67,long
2026-07-17,B,600415,小商品城,0.1,观察,watch,1.825805232118554,29.925277408135486,10.59,long
2026-07-17,B,000957,中通客车,0.1,观察,watch,1.4814327922185702,24.119526740364503,9.72,long
2026-07-17,B,600600,青岛啤酒,0.1,观察,watch,1.440438799830226,128.14744137908517,52.51,long
2026-07-17,B,603345,安井食品,0.1,观察,watch,1.4319929004458603,208.54339121323252,85.75,long
2026-07-17,B,601949,中国出版,0.1,观察,watch,1.2323557520009554,11.295720105124833,4.96,long
2026-07-17,B,000905.SH,中证500,-1.0,,,,,7513.7627,short_index
2026-07-24,B,600841,动力新科,0.1,观察,watch,13.572462863562599,78.69129946323804,5.4,long
2026-07-24,B,002891,中宠股份,0.1,观察,watch,2.4686760278537445,97.64323018408291,28.15,long
2026-07-24,B,600827,百联股份,0.1,观察,watch,2.245422195863296,24.145941137222923,7.44,long
2026-07-24,B,603231,索宝蛋白,0.1,作废,invalid,1.618419195957614,36.029448136376764,13.76,long
2026-07-24,B,603043,广州酒家,0.1,观察,watch,1.6098787757015605,33.641337418793114,12.89,long
2026-07-24,B,600415,小商品城,0.1,观察,watch,1.5609114042528298,28.041979876568483,10.95,long
2026-07-24,B,000957,中通客车,0.1,观察,watch,1.3157337917810028,22.601561807782588,9.76,long
2026-07-24,B,600600,青岛啤酒,0.1,观察,watch,1.2734324792760745,120.08270355536226,52.82,long
2026-07-24,B,600826,兰生股份,0.1,作废,invalid,1.2423264569167527,16.30171334178479,7.27,long
2026-07-24,B,601949,中国出版,0.1,观察,watch,1.138343275471514,10.584799213583993,4.95,long
2026-07-24,B,000905.SH,中证500,-1.0,,,,,7532.7006,short_index
2026-07-30,B,600841,动力新科,0.1,观察,watch,13.07831184056272,80.95029308323564,5.75,long
2026-07-30,B,600827,百联股份,0.1,观察,watch,2.0855351621716527,24.838558055481805,8.05,long
2026-07-30,B,002891,中宠股份,0.1,缩量回踩确认,confirming,2.0645342944025225,99.75059128280209,32.55,long
2026-07-30,B,603231,索宝蛋白,0.1,观察,watch,1.4395625792997753,35.91036116729269,14.72,long
2026-07-30,B,603043,广州酒家,0.1,观察,watch,1.3629477757227684,33.53022893750608,14.19,long
2026-07-30,B,600415,小商品城,0.1,观察,watch,1.2430981881576493,28.846242699707368,12.86,long
2026-07-30,B,000957,中通客车,0.1,观察,watch,1.1954465678627146,23.249779153666147,10.59,long
2026-07-30,B,600826,兰生股份,0.1,观察,watch,1.1581999424901759,16.769213553148667,7.77,long
2026-07-30,B,600600,青岛啤酒,0.1,观察,watch,1.150162337662338,123.52682629870132,57.45,long
2026-07-30,B,601949,中国出版,0.1,观察,watch,1.0314188084309768,10.888404813190036,5.36,long
2026-07-30,B,000905.SH,中证500,-1.0,,,,,7309.5753,short_index
2025-06-06,C,000905.SH,中证500,0.0,,,,,5762.0778,short_index
2025-06-13,C,000905.SH,中证500,0.0,,,,,5740.2397,short_index
2025-06-20,C,000905.SH,中证500,0.0,,,,,5639.513,short_index
2025-06-27,C,000905.SH,中证500,0.0,,,,,5863.7282,short_index
2025-07-04,C,000905.SH,中证500,0.0,,,,,5911.4352,short_index
2025-07-11,C,603391,力聚热能,0.25,缩量回踩确认,confirming,1.4971291533435283,99.8601948422077,39.17,long
2025-07-11,C,605589,圣泉集团,0.25,缩量回踩确认,confirming,0.4259287035648218,41.052487375631216,28.48,long
2025-07-11,C,002967,广电计量,0.25,试仓·放量破压,trial,0.26050962993183413,22.613542760977104,17.76,long
2025-07-11,C,600783,鲁信创投,0.25,试仓·放量破压,trial,0.01705198548188913,13.292869450248292,13.03,long
2025-07-11,C,000905.SH,中证500,-1.0,,,,,6027.0789,short_index
2025-07-18,C,603391,力聚热能,0.3333333333333333,缩量回踩确认,confirming,1.4670769080070531,98.01696555512021,39.17,long
2025-07-18,C,605589,圣泉集团,0.3333333333333333,建仓,entry,0.3148925933859863,41.45856346946015,31.2,long
2025-07-18,C,002967,广电计量,0.3333333333333333,缩量回踩确认,confirming,0.26172672682792064,22.837253755585365,17.49,long
2025-07-18,C,000905.SH,中证500,-1.0,,,,,6099.6104,short_index
2025-07-25,C,605589,圣泉集团,1.0,缩量回踩确认,confirming,0.41927471074860345,43.273685930724916,31.18,long
2025-07-25,C,000905.SH,中证500,-1.0,,,,,6299.5908,short_index
2025-08-01,C,605589,圣泉集团,1.0,建仓,entry,0.34688459102645286,42.85786768646173,32.73,long
2025-08-01,C,000905.SH,中证500,-1.0,,,,,6213.2014,short_index
2025-08-08,C,605589,圣泉集团,1.0,建仓,entry,0.40563803217125494,43.43421519409178,32.73,long
2025-08-08,C,000905.SH,中证500,-1.0,,,,,6323.4999,short_index
2025-08-15,C,605589,圣泉集团,1.0,建仓,entry,0.3446826818213655,44.64346503646934,32.73,long
2025-08-15,C,000905.SH,中证500,-1.0,,,,,6568.57,short_index
2025-08-22,C,000905.SH,中证500,0.0,,,,,6822.8469,short_index
2025-08-29,C,000905.SH,中证500,0.0,,,,,7043.9416,short_index
2025-09-05,C,603231,索宝蛋白,1.0,试仓·放量破压,trial,0.1559595482627001,22.67992633691418,19.31,long
2025-09-05,C,000905.SH,中证500,-1.0,,,,,6913.9532,short_index
2025-09-12,C,002124,天邦食品,1.0,试仓·放量破压,trial,7.361718286132476,26.423029784178624,3.18,long
2025-09-12,C,000905.SH,中证500,-1.0,,,,,7147.7489,short_index
2025-09-19,C,600576,祥源文旅,1.0,试仓·放量破压,trial,1.2094826901583868,19.332973538885884,8.75,long
2025-09-19,C,000905.SH,中证500,-1.0,,,,,7170.3488,short_index
2025-09-26,C,603391,力聚热能,1.0,试仓·放量破压,trial,2.195205925121224,164.84067367700396,50.43,long
2025-09-26,C,000905.SH,中证500,-1.0,,,,,7240.9114,short_index
2025-09-30,C,603391,力聚热能,1.0,试仓·放量破压,trial,2.2907983123299838,173.03017526231054,50.43,long
2025-09-30,C,000905.SH,中证500,-1.0,,,,,7412.3684,short_index
2025-10-10,C,603391,力聚热能,1.0,缩量回踩确认,confirming,2.342539199973564,177.15457759859888,51.76,long
2025-10-10,C,000905.SH,中证500,-1.0,,,,,7398.2241,short_index
2025-10-17,C,000905.SH,中证500,0.0,,,,,7016.0661,short_index
2025-10-24,C,000905.SH,中证500,0.0,,,,,7258.5343,short_index
2025-10-31,C,600826,兰生股份,0.5,试仓·放量破压,trial,4.7652525197289055,65.49326862412036,11.09,long
2025-10-31,C,002967,广电计量,0.5,试仓·放量破压,trial,0.5352049632201688,32.162543979462534,20.7,long
2025-10-31,C,000905.SH,中证500,-1.0,,,,,7331.0031,short_index
2025-11-07,C,600826,兰生股份,1.0,缩量回踩确认,confirming,4.599656155059938,64.62003202939168,11.12,long
2025-11-07,C,000905.SH,中证500,-1.0,,,,,7327.9108,short_index
2025-11-14,C,600826,兰生股份,0.5,缩量回踩确认,confirming,4.590914610698456,64.35142716913923,11.12,long
2025-11-14,C,603231,索宝蛋白,0.5,缩量回踩确认,confirming,0.24510513608523588,26.433582039089558,21.29,long
2025-11-14,C,000905.SH,中证500,-1.0,,,,,7235.4617,short_index
2025-11-21,C,002696,百洋股份,1.0,试仓·放量破压,trial,2.3826983943819853,24.389255423494113,7.2,long
2025-11-21,C,000905.SH,中证500,-1.0,,,,,6817.4103,short_index
2025-11-28,C,000905.SH,中证500,0.0,,,,,7031.5505,short_index
2025-12-05,C,000905.SH,中证500,0.0,,,,,7097.8389,short_index
2025-12-12,C,000905.SH,中证500,0.0,,,,,7169.791,short_index
2025-12-19,C,000905.SH,中证500,0.0,,,,,7169.5511,short_index
2025-12-26,C,000905.SH,中证500,0.0,,,,,7458.8386,short_index
2025-12-31,C,000905.SH,中证500,0.0,,,,,7465.5742,short_index
2026-01-09,C,605589,圣泉集团,0.5,试仓·放量破压,trial,0.9135641319029935,57.292110109175624,29.56,long
2026-01-09,C,603081,大丰实业,0.5,缩量回踩确认,confirming,0.12754325851125814,15.920910810178965,14.03,long
2026-01-09,C,000905.SH,中证500,-1.0,,,,,8056.6858,short_index
2026-01-16,C,603081,大丰实业,1.0,缩量回踩确认,confirming,0.18176373842468463,16.284704315492153,14.03,long
2026-01-16,C,000905.SH,中证500,-1.0,,,,,8232.674,short_index
2026-01-23,C,600826,兰生股份,0.5,试仓·放量破压,trial,4.24921957435883,65.09032272204949,11.81,long
2026-01-23,C,603081,大丰实业,0.5,缩量回踩确认,confirming,0.20256975187540016,17.304978729487008,14.03,long
2026-01-23,C,000905.SH,中证500,-1.0,,,,,8590.1659,short_index
2026-01-30,C,600826,兰生股份,1.0,建仓,entry,3.8691065570793937,62.47063712732862,12.53,long
2026-01-30,C,000905.SH,中证500,-1.0,,,,,8370.5203,short_index
2026-02-06,C,600826,兰生股份,0.5,建仓,entry,3.9992752142428385,60.79118660519292,12.53,long
2026-02-06,C,603020,爱普股份,0.5,试仓·放量破压,trial,0.27930624495938394,14.635263442335352,11.52,long
2026-02-06,C,000905.SH,中证500,-1.0,,,,,8146.4128,short_index
2026-02-13,C,600826,兰生股份,1.0,建仓,entry,5.452103475140168,78.45757825770444,12.53,long
2026-02-13,C,000905.SH,中证500,-1.0,,,,,8299.585,short_index
2026-02-27,C,600826,兰生股份,1.0,建仓,entry,5.6556822777642966,79.86818733317156,12.53,long
2026-02-27,C,000905.SH,中证500,-1.0,,,,,8658.4503,short_index
2026-03-06,C,000905.SH,中证500,0.0,,,,,8360.3347,short_index
2026-03-13,C,000905.SH,中证500,0.0,,,,,8239.798,short_index
2026-03-20,C,000905.SH,中证500,0.0,,,,,7760.0365,short_index
2026-03-27,C,000905.SH,中证500,0.0,,,,,7737.6144,short_index
2026-04-03,C,000905.SH,中证500,0.0,,,,,7534.938,short_index
2026-04-10,C,000905.SH,中证500,0.0,,,,,7969.3646,short_index
2026-04-17,C,000905.SH,中证500,0.0,,,,,8214.1939,short_index
2026-04-24,C,000905.SH,中证500,0.0,,,,,8247.8759,short_index
2026-04-30,C,000905.SH,中证500,0.0,,,,,8349.5081,short_index
2026-05-08,C,000905.SH,中证500,0.0,,,,,8694.1709,short_index
2026-05-15,C,000905.SH,中证500,0.0,,,,,8536.3444,short_index
2026-05-22,C,000905.SH,中证500,0.0,,,,,8576.9402,short_index
2026-05-29,C,000905.SH,中证500,0.0,,,,,8359.5596,short_index
2026-06-05,C,000905.SH,中证500,0.0,,,,,8251.1407,short_index
2026-06-12,C,000905.SH,中证500,0.0,,,,,8106.203,short_index
2026-06-18,C,000905.SH,中证500,0.0,,,,,8673.0899,short_index
2026-06-26,C,000905.SH,中证500,0.0,,,,,8703.5652,short_index
2026-07-03,C,000905.SH,中证500,0.0,,,,,8745.2607,short_index
2026-07-10,C,000905.SH,中证500,0.0,,,,,8503.9705,short_index
2026-07-17,C,000905.SH,中证500,0.0,,,,,7513.7627,short_index
2026-07-24,C,000905.SH,中证500,0.0,,,,,7532.7006,short_index
2026-07-30,C,002891,中宠股份,1.0,缩量回踩确认,confirming,2.0645342944025225,99.75059128280209,32.55,long
2026-07-30,C,000905.SH,中证500,-1.0,,,,,7309.5753,short_index
