date,variant,symbol,name,weight,state,state_code,upside,fair_price,close,factor,side,position_pct,position_scale,temp_bucket,used_gbm,w_A,w_B,w_Q,w_M+,w_M-
2025-06-06,A,000028,,1.0,,,0.09567178008854116,27.808149778647174,25.38,0.0,long,,,,,,,,,
2025-06-06,A,000950,,-1.0,,,-0.08030578523824017,4.699637437432593,5.11,0.0,short,,,,,,,,,
2025-06-13,A,000028,,1.0,,,0.08520762487642597,27.651090281851335,25.48,0.0,long,,,,,,,,,
2025-06-13,A,000950,,-1.0,,,-0.07280119162358711,4.673081994217121,5.04,0.0,short,,,,,,,,,
2025-06-20,A,000028,,1.0,,,0.08599121426587786,26.976021762364407,24.84,0.0,long,,,,,,,,,
2025-06-20,A,000950,,-1.0,,,-0.07337244328279446,4.559007579048651,4.92,0.0,short,,,,,,,,,
2025-06-27,A,000028,,1.0,,,0.09480131963268823,27.227708819264958,24.87,0.0,long,,,,,,,,,
2025-06-27,A,000950,,-1.0,,,-0.07969158482300576,4.601542075884971,5.0,0.0,short,,,,,,,,,
2025-07-04,A,000028,,1.0,,,0.09809124922747992,27.485223968163822,25.03,0.0,long,,,,,,,,,
2025-07-04,A,000950,,-1.0,,,-0.08200358168939847,4.645061876651643,5.06,0.0,short,,,,,,,,,
2025-07-11,A,000028,,1.0,,,0.1034024762557888,27.91608264927146,25.3,0.0,long,,,,,,,,,
2025-07-11,A,000950,,-1.0,,,-0.08568284049596397,4.717876543040826,5.16,0.0,short,,,,,,,,,
2025-07-18,A,000028,,1.0,,,0.11255772190867108,28.103208055413035,25.26,0.0,long,,,,,,,,,
2025-07-18,A,000950,,-1.0,,,-0.09187519631452201,4.749492723275051,5.23,0.0,short,,,,,,,,,
2025-07-25,A,000028,,1.0,,,0.11377599291831286,28.66859405771737,25.74,0.0,long,,,,,,,,,
2025-07-25,A,000950,,-1.0,,,-0.09268527462058573,4.845060633526072,5.34,0.0,short,,,,,,,,,
2025-08-01,A,000028,,1.0,,,0.11076591119258916,28.62443753143302,25.77,0.0,long,,,,,,,,,
2025-08-01,A,000950,,-1.0,,,-0.09067787605918132,4.837593699365156,5.32,0.0,short,,,,,,,,,
2025-08-08,A,000028,,1.0,,,0.11323076168442037,28.465310576270628,25.57,0.0,long,,,,,,,,,
2025-08-08,A,000950,,-1.0,,,-0.09232312594152858,4.810687432509899,5.3,0.0,short,,,,,,,,,
2025-08-15,A,000028,,1.0,,,0.09197119315680213,28.19469620730863,25.82,0.0,long,,,,,,,,,
2025-08-15,A,000950,,-1.0,,,-0.07768215262836353,4.906730948017106,5.32,0.0,short,,,,,,,,,
2025-08-22,A,000028,,1.0,,,0.05947346616535465,27.51452591631426,25.97,0.0,long,,,,,,,,,
2025-08-22,A,000950,,-1.0,,,-0.05315128398580482,5.131920040796937,5.42,0.0,short,,,,,,,,,
2025-08-29,A,000028,,1.0,,,0.04757324332086199,27.02738967767824,25.8,0.0,long,,,,,,,,,
2025-08-29,A,000950,,-1.0,,,-0.04344007299584729,5.041070815311884,5.27,0.0,short,,,,,,,,,
2025-09-05,A,000028,,1.0,,,0.04749333545537748,26.721554987466682,25.51,0.0,long,,,,,,,,,
2025-09-05,A,000950,,-1.0,,,-0.043373437062822595,4.984024392902694,5.21,0.0,short,,,,,,,,,
2025-09-12,A,000028,,1.0,,,0.04842332136820149,27.00738475844487,25.76,0.0,long,,,,,,,,,
2025-09-12,A,000950,,-1.0,,,-0.044147759113704055,5.037341309470779,5.27,0.0,short,,,,,,,,,
2025-09-19,A,000028,,1.0,,,0.04049217089942525,26.93834230458612,25.89,0.0,long,,,,,,,,,
2025-09-19,A,000950,,-1.0,,,-0.037458610022086725,5.024466055684707,5.22,0.0,short,,,,,,,,,
2025-09-26,A,000028,,1.0,,,0.04322995000203256,26.049451851550753,24.97,0.0,long,,,,,,,,,
2025-09-26,A,000950,,-1.0,,,-0.03978973361269089,4.8586639479197835,5.06,0.0,short,,,,,,,,,
2025-09-30,A,000028,,1.0,,,0.046866689673372264,26.171667241834307,25.0,0.0,long,,,,,,,,,
2025-09-30,A,000950,,-1.0,,,-0.042850195996911644,4.88146400041575,5.1,0.0,short,,,,,,,,,
2025-10-10,A,000028,,1.0,,,0.04607296969793939,26.5493319709337,25.38,0.0,long,,,,,,,,,
2025-10-10,A,000950,,-1.0,,,-0.042185726317331196,4.951899794939398,5.17,0.0,short,,,,,,,,,
2025-10-17,A,000028,,1.0,,,0.05830596816227085,26.626978158962736,25.16,0.0,long,,,,,,,,,
2025-10-17,A,000950,,-1.0,,,-0.05221685911238927,4.966383658251081,5.24,0.0,short,,,,,,,,,
2025-10-24,A,000028,,1.0,,,0.033968277917130196,26.304152990211794,25.44,0.0,long,,,,,,,,,
2025-10-24,A,000950,,-1.0,,,-0.031807393174770215,5.189512372583232,5.36,0.0,short,,,,,,,,,
2025-10-31,A,000028,,1.0,,,-0.03262465695508243,24.590681220201805,25.42,0.0,long,,,,,,,,,
2025-10-31,A,000950,,-1.0,,,0.03490198770706954,5.557423673986963,5.37,0.0,short,,,,,,,,,
2025-11-07,A,000028,,1.0,,,-0.021827260499402645,24.982531766845256,25.54,0.0,long,,,,,,,,,
2025-11-07,A,000950,,-1.0,,,0.022823614455937946,5.645986351796777,5.52,0.0,short,,,,,,,,,
2025-11-14,A,000028,,1.0,,,-0.02500312148832562,25.47666843551005,26.13,0.0,long,,,,,,,,,
2025-11-14,A,000950,,-1.0,,,0.026319248209239587,5.757650982453835,5.61,0.0,short,,,,,,,,,
2025-11-21,A,000028,,1.0,,,-0.040415200318315025,23.836086424093054,24.84,0.0,long,,,,,,,,,
2025-11-21,A,000950,,-1.0,,,0.04396925262357154,5.386881343537629,5.16,0.0,short,,,,,,,,,
2025-11-28,A,000028,,1.0,,,-0.03137341869793275,24.099429342795432,24.88,0.0,long,,,,,,,,,
2025-11-28,A,000950,,-1.0,,,0.033473793367378324,5.446406891046084,5.27,0.0,short,,,,,,,,,
2025-12-05,A,000028,,1.0,,,-0.019880014340307728,24.659818839197857,25.16,0.0,long,,,,,,,,,
2025-12-05,A,000950,,-1.0,,,0.02070317309640024,5.573039325106345,5.46,0.0,short,,,,,,,,,
2025-12-12,A,000028,,1.0,,,0.052879906723668935,25.995604897007386,24.69,0.0,long,,,,,,,,,
2025-12-12,A,000950,,-1.0,,,-0.047822235968957294,5.874936804071534,6.17,0.0,short,,,,,,,,,
2025-12-19,A,000028,,1.0,,,0.10507646738338061,27.63796244925835,25.01,0.0,long,,,,,,,,,
2025-12-19,A,000950,,-1.0,,,-0.0868290811554594,6.246089084896657,6.84,0.0,short,,,,,,,,,
2025-12-26,A,000028,,1.0,,,0.06737771139812576,26.47096724267352,24.8,0.0,long,,,,,,,,,
2025-12-26,A,000950,,-1.0,,,-0.05937641719490039,5.982365986640434,6.36,0.0,short,,,,,,,,,
2025-12-31,A,000028,,1.0,,,0.02427865361698789,25.15628373283322,24.56,0.0,long,,,,,,,,,
2025-12-31,A,000950,,-1.0,,,-0.023154341159505654,5.685241734451678,5.82,0.0,short,,,,,,,,,
2026-01-09,A,000028,,1.0,,,0.05796792961543917,26.47035759897829,25.02,0.0,long,,,,,,,,,
2026-01-09,A,000950,,-1.0,,,-0.05194557477110895,5.982223423194302,6.31,0.0,short,,,,,,,,,
2026-01-16,A,000028,,1.0,,,0.054218403997541964,26.176242971258965,24.83,0.0,long,,,,,,,,,
2026-01-16,A,000950,,-1.0,,,-0.04891429408196135,5.9157530908102,6.22,0.0,short,,,,,,,,,
2026-01-23,A,000028,,1.0,,,0.05656690418446786,27.005850070954995,25.56,0.0,long,,,,,,,,,
2026-01-23,A,000950,,-1.0,,,-0.05081770381887418,6.103242164444639,6.43,0.0,short,,,,,,,,,
2026-01-30,A,000028,,1.0,,,0.01362781089709375,26.41514075197826,26.06,0.0,long,,,,,,,,,
2026-01-30,A,000950,,-1.0,,,-0.013266231508464843,5.969739299373788,6.05,0.0,short,,,,,,,,,
2026-02-06,A,000028,,1.0,,,0.004571073939253045,26.560859194953853,26.44,0.0,long,,,,,,,,,
2026-02-06,A,000950,,-1.0,,,-0.004529663089449576,6.002686131570619,6.03,0.0,short,,,,,,,,,
2026-02-13,A,000028,,1.0,,,-0.004823958996348576,25.655638337074134,25.78,0.0,long,,,,,,,,,
2026-02-13,A,000950,,-1.0,,,0.004870953556810775,5.798105402022798,5.77,0.0,short,,,,,,,,,
2026-02-27,A,000028,,1.0,,,0.007065903856155797,26.012512296604502,25.83,0.0,long,,,,,,,,,
2026-02-27,A,000950,,-1.0,,,-0.006967441315241962,5.878752747413768,5.92,0.0,short,,,,,,,,,
2026-03-06,A,000028,,1.0,,,0.001367074535607804,25.58492875438478,25.55,0.0,long,,,,,,,,,
2026-03-06,A,000950,,-1.0,,,-0.0013633469418330435,5.782106221206787,5.79,0.0,short,,,,,,,,,
2026-03-13,A,000028,,1.0,,,-0.007403875298483853,25.76779539725136,25.96,0.0,long,,,,,,,,,
2026-03-13,A,000950,,-1.0,,,0.007515157882098666,5.82343761255853,5.78,0.0,short,,,,,,,,,
2026-03-20,A,000028,,1.0,,,0.4948700383467588,38.74703139394799,25.92,0.0,long,,,,,,,,,
2026-03-20,A,000950,,-1.0,,,-0.24871089653534895,4.117064286986288,5.48,0.0,short,,,,,,,,,
2026-03-27,A,000028,,1.0,,,0.5235266556015279,39.154635048959264,25.7,0.0,long,,,,,,,,,
2026-03-27,A,000950,,-1.0,,,-0.2557464687101142,4.160377239910462,5.59,0.0,short,,,,,,,,,
2026-04-03,A,000028,,1.0,,,0.7726650741007028,46.79835795625855,26.4,0.0,long,,,,,,,,,
2026-04-03,A,000950,,-1.0,,,-0.3035618285693459,4.97256854401487,7.14,0.0,short,,,,,,,,,
2026-04-10,A,000028,,1.0,,,0.5903342226232235,41.73037000163338,26.24,0.0,long,,,,,,,,,
2026-04-10,A,000950,,-1.0,,,-0.2707125074011457,4.4340679550010345,6.08,0.0,short,,,,,,,,,
2026-04-17,A,000028,,1.0,,,0.6000932338838572,41.68242874267448,26.05,0.0,long,,,,,,,,,
2026-04-17,A,000950,,-1.0,,,-0.27274653429384343,4.428973606150493,6.09,0.0,short,,,,,,,,,
2026-04-24,A,000028,,1.0,,,0.43488650888795366,35.57083655533237,24.79,0.0,long,,,,,,,,,
2026-04-24,A,000950,,-1.0,,,-0.23258786213807425,4.5200574920067425,5.89,0.0,short,,,,,,,,,
2026-04-30,A,000028,,1.0,,,0.0,24.54,24.54,0.0,long,,,,,,,,,
2026-04-30,A,000950,,-1.0,,,-0.46235209907206176,3.118357825382042,5.8,0.0,short,,,,,,,,,
2026-05-08,A,000028,,1.0,,,0.016560223370454707,24.936222279277256,24.53,0.0,long,,,,,,,,,
2026-05-08,A,000950,,-1.0,,,-0.46474589159731317,3.168704321743906,5.92,0.0,short,,,,,,,,,
2026-05-15,A,000028,,1.0,,,0.12976234152704746,27.272462924462925,24.14,0.0,long,,,,,,,,,
2026-05-15,A,000950,,-1.0,,,-0.4811998547355101,3.4655849703667925,6.68,0.0,short,,,,,,,,,
2026-05-22,A,000028,,1.0,,,0.17797514202783482,28.03580838026247,23.8,0.0,long,,,,,,,,,
2026-05-22,A,000950,,-1.0,,,-0.42353079245344105,3.562579702637734,6.18,0.0,short,,,,,,,,,
2026-05-29,A,000028,,1.0,,,0.14385941523001677,27.017959387732997,23.62,0.0,long,,,,,,,,,
2026-05-29,A,000950,,-1.0,,,-0.40907916939288547,3.433250025827335,5.81,0.0,short,,,,,,,,,
2026-06-05,A,000028,,1.0,,,0.15608618679563024,26.34720419707241,22.79,0.0,long,,,,,,,,,
2026-06-05,A,000950,,-1.0,,,-0.39016568192896217,3.347990406209998,5.49,0.0,short,,,,,,,,,
2026-06-12,A,000028,,1.0,,,0.0,22.65,22.65,0.0,long,,,,,,,,,
2026-06-12,A,000950,,-1.0,,,-0.4517721036585366,2.8781964557926827,5.25,0.0,short,,,,,,,,,
2026-06-18,A,000028,,1.0,,,0.0,22.6,22.6,0.0,long,,,,,,,,,
2026-06-18,A,000950,,-1.0,,,-0.4508920672720578,2.871834488167138,5.23,0.0,short,,,,,,,,,
2026-06-26,A,000028,,1.0,,,0.0,19.1,19.1,0.0,long,,,,,,,,,
2026-06-26,A,000950,,-1.0,,,-0.4584603677869371,2.6697903868104,4.93,0.0,short,,,,,,,,,
2026-07-03,A,000028,,1.0,,,0.0,20.36,20.36,0.0,long,,,,,,,,,
2026-07-03,A,000950,,-1.0,,,-0.46505483760265887,2.845908263953855,5.32,0.0,short,,,,,,,,,
2026-07-10,A,000028,,1.0,,,0.0,20.22,20.22,0.0,long,,,,,,,,,
2026-07-10,A,000950,,-1.0,,,-0.44946535135793453,2.851769479965899,5.18,0.0,short,,,,,,,,,
2026-07-17,A,000028,,1.0,,,0.0,20.78,20.78,0.0,long,,,,,,,,,
2026-07-17,A,000950,,-1.0,,,-0.45013942874457313,2.9307568447914254,5.33,0.0,short,,,,,,,,,
2026-07-24,A,000028,,1.0,,,0.0,20.16,20.16,0.0,long,,,,,,,,,
2026-07-24,A,000950,,-1.0,,,-0.45003636292641025,2.843312003670459,5.17,0.0,short,,,,,,,,,
2026-07-31,A,000028,,1.0,,,0.0,21.02,21.02,0.0,long,,,,,,,,,
2026-07-31,A,000950,,-1.0,,,-0.4580263601009379,2.96459581024787,5.47,0.0,short,,,,,,,,,
2026-08-07,A,000028,,1.0,,,0.0,20.32,20.32,0.0,long,,,,,,,,,
2026-08-07,A,000950,,-1.0,,,-0.4722142186614122,2.8658767926685313,5.43,0.0,short,,,,,,,,,
2025-06-06,A_L,000028,,1.0,,,0.09567178008854116,27.808149778647174,25.38,0.0,long,,,,,,,,,
2025-06-13,A_L,000028,,1.0,,,0.08520762487642597,27.651090281851335,25.48,0.0,long,,,,,,,,,
2025-06-20,A_L,000028,,1.0,,,0.08599121426587786,26.976021762364407,24.84,0.0,long,,,,,,,,,
2025-06-27,A_L,000028,,1.0,,,0.09480131963268823,27.227708819264958,24.87,0.0,long,,,,,,,,,
2025-07-04,A_L,000028,,1.0,,,0.09809124922747992,27.485223968163822,25.03,0.0,long,,,,,,,,,
2025-07-11,A_L,000028,,1.0,,,0.1034024762557888,27.91608264927146,25.3,0.0,long,,,,,,,,,
2025-07-18,A_L,000028,,1.0,,,0.11255772190867108,28.103208055413035,25.26,0.0,long,,,,,,,,,
2025-07-25,A_L,000028,,1.0,,,0.11377599291831286,28.66859405771737,25.74,0.0,long,,,,,,,,,
2025-08-01,A_L,000028,,1.0,,,0.11076591119258916,28.62443753143302,25.77,0.0,long,,,,,,,,,
2025-08-08,A_L,000028,,1.0,,,0.11323076168442037,28.465310576270628,25.57,0.0,long,,,,,,,,,
2025-08-15,A_L,000028,,1.0,,,0.09197119315680213,28.19469620730863,25.82,0.0,long,,,,,,,,,
2025-08-22,A_L,000028,,1.0,,,0.05947346616535465,27.51452591631426,25.97,0.0,long,,,,,,,,,
2025-08-29,A_L,000028,,1.0,,,0.04757324332086199,27.02738967767824,25.8,0.0,long,,,,,,,,,
2025-09-05,A_L,000028,,1.0,,,0.04749333545537748,26.721554987466682,25.51,0.0,long,,,,,,,,,
2025-09-12,A_L,000028,,1.0,,,0.04842332136820149,27.00738475844487,25.76,0.0,long,,,,,,,,,
2025-09-19,A_L,000028,,1.0,,,0.04049217089942525,26.93834230458612,25.89,0.0,long,,,,,,,,,
2025-09-26,A_L,000028,,1.0,,,0.04322995000203256,26.049451851550753,24.97,0.0,long,,,,,,,,,
2025-09-30,A_L,000028,,1.0,,,0.046866689673372264,26.171667241834307,25.0,0.0,long,,,,,,,,,
2025-10-10,A_L,000028,,1.0,,,0.04607296969793939,26.5493319709337,25.38,0.0,long,,,,,,,,,
2025-10-17,A_L,000028,,1.0,,,0.05830596816227085,26.626978158962736,25.16,0.0,long,,,,,,,,,
2025-10-24,A_L,000028,,1.0,,,0.033968277917130196,26.304152990211794,25.44,0.0,long,,,,,,,,,
2025-10-31,A_L,000028,,1.0,,,-0.03262465695508243,24.590681220201805,25.42,0.0,long,,,,,,,,,
2025-11-07,A_L,000028,,1.0,,,-0.021827260499402645,24.982531766845256,25.54,0.0,long,,,,,,,,,
2025-11-14,A_L,000028,,1.0,,,-0.02500312148832562,25.47666843551005,26.13,0.0,long,,,,,,,,,
2025-11-21,A_L,000028,,1.0,,,-0.040415200318315025,23.836086424093054,24.84,0.0,long,,,,,,,,,
2025-11-28,A_L,000028,,1.0,,,-0.03137341869793275,24.099429342795432,24.88,0.0,long,,,,,,,,,
2025-12-05,A_L,000028,,1.0,,,-0.019880014340307728,24.659818839197857,25.16,0.0,long,,,,,,,,,
2025-12-12,A_L,000028,,1.0,,,0.052879906723668935,25.995604897007386,24.69,0.0,long,,,,,,,,,
2025-12-19,A_L,000028,,1.0,,,0.10507646738338061,27.63796244925835,25.01,0.0,long,,,,,,,,,
2025-12-26,A_L,000028,,1.0,,,0.06737771139812576,26.47096724267352,24.8,0.0,long,,,,,,,,,
2025-12-31,A_L,000028,,1.0,,,0.02427865361698789,25.15628373283322,24.56,0.0,long,,,,,,,,,
2026-01-09,A_L,000028,,1.0,,,0.05796792961543917,26.47035759897829,25.02,0.0,long,,,,,,,,,
2026-01-16,A_L,000028,,1.0,,,0.054218403997541964,26.176242971258965,24.83,0.0,long,,,,,,,,,
2026-01-23,A_L,000028,,1.0,,,0.05656690418446786,27.005850070954995,25.56,0.0,long,,,,,,,,,
2026-01-30,A_L,000028,,1.0,,,0.01362781089709375,26.41514075197826,26.06,0.0,long,,,,,,,,,
2026-02-06,A_L,000028,,1.0,,,0.004571073939253045,26.560859194953853,26.44,0.0,long,,,,,,,,,
2026-02-13,A_L,000028,,1.0,,,-0.004823958996348576,25.655638337074134,25.78,0.0,long,,,,,,,,,
2026-02-27,A_L,000028,,1.0,,,0.007065903856155797,26.012512296604502,25.83,0.0,long,,,,,,,,,
2026-03-06,A_L,000028,,1.0,,,0.001367074535607804,25.58492875438478,25.55,0.0,long,,,,,,,,,
2026-03-13,A_L,000028,,1.0,,,-0.007403875298483853,25.76779539725136,25.96,0.0,long,,,,,,,,,
2026-03-20,A_L,000028,,1.0,,,0.4948700383467588,38.74703139394799,25.92,0.0,long,,,,,,,,,
2026-03-27,A_L,000028,,1.0,,,0.5235266556015279,39.154635048959264,25.7,0.0,long,,,,,,,,,
2026-04-03,A_L,000028,,1.0,,,0.7726650741007028,46.79835795625855,26.4,0.0,long,,,,,,,,,
2026-04-10,A_L,000028,,1.0,,,0.5903342226232235,41.73037000163338,26.24,0.0,long,,,,,,,,,
2026-04-17,A_L,000028,,1.0,,,0.6000932338838572,41.68242874267448,26.05,0.0,long,,,,,,,,,
2026-04-24,A_L,000028,,1.0,,,0.43488650888795366,35.57083655533237,24.79,0.0,long,,,,,,,,,
2026-04-30,A_L,000028,,1.0,,,0.0,24.54,24.54,0.0,long,,,,,,,,,
2026-05-08,A_L,000028,,1.0,,,0.016560223370454707,24.936222279277256,24.53,0.0,long,,,,,,,,,
2026-05-15,A_L,000028,,1.0,,,0.12976234152704746,27.272462924462925,24.14,0.0,long,,,,,,,,,
2026-05-22,A_L,000028,,1.0,,,0.17797514202783482,28.03580838026247,23.8,0.0,long,,,,,,,,,
2026-05-29,A_L,000028,,1.0,,,0.14385941523001677,27.017959387732997,23.62,0.0,long,,,,,,,,,
2026-06-05,A_L,000028,,1.0,,,0.15608618679563024,26.34720419707241,22.79,0.0,long,,,,,,,,,
2026-06-12,A_L,000028,,1.0,,,0.0,22.65,22.65,0.0,long,,,,,,,,,
2026-06-18,A_L,000028,,1.0,,,0.0,22.6,22.6,0.0,long,,,,,,,,,
2026-06-26,A_L,000028,,1.0,,,0.0,19.1,19.1,0.0,long,,,,,,,,,
2026-07-03,A_L,000028,,1.0,,,0.0,20.36,20.36,0.0,long,,,,,,,,,
2026-07-10,A_L,000028,,1.0,,,0.0,20.22,20.22,0.0,long,,,,,,,,,
2026-07-17,A_L,000028,,1.0,,,0.0,20.78,20.78,0.0,long,,,,,,,,,
2026-07-24,A_L,000028,,1.0,,,0.0,20.16,20.16,0.0,long,,,,,,,,,
2026-07-31,A_L,000028,,1.0,,,0.0,21.02,21.02,0.0,long,,,,,,,,,
2026-08-07,A_L,000028,,1.0,,,0.0,20.32,20.32,0.0,long,,,,,,,,,
2025-06-06,B,000411,,1.0,,,1.5,26.480020357960814,10.56,1.5,long,,,,,,,,,
2025-06-06,B,000705,,-1.0,,,-0.518236140913165,4.0901751636472286,8.49,-0.518236140913165,short,,,,,,,,,
2025-06-13,B,000411,,1.0,,,1.5,26.330523823476593,10.53,1.5,long,,,,,,,,,
2025-06-13,B,000705,,-1.0,,,-0.5146707026233719,4.067059512016145,8.38,-0.5146707026233719,short,,,,,,,,,
2025-06-20,B,000411,,1.0,,,1.5,25.68754725617179,10.22,1.5,long,,,,,,,,,
2025-06-20,B,000705,,-1.0,,,-0.5095460971883339,3.9677720737463793,8.09,-0.5095460971883339,short,,,,,,,,,
2025-06-27,B,000411,,1.0,,,1.4529194640351784,25.927358734851836,10.57,1.4529194640351784,long,,,,,,,,,
2025-06-27,B,000705,,-1.0,,,-0.5226706367384334,4.0047933577645445,8.39,-0.5226706367384334,short,,,,,,,,,
2025-07-04,B,000411,,1.0,,,1.4211328294034784,26.1724458858516,10.81,1.4211328294034784,long,,,,,,,,,
2025-07-04,B,000705,,-1.0,,,-0.5277249967672878,4.042674027672017,8.56,-0.5277249967672878,short,,,,,,,,,
2025-07-11,B,000411,,1.0,,,1.427657949990456,26.582854552395492,10.95,1.427657949990456,long,,,,,,,,,
2025-07-11,B,000705,,-1.0,,,-0.5280413136248376,4.106040571463912,8.7,-0.5280413136248376,short,,,,,,,,,
2025-07-18,B,000411,,1.0,,,1.382977497717866,26.760837299371634,11.23,1.382977497717866,long,,,,,,,,,
2025-07-18,B,000705,,-1.0,,,-0.6017765238190449,4.133559682758315,10.38,-0.6017765238190449,short,,,,,,,,,
2025-07-25,B,000411,,1.0,,,1.437448347566448,27.299421492744216,11.2,1.437448347566448,long,,,,,,,,,
2025-07-25,B,000705,,-1.0,,,-0.5480462023908584,4.216728931693291,9.33,-0.5480462023908584,short,,,,,,,,,
2025-08-01,B,000411,,1.0,,,1.4228639170515067,27.25721906682945,11.25,1.4228639170515067,long,,,,,,,,,
2025-08-01,B,000705,,-1.0,,,-0.5600595655952463,4.2102299572534925,9.57,-0.5600595655952463,short,,,,,,,,,
2025-08-08,B,000411,,1.0,,,1.4008515815085159,27.105614355231143,11.29,1.4008515815085159,long,,,,,,,,,
2025-08-08,B,000705,,-1.0,,,-0.5560107597000326,4.186818536028692,9.43,-0.5560107597000326,short,,,,,,,,,
2025-08-15,B,000411,,1.0,,,1.4444718223098314,27.646976310324195,11.31,1.4444718223098314,long,,,,,,,,,
2025-08-15,B,000705,,-1.0,,,-0.5447334089434039,4.270400624110871,9.38,-0.5447334089434039,short,,,,,,,,,
2025-08-22,B,000411,,1.0,,,1.3708151128214099,26.979875983907647,11.38,1.3708151128214099,long,,,,,,,,,
2025-08-22,B,000705,,-1.0,,,-0.5627088021551689,4.16738511546124,9.53,-0.5627088021551689,short,,,,,,,,,
2025-08-29,B,000411,,1.0,,,1.2645895700095249,26.35982259491087,11.64,1.2645895700095249,long,,,,,,,,,
2025-08-29,B,000705,,-1.0,,,-0.5910225377292708,3.7830415260042454,9.25,-0.5910225377292708,short,,,,,,,,,
2025-09-05,B,000411,,1.0,,,1.272163533737248,26.06171573196624,11.47,1.272163533737248,long,,,,,,,,,
2025-09-05,B,000705,,-1.0,,,-0.6008283146230964,3.7402386919815873,9.37,-0.6008283146230964,short,,,,,,,,,
2025-09-12,B,000411,,1.0,,,1.300478109005395,26.34047434811177,11.45,1.300478109005395,long,,,,,,,,,
2025-09-12,B,000705,,-1.0,,,-0.5991260342656037,3.780241496875357,9.43,-0.5991260342656037,short,,,,,,,,,
2025-09-19,B,000411,,1.0,,,1.3733523509738341,26.273010525280345,11.07,1.3733523509738341,long,,,,,,,,,
2025-09-19,B,000705,,-1.0,,,-0.6088606811419275,3.77058303379182,9.64,-0.6088606811419275,short,,,,,,,,,
2025-09-26,B,000411,,1.0,,,1.2909004891634237,25.40608642482237,11.09,1.2909004891634237,long,,,,,,,,,
2025-09-26,B,000705,,-1.0,,,-0.6446231325561462,3.6461666599739404,10.26,-0.6446231325561462,short,,,,,,,,,
2025-09-30,B,000411,,1.0,,,1.2729544613106256,25.525278600518327,11.23,1.2729544613106256,long,,,,,,,,,
2025-09-30,B,000705,,-1.0,,,-0.6307196890494182,3.6632606846297717,9.92,-0.6307196890494182,short,,,,,,,,,
2025-10-10,B,000411,,1.0,,,1.2535884136885276,25.893730873281182,11.49,1.2535884136885276,long,,,,,,,,,
2025-10-10,B,000705,,-1.0,,,-0.6219607724114806,3.716125607195145,9.83,-0.6219607724114806,short,,,,,,,,,
2025-10-17,B,000411,,1.0,,,1.2961286990923493,25.96921558673447,11.31,1.2961286990923493,long,,,,,,,,,
2025-10-17,B,000705,,-1.0,,,-0.6005356949797249,3.7270019658391664,9.33,-0.6005356949797249,short,,,,,,,,,
2025-10-24,B,000411,,1.0,,,1.3761767306392056,27.135938263899728,11.42,1.3761767306392056,long,,,,,,,,,
2025-10-24,B,000705,,-1.0,,,-0.6026081510700942,3.8944401195130762,9.8,-0.6026081510700942,short,,,,,,,,,
2025-10-31,B,000411,,1.0,,,1.186911700702332,24.209112526774817,11.07,1.186911700702332,long,,,,,,,,,
2025-10-31,B,000705,,-1.0,,,-0.6215587794872098,3.621682480307402,9.57,-0.6215587794872098,short,,,,,,,,,
2025-11-07,B,000411,,1.0,,,1.1239068363517704,24.5948411649535,11.58,1.1239068363517704,long,,,,,,,,,
2025-11-07,B,000705,,-1.0,,,-0.619503707795871,3.679399145613927,9.67,-0.619503707795871,short,,,,,,,,,
2025-11-14,B,000411,,1.0,,,1.057530010772104,25.081290831311946,12.19,1.057530010772104,long,,,,,,,,,
2025-11-14,B,000705,,-1.0,,,-0.6371210236700462,3.7521686152517217,10.34,-0.6371210236700462,short,,,,,,,,,
2025-11-21,B,000411,,1.0,,,1.1198061119123408,23.466253658869615,11.07,1.1198061119123408,long,,,,,,,,,
2025-11-21,B,000705,,-1.0,,,-0.6229269795874376,3.510549820040956,9.31,-0.6229269795874376,short,,,,,,,,,
2025-11-28,B,000411,,1.0,,,0.9705568501910571,23.725504476300326,12.04,0.9705568501910571,long,,,,,,,,,
2025-11-28,B,000705,,-1.0,,,-0.6291183150756544,3.549337724725987,9.57,-0.6291183150756544,short,,,,,,,,,
2025-12-05,B,000411,,1.0,,,0.9313505185630542,24.277076018337592,12.57,0.9313505185630542,long,,,,,,,,,
2025-12-05,B,000705,,-1.0,,,-0.6389791101808017,3.6318701515811354,10.06,-0.6389791101808017,short,,,,,,,,,
2025-12-12,B,000411,,1.0,,,1.2273508349297444,25.592261093342763,11.49,1.2273508349297444,long,,,,,,,,,
2025-12-12,B,000705,,-1.0,,,-0.5820300024531472,3.828605177529172,9.16,-0.5820300024531472,short,,,,,,,,,
2025-12-19,B,000411,,1.0,,,1.08179498670059,27.209060476176713,13.07,1.08179498670059,long,,,,,,,,,
2025-12-19,B,000705,,-1.0,,,-0.5759921151923872,4.070475694153083,9.6,-0.5759921151923872,short,,,,,,,,,
2025-12-26,B,000411,,1.0,,,1.0264416366708295,26.060039447586867,12.86,1.0264416366708295,long,,,,,,,,,
2025-12-26,B,000705,,-1.0,,,-0.5776158664586335,3.8986055525868126,9.23,-0.5776158664586335,short,,,,,,,,,
2025-12-31,B,000411,,1.0,,,0.9424077174992218,24.765698398115077,12.75,0.9424077174992218,long,,,,,,,,,
2025-12-31,B,000705,,-1.0,,,-0.5906094034018152,3.704984899213572,9.05,-0.5906094034018152,short,,,,,,,,,
2026-01-09,B,000411,,1.0,,,0.9420558707987776,25.14962352684417,12.95,0.9420558707987776,long,,,,,,,,,
2026-01-09,B,000705,,-1.0,,,-0.5780817915963097,3.898524245650099,9.24,-0.5780817915963097,short,,,,,,,,,
2026-01-16,B,000411,,1.0,,,0.7587457447905919,24.200341448318543,13.76,0.7587457447905919,long,,,,,,,,,
2026-01-16,B,000705,,-1.0,,,-0.5827697122090889,3.8552078591880186,9.24,-0.5827697122090889,short,,,,,,,,,
2026-01-23,B,000411,,1.0,,,0.8219416193540452,24.55977302889253,13.48,0.8219416193540452,long,,,,,,,,,
2026-01-23,B,000705,,-1.0,,,-0.5891133847829452,3.9773824353010907,9.68,-0.5891133847829452,short,,,,,,,,,
2026-01-30,B,000411,,1.0,,,0.9233531762667337,24.022681171571506,12.49,0.9233531762667337,long,,,,,,,,,
2026-01-30,B,000705,,-1.0,,,-0.5878825079346068,3.8903891250973106,9.44,-0.5878825079346068,short,,,,,,,,,
2026-02-06,B,000411,,1.0,,,0.9685266444303788,24.15382192716075,12.27,0.9685266444303788,long,,,,,,,,,
2026-02-06,B,000705,,-1.0,,,-0.5886593066265624,3.911849993981391,9.51,-0.5886593066265624,short,,,,,,,,,
2026-02-13,B,000411,,1.0,,,0.9281495424157848,23.330609463230996,12.1,0.9281495424157848,long,,,,,,,,,
2026-02-13,B,000705,,-1.0,,,-0.5945783653211902,3.778529635206507,9.32,-0.5945783653211902,short,,,,,,,,,
2026-02-27,B,000411,,1.0,,,0.9294641840337092,23.655230896253276,12.26,0.9294641840337092,long,,,,,,,,,
2026-02-27,B,000705,,-1.0,,,-0.5915680549152195,3.831091644895242,9.38,-0.5915680549152195,short,,,,,,,,,
2026-03-06,B,000411,,1.0,,,0.9885739004616683,23.266314635401518,11.7,0.9885739004616683,long,,,,,,,,,
2026-03-06,B,000705,,-1.0,,,-0.5895301918366656,3.7681128389394103,9.18,-0.5895301918366656,short,,,,,,,,,
2026-03-13,B,000411,,1.0,,,1.0358526470610534,23.432663967672724,11.51,1.0358526470610534,long,,,,,,,,,
2026-03-13,B,000705,,-1.0,,,-0.586146365520802,3.7950378281742454,9.17,-0.586146365520802,short,,,,,,,,,
2026-03-20,B,000411,,1.0,,,0.5105585614258434,16.570827418841503,10.97,0.5105585614258434,long,,,,,,,,,
2026-03-20,B,000705,,-1.0,,,-0.6926654590017176,2.6830305429150054,8.73,-0.6926654590017176,short,,,,,,,,,
2026-03-27,B,000411,,1.0,,,0.5461813727070506,16.74514426641736,10.83,0.5461813727070506,long,,,,,,,,,
2026-03-27,B,000705,,-1.0,,,-0.6904963184285078,2.7112522505662713,8.76,-0.6904963184285078,short,,,,,,,,,
2026-04-03,B,000411,,1.0,,,0.827773393595906,20.01411865987517,10.95,0.827773393595906,long,,,,,,,,,
2026-04-03,B,000705,,-1.0,,,-0.6325914531557948,3.2405433831658894,8.82,-0.6325914531557948,short,,,,,,,,,
2026-04-10,B,000411,,1.0,,,0.6121654865721537,17.846671936353744,11.07,0.6121654865721537,long,,,,,,,,,
2026-04-10,B,000705,,-1.0,,,-0.6814097999467106,2.8896131144833346,9.07,-0.6814097999467106,short,,,,,,,,,
2026-04-17,B,000411,,1.0,,,0.6264713377825208,17.82612586209643,10.96,0.6264713377825208,long,,,,,,,,,
2026-04-17,B,000705,,-1.0,,,-0.6720121604563544,2.8862929879840817,8.8,-0.6720121604563544,short,,,,,,,,,
2026-04-24,B,000411,,1.0,,,0.45800258147789585,16.038028396256856,11.0,0.45800258147789585,long,,,,,,,,,
2026-04-24,B,000705,,-1.0,,,-0.7029956139702197,2.5542377198561104,8.6,-0.7029956139702197,short,,,,,,,,,
2026-04-30,B,000411,,1.0,,,0.0008267514287549904,10.608763565144802,10.6,0.0008267514287549904,long,,,,,,,,,
2026-04-30,B,000950,,-1.0,,,-0.46235209907206176,3.118357825382042,5.8,-0.46235209907206176,short,,,,,,,,,
2026-05-08,B,000028,,1.0,,,0.016560223370454707,24.936222279277256,24.53,0.016560223370454707,long,,,,,,,,,
2026-05-08,B,000950,,-1.0,,,-0.46474589159731317,3.168704321743906,5.92,-0.46474589159731317,short,,,,,,,,,
2026-05-15,B,000028,,1.0,,,0.12976234152704746,27.272462924462925,24.14,0.12976234152704746,long,,,,,,,,,
2026-05-15,B,000950,,-1.0,,,-0.4811998547355101,3.4655849703667925,6.68,-0.4811998547355101,short,,,,,,,,,
2026-05-22,B,000028,,1.0,,,0.17797514202783482,28.03580838026247,23.8,0.17797514202783482,long,,,,,,,,,
2026-05-22,B,000950,,-1.0,,,-0.42353079245344105,3.562579702637734,6.18,-0.42353079245344105,short,,,,,,,,,
2026-05-29,B,000028,,1.0,,,0.14385941523001677,27.017959387732997,23.62,0.14385941523001677,long,,,,,,,,,
2026-05-29,B,000950,,-1.0,,,-0.40907916939288547,3.433250025827335,5.81,-0.40907916939288547,short,,,,,,,,,
2026-06-05,B,000028,,1.0,,,0.15608618679563024,26.34720419707241,22.79,0.15608618679563024,long,,,,,,,,,
2026-06-05,B,000950,,-1.0,,,-0.39016568192896217,3.347990406209998,5.49,-0.39016568192896217,short,,,,,,,,,
2026-06-12,B,000411,,1.0,,,0.0317918556904373,9.79170471050225,9.49,0.0317918556904373,long,,,,,,,,,
2026-06-12,B,000950,,-1.0,,,-0.4517721036585366,2.8781964557926827,5.25,-0.4517721036585366,short,,,,,,,,,
2026-06-18,B,000411,,1.0,,,0.018782216780673044,9.770121458926655,9.59,0.018782216780673044,long,,,,,,,,,
2026-06-18,B,000950,,-1.0,,,-0.4508920672720578,2.871834488167138,5.23,-0.4508920672720578,short,,,,,,,,,
2026-06-26,B,000411,,1.0,,,0.009188969455184992,9.082700725096664,9.0,0.009188969455184992,long,,,,,,,,,
2026-06-26,B,000950,,-1.0,,,-0.4584603677869371,2.6697903868104,4.93,-0.4584603677869371,short,,,,,,,,,
2026-07-03,B,000411,,1.0,,,0.01486720296808941,9.681833116315572,9.54,0.01486720296808941,long,,,,,,,,,
2026-07-03,B,000950,,-1.0,,,-0.46505483760265887,2.845908263953855,5.32,-0.46505483760265887,short,,,,,,,,,
2026-07-10,B,000411,,1.0,,,0.032790181223326,9.615276587189166,9.31,0.032790181223326,long,,,,,,,,,
2026-07-10,B,000950,,-1.0,,,-0.44946535135793453,2.851769479965899,5.18,-0.44946535135793453,short,,,,,,,,,
2026-07-17,B,000411,,1.0,,,0.05124004344677768,9.88165640839971,9.4,0.05124004344677768,long,,,,,,,,,
2026-07-17,B,000950,,-1.0,,,-0.45013942874457313,2.9307568447914254,5.33,-0.45013942874457313,short,,,,,,,,,
2026-07-24,B,000411,,1.0,,,0.05581948856342356,9.586840956155886,9.08,0.05581948856342356,long,,,,,,,,,
2026-07-24,B,000950,,-1.0,,,-0.45003636292641025,2.843312003670459,5.17,-0.45003636292641025,short,,,,,,,,,
2026-07-31,B,000411,,1.0,,,0.05217811850684262,9.995692125815005,9.5,0.05217811850684262,long,,,,,,,,,
2026-07-31,B,000950,,-1.0,,,-0.4580263601009379,2.96459581024787,5.47,-0.4580263601009379,short,,,,,,,,,
2026-08-07,B,000411,,1.0,,,0.0013313465997759621,9.662847494687838,9.65,0.0013313465997759621,long,,,,,,,,,
2026-08-07,B,000950,,-1.0,,,-0.4722142186614122,2.8658767926685313,5.43,-0.4722142186614122,short,,,,,,,,,
2025-06-06,B_L,000411,,1.0,,,1.5,26.480020357960814,10.56,1.5,long,,,,,,,,,
2025-06-13,B_L,000411,,1.0,,,1.5,26.330523823476593,10.53,1.5,long,,,,,,,,,
2025-06-20,B_L,000411,,1.0,,,1.5,25.68754725617179,10.22,1.5,long,,,,,,,,,
2025-06-27,B_L,000411,,1.0,,,1.4529194640351784,25.927358734851836,10.57,1.4529194640351784,long,,,,,,,,,
2025-07-04,B_L,000411,,1.0,,,1.4211328294034784,26.1724458858516,10.81,1.4211328294034784,long,,,,,,,,,
2025-07-11,B_L,000411,,1.0,,,1.427657949990456,26.582854552395492,10.95,1.427657949990456,long,,,,,,,,,
2025-07-18,B_L,000411,,1.0,,,1.382977497717866,26.760837299371634,11.23,1.382977497717866,long,,,,,,,,,
2025-07-25,B_L,000411,,1.0,,,1.437448347566448,27.299421492744216,11.2,1.437448347566448,long,,,,,,,,,
2025-08-01,B_L,000411,,1.0,,,1.4228639170515067,27.25721906682945,11.25,1.4228639170515067,long,,,,,,,,,
2025-08-08,B_L,000411,,1.0,,,1.4008515815085159,27.105614355231143,11.29,1.4008515815085159,long,,,,,,,,,
2025-08-15,B_L,000411,,1.0,,,1.4444718223098314,27.646976310324195,11.31,1.4444718223098314,long,,,,,,,,,
2025-08-22,B_L,000411,,1.0,,,1.3708151128214099,26.979875983907647,11.38,1.3708151128214099,long,,,,,,,,,
2025-08-29,B_L,000411,,1.0,,,1.2645895700095249,26.35982259491087,11.64,1.2645895700095249,long,,,,,,,,,
2025-09-05,B_L,000411,,1.0,,,1.272163533737248,26.06171573196624,11.47,1.272163533737248,long,,,,,,,,,
2025-09-12,B_L,000411,,1.0,,,1.300478109005395,26.34047434811177,11.45,1.300478109005395,long,,,,,,,,,
2025-09-19,B_L,000411,,1.0,,,1.3733523509738341,26.273010525280345,11.07,1.3733523509738341,long,,,,,,,,,
2025-09-26,B_L,000411,,1.0,,,1.2909004891634237,25.40608642482237,11.09,1.2909004891634237,long,,,,,,,,,
2025-09-30,B_L,000411,,1.0,,,1.2729544613106256,25.525278600518327,11.23,1.2729544613106256,long,,,,,,,,,
2025-10-10,B_L,000411,,1.0,,,1.2535884136885276,25.893730873281182,11.49,1.2535884136885276,long,,,,,,,,,
2025-10-17,B_L,000411,,1.0,,,1.2961286990923493,25.96921558673447,11.31,1.2961286990923493,long,,,,,,,,,
2025-10-24,B_L,000411,,1.0,,,1.3761767306392056,27.135938263899728,11.42,1.3761767306392056,long,,,,,,,,,
2025-10-31,B_L,000411,,1.0,,,1.186911700702332,24.209112526774817,11.07,1.186911700702332,long,,,,,,,,,
2025-11-07,B_L,000411,,1.0,,,1.1239068363517704,24.5948411649535,11.58,1.1239068363517704,long,,,,,,,,,
2025-11-14,B_L,000411,,1.0,,,1.057530010772104,25.081290831311946,12.19,1.057530010772104,long,,,,,,,,,
2025-11-21,B_L,000411,,1.0,,,1.1198061119123408,23.466253658869615,11.07,1.1198061119123408,long,,,,,,,,,
2025-11-28,B_L,000411,,1.0,,,0.9705568501910571,23.725504476300326,12.04,0.9705568501910571,long,,,,,,,,,
2025-12-05,B_L,000411,,1.0,,,0.9313505185630542,24.277076018337592,12.57,0.9313505185630542,long,,,,,,,,,
2025-12-12,B_L,000411,,1.0,,,1.2273508349297444,25.592261093342763,11.49,1.2273508349297444,long,,,,,,,,,
2025-12-19,B_L,000411,,1.0,,,1.08179498670059,27.209060476176713,13.07,1.08179498670059,long,,,,,,,,,
2025-12-26,B_L,000411,,1.0,,,1.0264416366708295,26.060039447586867,12.86,1.0264416366708295,long,,,,,,,,,
2025-12-31,B_L,000411,,1.0,,,0.9424077174992218,24.765698398115077,12.75,0.9424077174992218,long,,,,,,,,,
2026-01-09,B_L,000411,,1.0,,,0.9420558707987776,25.14962352684417,12.95,0.9420558707987776,long,,,,,,,,,
2026-01-16,B_L,000411,,1.0,,,0.7587457447905919,24.200341448318543,13.76,0.7587457447905919,long,,,,,,,,,
2026-01-23,B_L,000411,,1.0,,,0.8219416193540452,24.55977302889253,13.48,0.8219416193540452,long,,,,,,,,,
2026-01-30,B_L,000411,,1.0,,,0.9233531762667337,24.022681171571506,12.49,0.9233531762667337,long,,,,,,,,,
2026-02-06,B_L,000411,,1.0,,,0.9685266444303788,24.15382192716075,12.27,0.9685266444303788,long,,,,,,,,,
2026-02-13,B_L,000411,,1.0,,,0.9281495424157848,23.330609463230996,12.1,0.9281495424157848,long,,,,,,,,,
2026-02-27,B_L,000411,,1.0,,,0.9294641840337092,23.655230896253276,12.26,0.9294641840337092,long,,,,,,,,,
2026-03-06,B_L,000411,,1.0,,,0.9885739004616683,23.266314635401518,11.7,0.9885739004616683,long,,,,,,,,,
2026-03-13,B_L,000411,,1.0,,,1.0358526470610534,23.432663967672724,11.51,1.0358526470610534,long,,,,,,,,,
2026-03-20,B_L,000411,,1.0,,,0.5105585614258434,16.570827418841503,10.97,0.5105585614258434,long,,,,,,,,,
2026-03-27,B_L,000411,,1.0,,,0.5461813727070506,16.74514426641736,10.83,0.5461813727070506,long,,,,,,,,,
2026-04-03,B_L,000411,,1.0,,,0.827773393595906,20.01411865987517,10.95,0.827773393595906,long,,,,,,,,,
2026-04-10,B_L,000411,,1.0,,,0.6121654865721537,17.846671936353744,11.07,0.6121654865721537,long,,,,,,,,,
2026-04-17,B_L,000411,,1.0,,,0.6264713377825208,17.82612586209643,10.96,0.6264713377825208,long,,,,,,,,,
2026-04-24,B_L,000411,,1.0,,,0.45800258147789585,16.038028396256856,11.0,0.45800258147789585,long,,,,,,,,,
2026-04-30,B_L,000411,,1.0,,,0.0008267514287549904,10.608763565144802,10.6,0.0008267514287549904,long,,,,,,,,,
2026-05-08,B_L,000028,,1.0,,,0.016560223370454707,24.936222279277256,24.53,0.016560223370454707,long,,,,,,,,,
2026-05-15,B_L,000028,,1.0,,,0.12976234152704746,27.272462924462925,24.14,0.12976234152704746,long,,,,,,,,,
2026-05-22,B_L,000028,,1.0,,,0.17797514202783482,28.03580838026247,23.8,0.17797514202783482,long,,,,,,,,,
2026-05-29,B_L,000028,,1.0,,,0.14385941523001677,27.017959387732997,23.62,0.14385941523001677,long,,,,,,,,,
2026-06-05,B_L,000028,,1.0,,,0.15608618679563024,26.34720419707241,22.79,0.15608618679563024,long,,,,,,,,,
2026-06-12,B_L,000411,,1.0,,,0.0317918556904373,9.79170471050225,9.49,0.0317918556904373,long,,,,,,,,,
2026-06-18,B_L,000411,,1.0,,,0.018782216780673044,9.770121458926655,9.59,0.018782216780673044,long,,,,,,,,,
2026-06-26,B_L,000411,,1.0,,,0.009188969455184992,9.082700725096664,9.0,0.009188969455184992,long,,,,,,,,,
2026-07-03,B_L,000411,,1.0,,,0.01486720296808941,9.681833116315572,9.54,0.01486720296808941,long,,,,,,,,,
2026-07-10,B_L,000411,,1.0,,,0.032790181223326,9.615276587189166,9.31,0.032790181223326,long,,,,,,,,,
2026-07-17,B_L,000411,,1.0,,,0.05124004344677768,9.88165640839971,9.4,0.05124004344677768,long,,,,,,,,,
2026-07-24,B_L,000411,,1.0,,,0.05581948856342356,9.586840956155886,9.08,0.05581948856342356,long,,,,,,,,,
2026-07-31,B_L,000411,,1.0,,,0.05217811850684262,9.995692125815005,9.5,0.05217811850684262,long,,,,,,,,,
2026-08-07,B_L,000411,,1.0,,,0.0013313465997759621,9.662847494687838,9.65,0.0013313465997759621,long,,,,,,,,,
2025-06-30,Q,000950,,1.0,,,-0.07783351150820905,4.601610777574037,4.99,0.79,long,,,,,,,,,
2025-06-30,Q,000503,,-1.0,,,,,10.57,0.35,short,,,,,,,,,
2025-07-31,Q,000950,,1.0,,,-0.09314874548380847,4.797243136390653,5.29,0.79,long,,,,,,,,,
2025-07-31,Q,000503,,-1.0,,,,,10.65,0.35,short,,,,,,,,,
2025-08-29,Q,000411,,1.0,,,1.2645895700095249,26.35982259491087,11.64,0.94,long,,,,,,,,,
2025-08-29,Q,000503,,-1.0,,,,,10.6,0.29000000000000004,short,,,,,,,,,
2025-09-30,Q,000411,,1.0,,,1.2729544613106256,25.525278600518327,11.23,0.8800000000000001,long,,,,,,,,,
2025-09-30,Q,000503,,-1.0,,,,,10.25,0.29000000000000004,short,,,,,,,,,
2025-10-31,Q,000411,,1.0,,,1.186911700702332,24.209112526774817,11.07,0.8200000000000001,long,,,,,,,,,
2025-10-31,Q,000503,,-1.0,,,,,9.94,0.29000000000000004,short,,,,,,,,,
2025-11-28,Q,000411,,1.0,,,0.9705568501910571,23.725504476300326,12.04,0.8200000000000001,long,,,,,,,,,
2025-11-28,Q,000503,,-1.0,,,,,9.99,0.29000000000000004,short,,,,,,,,,
2025-12-31,Q,000411,,1.0,,,0.9424077174992218,24.765698398115077,12.75,0.8200000000000001,long,,,,,,,,,
2025-12-31,Q,000503,,-1.0,,,,,8.88,0.29000000000000004,short,,,,,,,,,
2026-01-30,Q,000411,,1.0,,,0.9233531762667337,24.022681171571506,12.49,0.8200000000000001,long,,,,,,,,,
2026-01-30,Q,000503,,-1.0,,,,,9.44,0.29000000000000004,short,,,,,,,,,
2026-02-27,Q,000411,,1.0,,,0.9294641840337092,23.655230896253276,12.26,0.8200000000000001,long,,,,,,,,,
2026-02-27,Q,000503,,-1.0,,,,,9.19,0.29000000000000004,short,,,,,,,,,
2026-03-31,Q,000411,,1.0,,,0.5723939311054977,17.06047415249465,10.85,0.8200000000000001,long,,,,,,,,,
2026-03-31,Q,000503,,-1.0,,,,,7.86,0.29000000000000004,short,,,,,,,,,
2026-04-30,Q,000950,,1.0,,,-0.46235209907206176,3.118357825382042,5.8,0.74,long,,,,,,,,,
2026-04-30,Q,000503,,-1.0,,,,,7.91,0.29000000000000004,short,,,,,,,,,
2026-05-29,Q,000028,,1.0,,,0.14385941523001677,27.017959387732997,23.62,0.74,long,,,,,,,,,
2026-05-29,Q,000503,,-1.0,,,,,7.13,0.29000000000000004,short,,,,,,,,,
2026-06-30,Q,000028,,1.0,,,0.004191543112339158,18.989262080254335,18.91,0.74,long,,,,,,,,,
2026-06-30,Q,000503,,-1.0,,,,,6.15,0.29000000000000004,short,,,,,,,,,
2026-07-31,Q,000950,,1.0,,,-0.4580263601009379,2.96459581024787,5.47,0.74,long,,,,,,,,,
2026-07-31,Q,000503,,-1.0,,,,,7.72,0.29000000000000004,short,,,,,,,,,
2026-08-07,Q,000950,,1.0,,,-0.4722142186614122,2.8658767926685313,5.43,0.74,long,,,,,,,,,
2026-08-07,Q,000503,,-1.0,,,,,7.39,0.29000000000000004,short,,,,,,,,,
2025-06-30,Q_L,000950,,1.0,,,-0.07783351150820905,4.601610777574037,4.99,0.79,long,,,,,,,,,
2025-07-31,Q_L,000950,,1.0,,,-0.09314874548380847,4.797243136390653,5.29,0.79,long,,,,,,,,,
2025-08-29,Q_L,000411,,1.0,,,1.2645895700095249,26.35982259491087,11.64,0.94,long,,,,,,,,,
2025-09-30,Q_L,000411,,1.0,,,1.2729544613106256,25.525278600518327,11.23,0.8800000000000001,long,,,,,,,,,
2025-10-31,Q_L,000411,,1.0,,,1.186911700702332,24.209112526774817,11.07,0.8200000000000001,long,,,,,,,,,
2025-11-28,Q_L,000411,,1.0,,,0.9705568501910571,23.725504476300326,12.04,0.8200000000000001,long,,,,,,,,,
2025-12-31,Q_L,000411,,1.0,,,0.9424077174992218,24.765698398115077,12.75,0.8200000000000001,long,,,,,,,,,
2026-01-30,Q_L,000411,,1.0,,,0.9233531762667337,24.022681171571506,12.49,0.8200000000000001,long,,,,,,,,,
2026-02-27,Q_L,000411,,1.0,,,0.9294641840337092,23.655230896253276,12.26,0.8200000000000001,long,,,,,,,,,
2026-03-31,Q_L,000411,,1.0,,,0.5723939311054977,17.06047415249465,10.85,0.8200000000000001,long,,,,,,,,,
2026-04-30,Q_L,000950,,1.0,,,-0.46235209907206176,3.118357825382042,5.8,0.74,long,,,,,,,,,
2026-05-29,Q_L,000028,,1.0,,,0.14385941523001677,27.017959387732997,23.62,0.74,long,,,,,,,,,
2026-06-30,Q_L,000028,,1.0,,,0.004191543112339158,18.989262080254335,18.91,0.74,long,,,,,,,,,
2026-07-31,Q_L,000950,,1.0,,,-0.4580263601009379,2.96459581024787,5.47,0.74,long,,,,,,,,,
2026-08-07,Q_L,000950,,1.0,,,-0.4722142186614122,2.8658767926685313,5.43,0.74,long,,,,,,,,,
2025-06-06,M+,000705,,1.0,,,-0.518236140913165,4.0901751636472286,8.49,0.82,long,,,,,,,,,
2025-06-06,M+,000028,,-1.0,,,0.09567178008854116,27.808149778647174,25.38,0.33999999999999997,short,,,,,,,,,
2025-06-13,M+,000411,,1.0,,,1.5,26.330523823476593,10.53,0.7999999999999999,long,,,,,,,,,
2025-06-13,M+,000503,,-1.0,,,,,10.06,0.31999999999999995,short,,,,,,,,,
2025-06-20,M+,000411,,1.0,,,1.5,25.68754725617179,10.22,0.8599999999999999,long,,,,,,,,,
2025-06-20,M+,000503,,-1.0,,,,,9.83,0.31999999999999995,short,,,,,,,,,
2025-06-27,M+,000705,,1.0,,,-0.5226706367384334,4.0047933577645445,8.39,0.8799999999999999,long,,,,,,,,,
2025-06-27,M+,000028,,-1.0,,,0.09480131963268823,27.227708819264958,24.87,0.26,short,,,,,,,,,
2025-07-04,M+,000411,,1.0,,,1.4211328294034784,26.1724458858516,10.81,0.94,long,,,,,,,,,
2025-07-04,M+,000503,,-1.0,,,,,10.4,0.19999999999999998,short,,,,,,,,,
2025-07-11,M+,000411,,1.0,,,1.427657949990456,26.582854552395492,10.95,0.76,long,,,,,,,,,
2025-07-11,M+,000503,,-1.0,,,,,10.72,0.38,short,,,,,,,,,
2025-07-18,M+,000950,,1.0,,,-0.09187519631452201,4.749492723275051,5.23,0.82,long,,,,,,,,,
2025-07-18,M+,000503,,-1.0,,,,,10.91,0.19999999999999998,short,,,,,,,,,
2025-07-25,M+,000950,,1.0,,,-0.09268527462058573,4.845060633526072,5.34,0.94,long,,,,,,,,,
2025-07-25,M+,000503,,-1.0,,,,,11.04,0.19999999999999998,short,,,,,,,,,
2025-08-01,M+,000411,,1.0,,,1.4228639170515067,27.25721906682945,11.25,0.8599999999999999,long,,,,,,,,,
2025-08-01,M+,000503,,-1.0,,,,,10.89,0.31999999999999995,short,,,,,,,,,
2025-08-08,M+,000950,,1.0,,,-0.09232312594152858,4.810687432509899,5.3,0.8799999999999999,long,,,,,,,,,
2025-08-08,M+,000705,,-1.0,,,-0.5560107597000326,4.186818536028692,9.43,0.33999999999999997,short,,,,,,,,,
2025-08-15,M+,000950,,1.0,,,-0.07768215262836353,4.906730948017106,5.32,0.94,long,,,,,,,,,
2025-08-15,M+,000028,,-1.0,,,0.09197119315680213,28.19469620730863,25.82,0.39999999999999997,short,,,,,,,,,
2025-08-22,M+,000950,,1.0,,,-0.05315128398580482,5.131920040796937,5.42,0.94,long,,,,,,,,,
2025-08-22,M+,000503,,-1.0,,,,,11.14,0.26,short,,,,,,,,,
2025-08-29,M+,000411,,1.0,,,1.2645895700095249,26.35982259491087,11.64,0.8599999999999999,long,,,,,,,,,
2025-08-29,M+,000503,,-1.0,,,,,10.6,0.26,short,,,,,,,,,
2025-09-05,M+,000705,,1.0,,,-0.6008283146230964,3.7402386919815873,9.37,1.0,long,,,,,,,,,
2025-09-05,M+,000503,,-1.0,,,,,10.2,0.19999999999999998,short,,,,,,,,,
2025-09-12,M+,000705,,1.0,,,-0.5991260342656037,3.780241496875357,9.43,1.0,long,,,,,,,,,
2025-09-12,M+,000503,,-1.0,,,,,10.13,0.31999999999999995,short,,,,,,,,,
2025-09-19,M+,000705,,1.0,,,-0.6088606811419275,3.77058303379182,9.64,0.94,long,,,,,,,,,
2025-09-19,M+,000503,,-1.0,,,,,10.68,0.26,short,,,,,,,,,
2025-09-26,M+,000705,,1.0,,,-0.6446231325561462,3.6461666599739404,10.26,1.0,long,,,,,,,,,
2025-09-26,M+,000503,,-1.0,,,,,10.2,0.38,short,,,,,,,,,
2025-09-30,M+,000705,,1.0,,,-0.6307196890494182,3.6632606846297717,9.92,0.94,long,,,,,,,,,
2025-09-30,M+,000503,,-1.0,,,,,10.25,0.31999999999999995,short,,,,,,,,,
2025-10-10,M+,000411,,1.0,,,1.2535884136885276,25.893730873281182,11.49,0.8599999999999999,long,,,,,,,,,
2025-10-10,M+,000503,,-1.0,,,,,10.1,0.31999999999999995,short,,,,,,,,,
2025-10-17,M+,000411,,1.0,,,1.2961286990923493,25.96921558673447,11.31,1.0,long,,,,,,,,,
2025-10-17,M+,000503,,-1.0,,,,,9.82,0.31999999999999995,short,,,,,,,,,
2025-10-24,M+,000411,,1.0,,,1.3761767306392056,27.135938263899728,11.42,1.0,long,,,,,,,,,
2025-10-24,M+,000503,,-1.0,,,,,9.84,0.19999999999999998,short,,,,,,,,,
2025-10-31,M+,000950,,1.0,,,0.03490198770706954,5.557423673986963,5.37,0.82,long,,,,,,,,,
2025-10-31,M+,000503,,-1.0,,,,,9.94,0.43999999999999995,short,,,,,,,,,
2025-11-07,M+,000950,,1.0,,,0.022823614455937946,5.645986351796777,5.52,1.0,long,,,,,,,,,
2025-11-07,M+,000503,,-1.0,,,,,10.02,0.26,short,,,,,,,,,
2025-11-14,M+,000705,,1.0,,,-0.6371210236700462,3.7521686152517217,10.34,1.0,long,,,,,,,,,
2025-11-14,M+,000503,,-1.0,,,,,9.99,0.26,short,,,,,,,,,
2025-11-21,M+,000705,,1.0,,,-0.6229269795874376,3.510549820040956,9.31,0.8799999999999999,long,,,,,,,,,
2025-11-21,M+,000503,,-1.0,,,,,9.68,0.26,short,,,,,,,,,
2025-11-28,M+,000411,,1.0,,,0.9705568501910571,23.725504476300326,12.04,1.0,long,,,,,,,,,
2025-11-28,M+,000503,,-1.0,,,,,9.99,0.38,short,,,,,,,,,
2025-12-05,M+,000950,,1.0,,,0.02070317309640024,5.573039325106345,5.46,0.8799999999999999,long,,,,,,,,,
2025-12-05,M+,000503,,-1.0,,,,,9.77,0.26,short,,,,,,,,,
2025-12-12,M+,000950,,1.0,,,-0.047822235968957294,5.874936804071534,6.17,1.0,long,,,,,,,,,
2025-12-12,M+,000503,,-1.0,,,,,9.2,0.26,short,,,,,,,,,
2025-12-19,M+,000950,,1.0,,,-0.0868290811554594,6.246089084896657,6.84,1.0,long,,,,,,,,,
2025-12-19,M+,000503,,-1.0,,,,,9.29,0.31999999999999995,short,,,,,,,,,
2025-12-26,M+,000411,,1.0,,,1.0264416366708295,26.060039447586867,12.86,1.0,long,,,,,,,,,
2025-12-26,M+,000503,,-1.0,,,,,9.1,0.31999999999999995,short,,,,,,,,,
2025-12-31,M+,000411,,1.0,,,0.9424077174992218,24.765698398115077,12.75,1.0,long,,,,,,,,,
2025-12-31,M+,000503,,-1.0,,,,,8.88,0.38,short,,,,,,,,,
2026-01-09,M+,000950,,1.0,,,-0.05194557477110895,5.982223423194302,6.31,0.76,long,,,,,,,,,
2026-01-09,M+,000705,,-1.0,,,-0.5780817915963097,3.898524245650099,9.24,0.26,short,,,,,,,,,
2026-01-16,M+,000411,,1.0,,,0.7587457447905919,24.200341448318543,13.76,0.94,long,,,,,,,,,
2026-01-16,M+,000705,,-1.0,,,-0.5827697122090889,3.8552078591880186,9.24,0.26,short,,,,,,,,,
2026-01-23,M+,000950,,1.0,,,-0.05081770381887418,6.103242164444639,6.43,0.94,long,,,,,,,,,
2026-01-23,M+,000705,,-1.0,,,-0.5891133847829452,3.9773824353010907,9.68,0.31999999999999995,short,,,,,,,,,
2026-01-30,M+,000411,,1.0,,,0.9233531762667337,24.022681171571506,12.49,0.76,long,,,,,,,,,
2026-01-30,M+,000705,,-1.0,,,-0.5878825079346068,3.8903891250973106,9.44,0.38,short,,,,,,,,,
2026-02-06,M+,000950,,1.0,,,-0.004529663089449576,6.002686131570619,6.03,0.8799999999999999,long,,,,,,,,,
2026-02-06,M+,000503,,-1.0,,,,,9.27,0.33999999999999997,short,,,,,,,,,
2026-02-13,M+,000950,,1.0,,,0.004870953556810775,5.798105402022798,5.77,0.8799999999999999,long,,,,,,,,,
2026-02-13,M+,000503,,-1.0,,,,,9.34,0.39999999999999997,short,,,,,,,,,
2026-02-27,M+,000950,,1.0,,,-0.006967441315241962,5.878752747413768,5.92,0.82,long,,,,,,,,,
2026-02-27,M+,000503,,-1.0,,,,,9.19,0.38,short,,,,,,,,,
2026-03-06,M+,000950,,1.0,,,-0.0013633469418330435,5.782106221206787,5.79,0.82,long,,,,,,,,,
2026-03-06,M+,000503,,-1.0,,,,,8.78,0.38,short,,,,,,,,,
2026-03-13,M+,000950,,1.0,,,0.007515157882098666,5.82343761255853,5.78,0.8799999999999999,long,,,,,,,,,
2026-03-13,M+,000503,,-1.0,,,,,8.54,0.26,short,,,,,,,,,
2026-03-20,M+,000028,,1.0,,,0.4948700383467588,38.74703139394799,25.92,0.8799999999999999,long,,,,,,,,,
2026-03-20,M+,000950,,-1.0,,,-0.24871089653534895,4.117064286986288,5.48,0.26,short,,,,,,,,,
2026-03-27,M+,000028,,1.0,,,0.5235266556015279,39.154635048959264,25.7,0.8799999999999999,long,,,,,,,,,
2026-03-27,M+,000411,,-1.0,,,0.5461813727070506,16.74514426641736,10.83,0.39999999999999997,short,,,,,,,,,
2026-04-03,M+,000950,,1.0,,,-0.3035618285693459,4.97256854401487,7.14,1.0,long,,,,,,,,,
2026-04-03,M+,000411,,-1.0,,,0.827773393595906,20.01411865987517,10.95,0.26,short,,,,,,,,,
2026-04-10,M+,000950,,1.0,,,-0.2707125074011457,4.4340679550010345,6.08,0.8599999999999999,long,,,,,,,,,
2026-04-10,M+,000503,,-1.0,,,,,7.8,0.26,short,,,,,,,,,
2026-04-17,M+,000028,,1.0,,,0.6000932338838572,41.68242874267448,26.05,0.82,long,,,,,,,,,
2026-04-17,M+,000503,,-1.0,,,,,7.57,0.43999999999999995,short,,,,,,,,,
2026-04-24,M+,000950,,1.0,,,-0.23258786213807425,4.5200574920067425,5.89,0.82,long,,,,,,,,,
2026-04-24,M+,000503,,-1.0,,,,,7.35,0.43999999999999995,short,,,,,,,,,
2026-04-30,M+,000950,,1.0,,,-0.46235209907206176,3.118357825382042,5.8,0.76,long,,,,,,,,,
2026-04-30,M+,000411,,-1.0,,,0.0008267514287549904,10.608763565144802,10.6,0.26,short,,,,,,,,,
2026-05-08,M+,000950,,1.0,,,-0.46474589159731317,3.168704321743906,5.92,0.76,long,,,,,,,,,
2026-05-08,M+,000411,,-1.0,,,0.0,10.78,10.78,0.31999999999999995,short,,,,,,,,,
2026-05-15,M+,000950,,1.0,,,-0.4811998547355101,3.4655849703667925,6.68,0.94,long,,,,,,,,,
2026-05-15,M+,000705,,-1.0,,,,,7.64,0.26,short,,,,,,,,,
2026-05-22,M+,000411,,1.0,,,0.0,12.12,12.12,0.8599999999999999,long,,,,,,,,,
2026-05-22,M+,000705,,-1.0,,,,,7.32,0.38,short,,,,,,,,,
2026-05-29,M+,000411,,1.0,,,0.0,11.68,11.68,0.8599999999999999,long,,,,,,,,,
2026-05-29,M+,000705,,-1.0,,,,,7.0,0.26,short,,,,,,,,,
2026-06-05,M+,000411,,1.0,,,0.0,11.39,11.39,0.94,long,,,,,,,,,
2026-06-05,M+,000705,,-1.0,,,,,6.85,0.31999999999999995,short,,,,,,,,,
2026-06-12,M+,000950,,1.0,,,-0.4517721036585366,2.8781964557926827,5.25,0.82,long,,,,,,,,,
2026-06-12,M+,000705,,-1.0,,,,,6.69,0.38,short,,,,,,,,,
2026-06-18,M+,000950,,1.0,,,-0.4508920672720578,2.871834488167138,5.23,0.94,long,,,,,,,,,
2026-06-18,M+,000705,,-1.0,,,,,6.31,0.31999999999999995,short,,,,,,,,,
2026-06-26,M+,000950,,1.0,,,-0.4584603677869371,2.6697903868104,4.93,0.8599999999999999,long,,,,,,,,,
2026-06-26,M+,000705,,-1.0,,,,,5.99,0.38,short,,,,,,,,,
2026-07-03,M+,000028,,1.0,,,0.0,20.36,20.36,0.8599999999999999,long,,,,,,,,,
2026-07-03,M+,000705,,-1.0,,,,,6.28,0.31999999999999995,short,,,,,,,,,
2026-07-10,M+,000411,,1.0,,,0.032790181223326,9.615276587189166,9.31,0.76,long,,,,,,,,,
2026-07-10,M+,000705,,-1.0,,,,,6.22,0.43999999999999995,short,,,,,,,,,
2026-07-17,M+,000028,,1.0,,,0.0,20.78,20.78,1.0,long,,,,,,,,,
2026-07-17,M+,000503,,-1.0,,,,,6.43,0.33999999999999997,short,,,,,,,,,
2026-07-24,M+,000028,,1.0,,,0.0,20.16,20.16,0.8799999999999999,long,,,,,,,,,
2026-07-24,M+,000411,,-1.0,,,0.05581948856342356,9.586840956155886,9.08,0.33999999999999997,short,,,,,,,,,
2026-07-31,M+,000503,,1.0,,,,,7.72,1.0,long,,,,,,,,,
2026-07-31,M+,000705,,-1.0,,,,,6.54,0.26,short,,,,,,,,,
2026-08-07,M+,000503,,1.0,,,,,7.39,0.76,long,,,,,,,,,
2026-08-07,M+,000411,,-1.0,,,0.0013313465997759621,9.662847494687838,9.65,0.26,short,,,,,,,,,
2025-06-06,M+_L,000705,,1.0,,,-0.518236140913165,4.0901751636472286,8.49,0.82,long,,,,,,,,,
2025-06-13,M+_L,000411,,1.0,,,1.5,26.330523823476593,10.53,0.7999999999999999,long,,,,,,,,,
2025-06-20,M+_L,000411,,1.0,,,1.5,25.68754725617179,10.22,0.8599999999999999,long,,,,,,,,,
2025-06-27,M+_L,000705,,1.0,,,-0.5226706367384334,4.0047933577645445,8.39,0.8799999999999999,long,,,,,,,,,
2025-07-04,M+_L,000411,,1.0,,,1.4211328294034784,26.1724458858516,10.81,0.94,long,,,,,,,,,
2025-07-11,M+_L,000411,,1.0,,,1.427657949990456,26.582854552395492,10.95,0.76,long,,,,,,,,,
2025-07-18,M+_L,000950,,1.0,,,-0.09187519631452201,4.749492723275051,5.23,0.82,long,,,,,,,,,
2025-07-25,M+_L,000950,,1.0,,,-0.09268527462058573,4.845060633526072,5.34,0.94,long,,,,,,,,,
2025-08-01,M+_L,000411,,1.0,,,1.4228639170515067,27.25721906682945,11.25,0.8599999999999999,long,,,,,,,,,
2025-08-08,M+_L,000950,,1.0,,,-0.09232312594152858,4.810687432509899,5.3,0.8799999999999999,long,,,,,,,,,
2025-08-15,M+_L,000950,,1.0,,,-0.07768215262836353,4.906730948017106,5.32,0.94,long,,,,,,,,,
2025-08-22,M+_L,000950,,1.0,,,-0.05315128398580482,5.131920040796937,5.42,0.94,long,,,,,,,,,
2025-08-29,M+_L,000411,,1.0,,,1.2645895700095249,26.35982259491087,11.64,0.8599999999999999,long,,,,,,,,,
2025-09-05,M+_L,000705,,1.0,,,-0.6008283146230964,3.7402386919815873,9.37,1.0,long,,,,,,,,,
2025-09-12,M+_L,000705,,1.0,,,-0.5991260342656037,3.780241496875357,9.43,1.0,long,,,,,,,,,
2025-09-19,M+_L,000705,,1.0,,,-0.6088606811419275,3.77058303379182,9.64,0.94,long,,,,,,,,,
2025-09-26,M+_L,000705,,1.0,,,-0.6446231325561462,3.6461666599739404,10.26,1.0,long,,,,,,,,,
2025-09-30,M+_L,000705,,1.0,,,-0.6307196890494182,3.6632606846297717,9.92,0.94,long,,,,,,,,,
2025-10-10,M+_L,000411,,1.0,,,1.2535884136885276,25.893730873281182,11.49,0.8599999999999999,long,,,,,,,,,
2025-10-17,M+_L,000411,,1.0,,,1.2961286990923493,25.96921558673447,11.31,1.0,long,,,,,,,,,
2025-10-24,M+_L,000411,,1.0,,,1.3761767306392056,27.135938263899728,11.42,1.0,long,,,,,,,,,
2025-10-31,M+_L,000950,,1.0,,,0.03490198770706954,5.557423673986963,5.37,0.82,long,,,,,,,,,
2025-11-07,M+_L,000950,,1.0,,,0.022823614455937946,5.645986351796777,5.52,1.0,long,,,,,,,,,
2025-11-14,M+_L,000705,,1.0,,,-0.6371210236700462,3.7521686152517217,10.34,1.0,long,,,,,,,,,
2025-11-21,M+_L,000705,,1.0,,,-0.6229269795874376,3.510549820040956,9.31,0.8799999999999999,long,,,,,,,,,
2025-11-28,M+_L,000411,,1.0,,,0.9705568501910571,23.725504476300326,12.04,1.0,long,,,,,,,,,
2025-12-05,M+_L,000950,,1.0,,,0.02070317309640024,5.573039325106345,5.46,0.8799999999999999,long,,,,,,,,,
2025-12-12,M+_L,000950,,1.0,,,-0.047822235968957294,5.874936804071534,6.17,1.0,long,,,,,,,,,
2025-12-19,M+_L,000950,,1.0,,,-0.0868290811554594,6.246089084896657,6.84,1.0,long,,,,,,,,,
2025-12-26,M+_L,000411,,1.0,,,1.0264416366708295,26.060039447586867,12.86,1.0,long,,,,,,,,,
2025-12-31,M+_L,000411,,1.0,,,0.9424077174992218,24.765698398115077,12.75,1.0,long,,,,,,,,,
2026-01-09,M+_L,000950,,1.0,,,-0.05194557477110895,5.982223423194302,6.31,0.76,long,,,,,,,,,
2026-01-16,M+_L,000411,,1.0,,,0.7587457447905919,24.200341448318543,13.76,0.94,long,,,,,,,,,
2026-01-23,M+_L,000950,,1.0,,,-0.05081770381887418,6.103242164444639,6.43,0.94,long,,,,,,,,,
2026-01-30,M+_L,000411,,1.0,,,0.9233531762667337,24.022681171571506,12.49,0.76,long,,,,,,,,,
2026-02-06,M+_L,000950,,1.0,,,-0.004529663089449576,6.002686131570619,6.03,0.8799999999999999,long,,,,,,,,,
2026-02-13,M+_L,000950,,1.0,,,0.004870953556810775,5.798105402022798,5.77,0.8799999999999999,long,,,,,,,,,
2026-02-27,M+_L,000950,,1.0,,,-0.006967441315241962,5.878752747413768,5.92,0.82,long,,,,,,,,,
2026-03-06,M+_L,000950,,1.0,,,-0.0013633469418330435,5.782106221206787,5.79,0.82,long,,,,,,,,,
2026-03-13,M+_L,000950,,1.0,,,0.007515157882098666,5.82343761255853,5.78,0.8799999999999999,long,,,,,,,,,
2026-03-20,M+_L,000028,,1.0,,,0.4948700383467588,38.74703139394799,25.92,0.8799999999999999,long,,,,,,,,,
2026-03-27,M+_L,000028,,1.0,,,0.5235266556015279,39.154635048959264,25.7,0.8799999999999999,long,,,,,,,,,
2026-04-03,M+_L,000950,,1.0,,,-0.3035618285693459,4.97256854401487,7.14,1.0,long,,,,,,,,,
2026-04-10,M+_L,000950,,1.0,,,-0.2707125074011457,4.4340679550010345,6.08,0.8599999999999999,long,,,,,,,,,
2026-04-17,M+_L,000028,,1.0,,,0.6000932338838572,41.68242874267448,26.05,0.82,long,,,,,,,,,
2026-04-24,M+_L,000950,,1.0,,,-0.23258786213807425,4.5200574920067425,5.89,0.82,long,,,,,,,,,
2026-04-30,M+_L,000950,,1.0,,,-0.46235209907206176,3.118357825382042,5.8,0.76,long,,,,,,,,,
2026-05-08,M+_L,000950,,1.0,,,-0.46474589159731317,3.168704321743906,5.92,0.76,long,,,,,,,,,
2026-05-15,M+_L,000950,,1.0,,,-0.4811998547355101,3.4655849703667925,6.68,0.94,long,,,,,,,,,
2026-05-22,M+_L,000411,,1.0,,,0.0,12.12,12.12,0.8599999999999999,long,,,,,,,,,
2026-05-29,M+_L,000411,,1.0,,,0.0,11.68,11.68,0.8599999999999999,long,,,,,,,,,
2026-06-05,M+_L,000411,,1.0,,,0.0,11.39,11.39,0.94,long,,,,,,,,,
2026-06-12,M+_L,000950,,1.0,,,-0.4517721036585366,2.8781964557926827,5.25,0.82,long,,,,,,,,,
2026-06-18,M+_L,000950,,1.0,,,-0.4508920672720578,2.871834488167138,5.23,0.94,long,,,,,,,,,
2026-06-26,M+_L,000950,,1.0,,,-0.4584603677869371,2.6697903868104,4.93,0.8599999999999999,long,,,,,,,,,
2026-07-03,M+_L,000028,,1.0,,,0.0,20.36,20.36,0.8599999999999999,long,,,,,,,,,
2026-07-10,M+_L,000411,,1.0,,,0.032790181223326,9.615276587189166,9.31,0.76,long,,,,,,,,,
2026-07-17,M+_L,000028,,1.0,,,0.0,20.78,20.78,1.0,long,,,,,,,,,
2026-07-24,M+_L,000028,,1.0,,,0.0,20.16,20.16,0.8799999999999999,long,,,,,,,,,
2026-07-31,M+_L,000503,,1.0,,,,,7.72,1.0,long,,,,,,,,,
2026-08-07,M+_L,000503,,1.0,,,,,7.39,0.76,long,,,,,,,,,
2025-06-06,M-,000503,,1.0,,,,,10.31,1.0,long,,,,,,,,,
2025-06-06,M-,000705,,-1.0,,,-0.518236140913165,4.0901751636472286,8.49,0.2,short,,,,,,,,,
2025-06-13,M-,000503,,1.0,,,,,10.06,1.0,long,,,,,,,,,
2025-06-13,M-,000705,,-1.0,,,-0.5146707026233719,4.067059512016145,8.38,0.2,short,,,,,,,,,
2025-06-20,M-,000503,,1.0,,,,,9.83,1.0,long,,,,,,,,,
2025-06-20,M-,000950,,-1.0,,,-0.07337244328279446,4.559007579048651,4.92,0.2,short,,,,,,,,,
2025-06-27,M-,000705,,1.0,,,-0.5226706367384334,4.0047933577645445,8.39,1.0,long,,,,,,,,,
2025-06-27,M-,000503,,-1.0,,,,,10.75,0.2,short,,,,,,,,,
2025-07-04,M-,000950,,1.0,,,-0.08200358168939847,4.645061876651643,5.06,1.0,long,,,,,,,,,
2025-07-04,M-,000411,,-1.0,,,1.4211328294034784,26.1724458858516,10.81,0.2,short,,,,,,,,,
2025-07-11,M-,000028,,1.0,,,0.1034024762557888,27.91608264927146,25.3,1.0,long,,,,,,,,,
2025-07-11,M-,000503,,-1.0,,,,,10.72,0.2,short,,,,,,,,,
2025-07-18,M-,000028,,1.0,,,0.11255772190867108,28.103208055413035,25.26,1.0,long,,,,,,,,,
2025-07-18,M-,000705,,-1.0,,,-0.6017765238190449,4.133559682758315,10.38,0.2,short,,,,,,,,,
2025-07-25,M-,000503,,1.0,,,,,11.04,1.0,long,,,,,,,,,
2025-07-25,M-,000705,,-1.0,,,-0.5480462023908584,4.216728931693291,9.33,0.2,short,,,,,,,,,
2025-08-01,M-,000028,,1.0,,,0.11076591119258916,28.62443753143302,25.77,1.0,long,,,,,,,,,
2025-08-01,M-,000705,,-1.0,,,-0.5600595655952463,4.2102299572534925,9.57,0.2,short,,,,,,,,,
2025-08-08,M-,000503,,1.0,,,,,10.6,1.0,long,,,,,,,,,
2025-08-08,M-,000705,,-1.0,,,-0.5560107597000326,4.186818536028692,9.43,0.2,short,,,,,,,,,
2025-08-15,M-,000705,,1.0,,,-0.5447334089434039,4.270400624110871,9.38,1.0,long,,,,,,,,,
2025-08-15,M-,000028,,-1.0,,,0.09197119315680213,28.19469620730863,25.82,0.2,short,,,,,,,,,
2025-08-22,M-,000028,,1.0,,,0.05947346616535465,27.51452591631426,25.97,1.0,long,,,,,,,,,
2025-08-22,M-,000705,,-1.0,,,-0.5627088021551689,4.16738511546124,9.53,0.2,short,,,,,,,,,
2025-08-29,M-,000705,,1.0,,,-0.5910225377292708,3.7830415260042454,9.25,1.0,long,,,,,,,,,
2025-08-29,M-,000411,,-1.0,,,1.2645895700095249,26.35982259491087,11.64,0.2,short,,,,,,,,,
2025-09-05,M-,000503,,1.0,,,,,10.2,1.0,long,,,,,,,,,
2025-09-05,M-,000411,,-1.0,,,1.272163533737248,26.06171573196624,11.47,0.2,short,,,,,,,,,
2025-09-12,M-,000503,,1.0,,,,,10.13,1.0,long,,,,,,,,,
2025-09-12,M-,000411,,-1.0,,,1.300478109005395,26.34047434811177,11.45,0.2,short,,,,,,,,,
2025-09-19,M-,000503,,1.0,,,,,10.68,1.0,long,,,,,,,,,
2025-09-19,M-,000705,,-1.0,,,-0.6088606811419275,3.77058303379182,9.64,0.2,short,,,,,,,,,
2025-09-26,M-,000411,,1.0,,,1.2909004891634237,25.40608642482237,11.09,1.0,long,,,,,,,,,
2025-09-26,M-,000705,,-1.0,,,-0.6446231325561462,3.6461666599739404,10.26,0.2,short,,,,,,,,,
2025-09-30,M-,000411,,1.0,,,1.2729544613106256,25.525278600518327,11.23,1.0,long,,,,,,,,,
2025-09-30,M-,000705,,-1.0,,,-0.6307196890494182,3.6632606846297717,9.92,0.2,short,,,,,,,,,
2025-10-10,M-,000950,,1.0,,,-0.042185726317331196,4.951899794939398,5.17,1.0,long,,,,,,,,,
2025-10-10,M-,000705,,-1.0,,,-0.6219607724114806,3.716125607195145,9.83,0.2,short,,,,,,,,,
2025-10-17,M-,000503,,1.0,,,,,9.82,1.0,long,,,,,,,,,
2025-10-17,M-,000950,,-1.0,,,-0.05221685911238927,4.966383658251081,5.24,0.2,short,,,,,,,,,
2025-10-24,M-,000503,,1.0,,,,,9.84,1.0,long,,,,,,,,,
2025-10-24,M-,000411,,-1.0,,,1.3761767306392056,27.135938263899728,11.42,0.2,short,,,,,,,,,
2025-10-31,M-,000705,,1.0,,,-0.6215587794872098,3.621682480307402,9.57,1.0,long,,,,,,,,,
2025-10-31,M-,000950,,-1.0,,,0.03490198770706954,5.557423673986963,5.37,0.2,short,,,,,,,,,
2025-11-07,M-,000705,,1.0,,,-0.619503707795871,3.679399145613927,9.67,1.0,long,,,,,,,,,
2025-11-07,M-,000950,,-1.0,,,0.022823614455937946,5.645986351796777,5.52,0.2,short,,,,,,,,,
2025-11-14,M-,000503,,1.0,,,,,9.99,1.0,long,,,,,,,,,
2025-11-14,M-,000705,,-1.0,,,-0.6371210236700462,3.7521686152517217,10.34,0.2,short,,,,,,,,,
2025-11-21,M-,000705,,1.0,,,-0.6229269795874376,3.510549820040956,9.31,1.0,long,,,,,,,,,
2025-11-21,M-,000503,,-1.0,,,,,9.68,0.2,short,,,,,,,,,
2025-11-28,M-,000028,,1.0,,,-0.03137341869793275,24.099429342795432,24.88,1.0,long,,,,,,,,,
2025-11-28,M-,000411,,-1.0,,,0.9705568501910571,23.725504476300326,12.04,0.2,short,,,,,,,,,
2025-12-05,M-,000503,,1.0,,,,,9.77,1.0,long,,,,,,,,,
2025-12-05,M-,000411,,-1.0,,,0.9313505185630542,24.277076018337592,12.57,0.2,short,,,,,,,,,
2025-12-12,M-,000705,,1.0,,,-0.5820300024531472,3.828605177529172,9.16,1.0,long,,,,,,,,,
2025-12-12,M-,000950,,-1.0,,,-0.047822235968957294,5.874936804071534,6.17,0.2,short,,,,,,,,,
2025-12-19,M-,000503,,1.0,,,,,9.29,1.0,long,,,,,,,,,
2025-12-19,M-,000950,,-1.0,,,-0.0868290811554594,6.246089084896657,6.84,0.2,short,,,,,,,,,
2025-12-26,M-,000503,,1.0,,,,,9.1,1.0,long,,,,,,,,,
2025-12-26,M-,000950,,-1.0,,,-0.05937641719490039,5.982365986640434,6.36,0.2,short,,,,,,,,,
2025-12-31,M-,000705,,1.0,,,-0.5906094034018152,3.704984899213572,9.05,1.0,long,,,,,,,,,
2025-12-31,M-,000950,,-1.0,,,-0.023154341159505654,5.685241734451678,5.82,0.2,short,,,,,,,,,
2026-01-09,M-,000705,,1.0,,,-0.5780817915963097,3.898524245650099,9.24,1.0,long,,,,,,,,,
2026-01-09,M-,000503,,-1.0,,,,,10.55,0.2,short,,,,,,,,,
2026-01-16,M-,000950,,1.0,,,-0.04891429408196135,5.9157530908102,6.22,1.0,long,,,,,,,,,
2026-01-16,M-,000411,,-1.0,,,0.7587457447905919,24.200341448318543,13.76,0.2,short,,,,,,,,,
2026-01-23,M-,000950,,1.0,,,-0.05081770381887418,6.103242164444639,6.43,1.0,long,,,,,,,,,
2026-01-23,M-,000503,,-1.0,,,,,10.26,0.2,short,,,,,,,,,
2026-01-30,M-,000411,,1.0,,,0.9233531762667337,24.022681171571506,12.49,1.0,long,,,,,,,,,
2026-01-30,M-,000503,,-1.0,,,,,9.44,0.2,short,,,,,,,,,
2026-02-06,M-,000503,,1.0,,,,,9.27,1.0,long,,,,,,,,,
2026-02-06,M-,000028,,-1.0,,,0.004571073939253045,26.560859194953853,26.44,0.2,short,,,,,,,,,
2026-02-13,M-,000411,,1.0,,,0.9281495424157848,23.330609463230996,12.1,1.0,long,,,,,,,,,
2026-02-13,M-,000028,,-1.0,,,-0.004823958996348576,25.655638337074134,25.78,0.2,short,,,,,,,,,
2026-02-27,M-,000411,,1.0,,,0.9294641840337092,23.655230896253276,12.26,1.0,long,,,,,,,,,
2026-02-27,M-,000028,,-1.0,,,0.007065903856155797,26.012512296604502,25.83,0.2,short,,,,,,,,,
2026-03-06,M-,000503,,1.0,,,,,8.78,1.0,long,,,,,,,,,
2026-03-06,M-,000705,,-1.0,,,-0.5895301918366656,3.7681128389394103,9.18,0.2,short,,,,,,,,,
2026-03-13,M-,000503,,1.0,,,,,8.54,1.0,long,,,,,,,,,
2026-03-13,M-,000028,,-1.0,,,-0.007403875298483853,25.76779539725136,25.96,0.2,short,,,,,,,,,
2026-03-20,M-,000503,,1.0,,,,,8.2,1.0,long,,,,,,,,,
2026-03-20,M-,000028,,-1.0,,,0.4948700383467588,38.74703139394799,25.92,0.2,short,,,,,,,,,
2026-03-27,M-,000503,,1.0,,,,,7.99,1.0,long,,,,,,,,,
2026-03-27,M-,000028,,-1.0,,,0.5235266556015279,39.154635048959264,25.7,0.2,short,,,,,,,,,
2026-04-03,M-,000503,,1.0,,,,,7.76,1.0,long,,,,,,,,,
2026-04-03,M-,000950,,-1.0,,,-0.3035618285693459,4.97256854401487,7.14,0.2,short,,,,,,,,,
2026-04-10,M-,000503,,1.0,,,,,7.8,1.0,long,,,,,,,,,
2026-04-10,M-,000950,,-1.0,,,-0.2707125074011457,4.4340679550010345,6.08,0.2,short,,,,,,,,,
2026-04-17,M-,000503,,1.0,,,,,7.57,1.0,long,,,,,,,,,
2026-04-17,M-,000950,,-1.0,,,-0.27274653429384343,4.428973606150493,6.09,0.2,short,,,,,,,,,
2026-04-24,M-,000503,,1.0,,,,,7.35,1.0,long,,,,,,,,,
2026-04-24,M-,000950,,-1.0,,,-0.23258786213807425,4.5200574920067425,5.89,0.2,short,,,,,,,,,
2026-04-30,M-,000705,,1.0,,,,,8.26,1.0,long,,,,,,,,,
2026-04-30,M-,000950,,-1.0,,,-0.46235209907206176,3.118357825382042,5.8,0.2,short,,,,,,,,,
2026-05-08,M-,000950,,1.0,,,-0.46474589159731317,3.168704321743906,5.92,1.0,long,,,,,,,,,
2026-05-08,M-,000503,,-1.0,,,,,8.04,0.2,short,,,,,,,,,
2026-05-15,M-,000705,,1.0,,,,,7.64,1.0,long,,,,,,,,,
2026-05-15,M-,000950,,-1.0,,,-0.4811998547355101,3.4655849703667925,6.68,0.2,short,,,,,,,,,
2026-05-22,M-,000705,,1.0,,,,,7.32,1.0,long,,,,,,,,,
2026-05-22,M-,000411,,-1.0,,,0.0,12.12,12.12,0.2,short,,,,,,,,,
2026-05-29,M-,000705,,1.0,,,,,7.0,1.0,long,,,,,,,,,
2026-05-29,M-,000411,,-1.0,,,0.0,11.68,11.68,0.2,short,,,,,,,,,
2026-06-05,M-,000705,,1.0,,,,,6.85,1.0,long,,,,,,,,,
2026-06-05,M-,000411,,-1.0,,,0.0,11.39,11.39,0.2,short,,,,,,,,,
2026-06-12,M-,000950,,1.0,,,-0.4517721036585366,2.8781964557926827,5.25,1.0,long,,,,,,,,,
2026-06-12,M-,000028,,-1.0,,,0.0,22.65,22.65,0.2,short,,,,,,,,,
2026-06-18,M-,000411,,1.0,,,0.018782216780673044,9.770121458926655,9.59,1.0,long,,,,,,,,,
2026-06-18,M-,000028,,-1.0,,,0.0,22.6,22.6,0.2,short,,,,,,,,,
2026-06-26,M-,000411,,1.0,,,0.009188969455184992,9.082700725096664,9.0,1.0,long,,,,,,,,,
2026-06-26,M-,000028,,-1.0,,,0.0,19.1,19.1,0.2,short,,,,,,,,,
2026-07-03,M-,000411,,1.0,,,0.01486720296808941,9.681833116315572,9.54,1.0,long,,,,,,,,,
2026-07-03,M-,000028,,-1.0,,,0.0,20.36,20.36,0.2,short,,,,,,,,,
2026-07-10,M-,000503,,1.0,,,,,6.4,1.0,long,,,,,,,,,
2026-07-10,M-,000411,,-1.0,,,0.032790181223326,9.615276587189166,9.31,0.2,short,,,,,,,,,
2026-07-17,M-,000503,,1.0,,,,,6.43,1.0,long,,,,,,,,,
2026-07-17,M-,000028,,-1.0,,,0.0,20.78,20.78,0.2,short,,,,,,,,,
2026-07-24,M-,000503,,1.0,,,,,6.2,1.0,long,,,,,,,,,
2026-07-24,M-,000028,,-1.0,,,0.0,20.16,20.16,0.2,short,,,,,,,,,
2026-07-31,M-,000950,,1.0,,,-0.4580263601009379,2.96459581024787,5.47,1.0,long,,,,,,,,,
2026-07-31,M-,000503,,-1.0,,,,,7.72,0.2,short,,,,,,,,,
2026-08-07,M-,000028,,1.0,,,0.0,20.32,20.32,1.0,long,,,,,,,,,
2026-08-07,M-,000503,,-1.0,,,,,7.39,0.2,short,,,,,,,,,
2025-06-06,M-_L,000503,,1.0,,,,,10.31,1.0,long,,,,,,,,,
2025-06-13,M-_L,000503,,1.0,,,,,10.06,1.0,long,,,,,,,,,
2025-06-20,M-_L,000503,,1.0,,,,,9.83,1.0,long,,,,,,,,,
2025-06-27,M-_L,000705,,1.0,,,-0.5226706367384334,4.0047933577645445,8.39,1.0,long,,,,,,,,,
2025-07-04,M-_L,000950,,1.0,,,-0.08200358168939847,4.645061876651643,5.06,1.0,long,,,,,,,,,
2025-07-11,M-_L,000028,,1.0,,,0.1034024762557888,27.91608264927146,25.3,1.0,long,,,,,,,,,
2025-07-18,M-_L,000028,,1.0,,,0.11255772190867108,28.103208055413035,25.26,1.0,long,,,,,,,,,
2025-07-25,M-_L,000503,,1.0,,,,,11.04,1.0,long,,,,,,,,,
2025-08-01,M-_L,000028,,1.0,,,0.11076591119258916,28.62443753143302,25.77,1.0,long,,,,,,,,,
2025-08-08,M-_L,000503,,1.0,,,,,10.6,1.0,long,,,,,,,,,
2025-08-15,M-_L,000705,,1.0,,,-0.5447334089434039,4.270400624110871,9.38,1.0,long,,,,,,,,,
2025-08-22,M-_L,000028,,1.0,,,0.05947346616535465,27.51452591631426,25.97,1.0,long,,,,,,,,,
2025-08-29,M-_L,000705,,1.0,,,-0.5910225377292708,3.7830415260042454,9.25,1.0,long,,,,,,,,,
2025-09-05,M-_L,000503,,1.0,,,,,10.2,1.0,long,,,,,,,,,
2025-09-12,M-_L,000503,,1.0,,,,,10.13,1.0,long,,,,,,,,,
2025-09-19,M-_L,000503,,1.0,,,,,10.68,1.0,long,,,,,,,,,
2025-09-26,M-_L,000411,,1.0,,,1.2909004891634237,25.40608642482237,11.09,1.0,long,,,,,,,,,
2025-09-30,M-_L,000411,,1.0,,,1.2729544613106256,25.525278600518327,11.23,1.0,long,,,,,,,,,
2025-10-10,M-_L,000950,,1.0,,,-0.042185726317331196,4.951899794939398,5.17,1.0,long,,,,,,,,,
2025-10-17,M-_L,000503,,1.0,,,,,9.82,1.0,long,,,,,,,,,
2025-10-24,M-_L,000503,,1.0,,,,,9.84,1.0,long,,,,,,,,,
2025-10-31,M-_L,000705,,1.0,,,-0.6215587794872098,3.621682480307402,9.57,1.0,long,,,,,,,,,
2025-11-07,M-_L,000705,,1.0,,,-0.619503707795871,3.679399145613927,9.67,1.0,long,,,,,,,,,
2025-11-14,M-_L,000503,,1.0,,,,,9.99,1.0,long,,,,,,,,,
2025-11-21,M-_L,000705,,1.0,,,-0.6229269795874376,3.510549820040956,9.31,1.0,long,,,,,,,,,
2025-11-28,M-_L,000028,,1.0,,,-0.03137341869793275,24.099429342795432,24.88,1.0,long,,,,,,,,,
2025-12-05,M-_L,000503,,1.0,,,,,9.77,1.0,long,,,,,,,,,
2025-12-12,M-_L,000705,,1.0,,,-0.5820300024531472,3.828605177529172,9.16,1.0,long,,,,,,,,,
2025-12-19,M-_L,000503,,1.0,,,,,9.29,1.0,long,,,,,,,,,
2025-12-26,M-_L,000503,,1.0,,,,,9.1,1.0,long,,,,,,,,,
2025-12-31,M-_L,000705,,1.0,,,-0.5906094034018152,3.704984899213572,9.05,1.0,long,,,,,,,,,
2026-01-09,M-_L,000705,,1.0,,,-0.5780817915963097,3.898524245650099,9.24,1.0,long,,,,,,,,,
2026-01-16,M-_L,000950,,1.0,,,-0.04891429408196135,5.9157530908102,6.22,1.0,long,,,,,,,,,
2026-01-23,M-_L,000950,,1.0,,,-0.05081770381887418,6.103242164444639,6.43,1.0,long,,,,,,,,,
2026-01-30,M-_L,000411,,1.0,,,0.9233531762667337,24.022681171571506,12.49,1.0,long,,,,,,,,,
2026-02-06,M-_L,000503,,1.0,,,,,9.27,1.0,long,,,,,,,,,
2026-02-13,M-_L,000411,,1.0,,,0.9281495424157848,23.330609463230996,12.1,1.0,long,,,,,,,,,
2026-02-27,M-_L,000411,,1.0,,,0.9294641840337092,23.655230896253276,12.26,1.0,long,,,,,,,,,
2026-03-06,M-_L,000503,,1.0,,,,,8.78,1.0,long,,,,,,,,,
2026-03-13,M-_L,000503,,1.0,,,,,8.54,1.0,long,,,,,,,,,
2026-03-20,M-_L,000503,,1.0,,,,,8.2,1.0,long,,,,,,,,,
2026-03-27,M-_L,000503,,1.0,,,,,7.99,1.0,long,,,,,,,,,
2026-04-03,M-_L,000503,,1.0,,,,,7.76,1.0,long,,,,,,,,,
2026-04-10,M-_L,000503,,1.0,,,,,7.8,1.0,long,,,,,,,,,
2026-04-17,M-_L,000503,,1.0,,,,,7.57,1.0,long,,,,,,,,,
2026-04-24,M-_L,000503,,1.0,,,,,7.35,1.0,long,,,,,,,,,
2026-04-30,M-_L,000705,,1.0,,,,,8.26,1.0,long,,,,,,,,,
2026-05-08,M-_L,000950,,1.0,,,-0.46474589159731317,3.168704321743906,5.92,1.0,long,,,,,,,,,
2026-05-15,M-_L,000705,,1.0,,,,,7.64,1.0,long,,,,,,,,,
2026-05-22,M-_L,000705,,1.0,,,,,7.32,1.0,long,,,,,,,,,
2026-05-29,M-_L,000705,,1.0,,,,,7.0,1.0,long,,,,,,,,,
2026-06-05,M-_L,000705,,1.0,,,,,6.85,1.0,long,,,,,,,,,
2026-06-12,M-_L,000950,,1.0,,,-0.4517721036585366,2.8781964557926827,5.25,1.0,long,,,,,,,,,
2026-06-18,M-_L,000411,,1.0,,,0.018782216780673044,9.770121458926655,9.59,1.0,long,,,,,,,,,
2026-06-26,M-_L,000411,,1.0,,,0.009188969455184992,9.082700725096664,9.0,1.0,long,,,,,,,,,
2026-07-03,M-_L,000411,,1.0,,,0.01486720296808941,9.681833116315572,9.54,1.0,long,,,,,,,,,
2026-07-10,M-_L,000503,,1.0,,,,,6.4,1.0,long,,,,,,,,,
2026-07-17,M-_L,000503,,1.0,,,,,6.43,1.0,long,,,,,,,,,
2026-07-24,M-_L,000503,,1.0,,,,,6.2,1.0,long,,,,,,,,,
2026-07-31,M-_L,000950,,1.0,,,-0.4580263601009379,2.96459581024787,5.47,1.0,long,,,,,,,,,
2026-08-07,M-_L,000028,,1.0,,,0.0,20.32,20.32,1.0,long,,,,,,,,,
2025-06-06,,,,,,,,,,,,0.0,0.0,low,False,0.16504854368932037,0.2233009708737864,0.23300970873786406,0.13592233009708737,0.24271844660194175
2025-06-13,,,,,,,,,,,,0.0,0.0,low,False,0.16504854368932037,0.2233009708737864,0.23300970873786409,0.13592233009708737,0.24271844660194175
2025-06-20,,,,,,,,,,,,70.0,0.7,high,False,0.22574417087077447,0.32325130993510254,0.1692668785663258,0.10616008244982095,0.1755775581779763
2025-06-27,,,,,,,,,,,,20.0,0.2,low,False,0.24987960119574576,0.22910212914014416,0.1290122487504393,0.08799283127471114,0.30401318963895974
2025-07-04,,,,,,,,,,,,0.0,0.0,low,False,0.18250244914162264,0.16626333998548923,0.20561378079065146,0.07454229637295776,0.371078133709279
2025-07-11,,,,,,,,,,,,20.0,0.2,low,False,0.1391519299585998,0.12859650900711309,0.21681956329883734,0.06897783065896762,0.4464541670764822
2025-07-18,,,,,,,,,,,,40.0,0.4,mid,False,0.1111005056089338,0.10423948199046744,0.2224599513782732,0.0654873410641729,0.4967127199581527
2025-07-25,,,,,,,,,,,,40.0,0.4,mid,False,0.08857093379591267,0.08411126844390954,0.20561577931464628,0.13528269897167527,0.48641931947385625
2025-08-01,,,,,,,,,,,,20.0,0.2,low,False,0.07350715051766007,0.07060836803885803,0.2249115978754938,0.16370774830638618,0.46726513526160185
2025-08-08,,,,,,,,,,,,40.0,0.4,mid,False,0.06423078191651983,0.06234657330529851,0.3107038794194788,0.12948632639309232,0.43323243896561053
2025-08-15,,,,,,,,,,,,20.0,0.2,low,False,0.058687647753783656,0.09902889284269761,0.28276775048954134,0.10853822850587286,0.45097748040810454
2025-08-22,,,,,,,,,,,,40.0,0.4,mid,False,0.05495839325054108,0.08118020255833516,0.23251597099046534,0.2386640706346344,0.39268136256602404
2025-08-29,,,,,,,,,,,,0.0,0.0,low,False,0.05525163380442606,0.11355117751608206,0.17066405933537684,0.21000346176045584,0.4505296675836592
2025-09-05,,,,,,,,,,,,20.0,0.2,low,False,0.05302212460975768,0.09091682802233407,0.15350059991427115,0.23863053715545132,0.46392991029818575
2025-09-12,,,,,,,,,,,,0.0,0.0,low,False,0.05113840467466285,0.08601165206606023,0.18751576579089885,0.25809660887983843,0.4172375685885397
2025-09-19,,,,,,,,,,,,100.0,1.0,high,False,0.07338418200079003,0.0739058644135814,0.1398835383347265,0.3477457014783175,0.36508071377258455
2025-09-26,,,,,,,,,,,,70.0,0.7,high,False,0.07166812929280744,0.07200722286112184,0.11489271090986615,0.46571881588384556,0.27571312105235896
2025-09-30,,,,,,,,,,,,40.0,0.4,mid,False,0.06712599843049027,0.06734640924989463,0.09522197648157843,0.5081343742261539,0.2621712416118827
2025-10-10,,,,,,,,,,,,40.0,0.4,mid,False,0.060264473068138674,0.060407740100751506,0.10323684867888075,0.4966130841302,0.27947785402202907
2025-10-17,,,,,,,,,,,,70.0,0.7,high,False,0.055852660943461,0.07093929400748841,0.18758694304889129,0.44970752773765094,0.2359135742625083
2025-10-24,,,,,,,,,,,,40.0,0.4,mid,False,0.052982276297790176,0.0899023086108914,0.23935807215343213,0.3759156033693766,0.24184173956850966
2025-10-31,,,,,,,,,,,,20.0,0.2,low,False,0.051630246735751825,0.07655305428330078,0.2329116109435334,0.3097902858960006,0.32911480214141337
2025-11-07,,,,,,,,,,,,40.0,0.4,mid,False,0.05008819319077654,0.06628801809668336,0.246090557134988,0.2895266922635617,0.3480065393139904
2025-11-14,,,,,,,,,,,,0.0,0.0,low,False,0.050568668435991455,0.06109855462483089,0.34007229075760925,0.24855138322509202,0.2997091029564764
2025-11-21,,,,,,,,,,,,70.0,0.7,high,False,0.05419868509676219,0.07242061119583003,0.2781870327022896,0.18709224794973106,0.40810142305538716
2025-11-28,,,,,,,,,,,,70.0,0.7,high,False,0.05169138483217374,0.1239056762512955,0.27248590654459437,0.1380722006866035,0.4138448316853329
2025-12-05,,,,,,,,,,,,100.0,1.0,high,False,0.05028201870159105,0.1463762117005877,0.28400589675933235,0.204287192930727,0.3150486799077619
2025-12-12,,,,,,,,,,,,100.0,1.0,high,False,0.05007576996638823,0.15448661750764078,0.2528044729406313,0.30671125350851297,0.23592188607682682
2025-12-19,,,,,,,,,,,,0.0,0.0,low,False,0.04868777916180621,0.21626105054835795,0.28454827850872044,0.28101513714752413,0.16948775463359128
2025-12-26,,,,,,,,,,,,40.0,0.4,mid,False,0.04799871112264311,0.224945922507973,0.30197911286308476,0.29855755832699576,0.12651869517930342
2025-12-31,,,,,,,,,,,,40.0,0.4,mid,False,0.04787426065911888,0.23922884958710822,0.29840038349828085,0.30080202843184156,0.1136944778236505
2026-01-09,,,,,,,,,,,,20.0,0.2,low,False,0.050041496455264234,0.34473102249999,0.22973477105701923,0.27526509875620636,0.10022761123152021
2026-01-16,,,,,,,,,,,,100.0,1.0,high,False,0.10760585116879472,0.3512641154090939,0.18622922706596537,0.25961986416094635,0.09528094219519959
2026-01-23,,,,,,,,,,,,20.0,0.2,low,False,0.14515237442680545,0.36903110679844253,0.1760449958423009,0.22925553883314037,0.08051598409931074
2026-01-30,,,,,,,,,,,,70.0,0.7,high,False,0.21964493899727344,0.3167180866039782,0.14604495069481094,0.24785361172372233,0.06973841198021502
2026-02-06,,,,,,,,,,,,100.0,1.0,high,False,0.33316451718895873,0.25604854705239427,0.16602830149297845,0.18038913579445576,0.06436949847121287
2026-02-13,,,,,,,,,,,,70.0,0.7,high,False,0.43148575152405455,0.1879244371191794,0.1294112775055591,0.13874581980151937,0.11243271404968747
2026-02-27,,,,,,,,,,,,20.0,0.2,low,False,0.42210807641934683,0.13894179324695358,0.121990239703363,0.10697569199047456,0.20998419863986204
2026-03-06,,,,,,,,,,,,0.0,0.0,low,False,0.5021132130954377,0.11308646195280606,0.133227803357465,0.0923084961360947,0.15926402545819657
2026-03-13,,,,,,,,,,,,100.0,1.0,high,False,0.5300074068842465,0.09386958210654514,0.17187410829847655,0.08036390432568276,0.12388499838504897
2026-03-20,,,,,,,,,,,,70.0,0.7,high,False,0.5756581736224898,0.0841305642840273,0.15703041360248618,0.07954026362594198,0.1036405848650548
2026-03-27,,,,,,,,,,,,100.0,1.0,high,False,0.5785029752478796,0.07511738302394387,0.18644705773037637,0.0721336875961884,0.08779889640161175
2026-04-03,,,,,,,,,,,,70.0,0.7,high,True,0.4324950246774045,0.08882344808219203,0.2966128262478538,0.08491882711534801,0.0971498738772017
2026-04-10,,,,,,,,,,,,40.0,0.4,mid,True,0.3611676458546591,0.09305986874782993,0.3266543638006982,0.09046063843734961,0.12865748315946324
2026-04-17,,,,,,,,,,,,0.0,0.0,low,True,0.2851750166801826,0.09871452085800683,0.38566611706551146,0.09843303700066458,0.1320113083956346
2026-04-24,,,,,,,,,,,,0.0,0.0,low,True,0.22331541959123552,0.134620998774128,0.4100855347581395,0.10168152789064239,0.13029651898585462
2026-04-30,,,,,,,,,,,,40.0,0.4,mid,True,0.20991467421522772,0.1959591638329833,0.30153154038616276,0.10139830137117373,0.19119632019445254
2026-05-08,,,,,,,,,,,,20.0,0.2,low,True,0.1737138065242749,0.27938781391024003,0.23323120240854361,0.10298724242910927,0.21067993472783214
2026-05-15,,,,,,,,,,,,100.0,1.0,high,True,0.14795812015547635,0.2164033308771625,0.2692954757691513,0.1017490276101049,0.26459404558810495
2026-05-22,,,,,,,,,,,,0.0,0.0,low,True,0.13301420785319057,0.1775138102602557,0.2704800127122514,0.10240372041606519,0.31658824875823716
2026-05-29,,,,,,,,,,,,70.0,0.7,high,True,0.12740656898057126,0.153331566051939,0.2579323633406525,0.10379291933658795,0.35753658229024926
2026-06-05,,,,,,,,,,,,70.0,0.7,high,True,0.11900622952824208,0.1525419725031354,0.22865522100422037,0.1269238808825834,0.3728726960818187
2026-06-12,,,,,,,,,,,,100.0,1.0,high,True,0.18559683600102347,0.20016728241274578,0.1839521818723061,0.11772788140866239,0.3125558183052622
2026-06-18,,,,,,,,,,,,0.0,0.0,low,True,0.199159966799452,0.2617464741930643,0.15502068158469778,0.11176017918561973,0.2723126982371662
2026-06-26,,,,,,,,,,,,70.0,0.7,high,True,0.21549863641484024,0.2798633994870784,0.14803233769986687,0.10789536545109205,0.24871026094712242
2026-07-03,,,,,,,,,,,,70.0,0.7,high,True,0.19024196706599203,0.26212945308774005,0.19290842195584718,0.1057945452548307,0.24892561263559004
2026-07-10,,,,,,,,,,,,70.0,0.7,high,True,0.20693961692203777,0.27074724272232786,0.16673511539343383,0.1502357526297393,0.2053422723324613
2026-07-17,,,,,,,,,,,,70.0,0.7,high,True,0.21665929398481232,0.25815991416047784,0.18164879535923195,0.14072820948478895,0.202803787010689
2026-07-24,,,,,,,,,,,,70.0,0.7,high,True,0.20678043832592777,0.2423684891430919,0.21531872231088645,0.1269982445537291,0.20853410566636485
2026-07-31,,,,,,,,,,,,70.0,0.7,high,True,0.18834290700636433,0.2360828671150647,0.1779665517548993,0.11915347199763934,0.27845420212603234
2026-08-07,,,,,,,,,,,,20.0,0.2,low,True,0.1641748368393997,0.2523367563489689,0.15157312098429432,0.11329258056339692,0.3186227052639402
