date,variant,equity,day_return,n_long,n_short
2025-06-03,B,1000000.0,0.0,0,0
2025-06-04,B,1000000.0,0.0,0,0
2025-06-05,B,1000000.0,0.0,0,0
2025-06-06,B,998800.0,0.0,8,8
2025-06-09,B,996720.793537408,-0.002081704508001589,8,8
2025-06-10,B,999350.0546049958,0.0026379113234472756,8,8
2025-06-11,B,1006116.5879941401,0.0067709341265997786,8,8
2025-06-12,B,993758.7860679706,-0.01228267387063646,8,8
2025-06-13,B,992566.275524689,0.0,8,8
2025-06-16,B,988781.2805431904,-0.0038133423176178044,8,8
2025-06-17,B,985524.7902494723,-0.003293438455802142,8,8
2025-06-18,B,988703.3119316103,0.0032252072333294884,8,8
2025-06-19,B,993649.016809179,0.005002213321108631,8,8
2025-06-20,B,992456.637989008,0.0,8,8
2025-06-23,B,983500.7473427984,-0.009023961655752283,8,8
2025-06-24,B,990802.7434943701,0.007424494766577638,8,8
2025-06-25,B,1007503.025547143,0.01685530461277708,8,8
2025-06-26,B,1004296.2968464998,-0.0031828477129402927,8,8
2025-06-27,B,1003091.141290284,0.0,8,8
2025-06-30,B,1007791.0393081419,0.004685414738896401,8,8
2025-07-01,B,1004630.3790436606,-0.003136225805948009,8,8
2025-07-02,B,1003018.4525140751,-0.0016044970998387587,8,8
2025-07-03,B,1004780.4651852644,0.001756710125095734,8,8
2025-07-04,B,1003574.728627042,0.0,8,8
2025-07-07,B,1010308.6854885923,0.0067099705377821756,8,8
2025-07-08,B,1010379.3928434104,6.998589226611673e-05,8,8
2025-07-09,B,1021862.2349546981,0.011364881541153296,8,8
2025-07-10,B,1015816.2817782139,-0.005916603011317106,8,8
2025-07-11,B,1014597.3022400801,0.0,8,8
2025-07-14,B,1010812.7491305373,-0.0037301036590449005,8,8
2025-07-15,B,1031846.3740359251,0.020808626447856193,8,8
2025-07-16,B,1025237.8258586642,-0.006404585356454273,8,8
2025-07-17,B,1017617.4560738513,-0.007432782514077266,8,8
2025-07-18,B,1016396.3151265627,0.0,8,8
2025-07-21,B,1005046.0555146451,-0.01116715934817647,8,8
2025-07-22,B,999946.9082816398,-0.005073545839045332,8,8
2025-07-23,B,1012698.9442360019,0.012752713017810044,8,8
2025-07-24,B,1020592.1049982503,0.007794182868634328,8,8
2025-07-25,B,1019367.3944722523,0.0,8,8
2025-07-28,B,1014723.9851038256,-0.004555187259869864,8,8
2025-07-29,B,1014012.8208382275,-0.0007008450337609301,8,8
2025-07-30,B,1017263.8394349213,0.0032060922010889448,8,8
2025-07-31,B,1036549.0476080592,0.01895792165762092,8,8
2025-08-01,B,1035305.1887509295,0.0,8,8
2025-08-04,B,1040083.63513199,0.004615495443257206,8,8
2025-08-05,B,1015130.9237274912,-0.023991062412333952,8,8
2025-08-06,B,1010861.7729689544,-0.004205517395589484,8,8
2025-08-07,B,1003247.6368733644,-0.007532321727061475,8,8
2025-08-08,B,1002043.7397091164,0.0,8,8
2025-08-11,B,976567.975831997,-0.025423804238839692,8,8
2025-08-12,B,987628.555753361,0.011325970331907229,8,8
2025-08-13,B,995863.1436232246,0.00833773772730001,8,8
2025-08-14,B,1013487.4839473398,0.0176975525572651,8,8
2025-08-15,B,1012271.298966603,0.0,8,8
2025-08-18,B,1003390.3552058057,-0.008773284167854528,8,8
2025-08-19,B,999768.0353385907,-0.0036100804122958102,8,8
2025-08-20,B,1002327.5798642084,0.0025601383872517203,8,8
2025-08-21,B,1011476.4934883945,0.00912766824736641,8,8
2025-08-22,B,1010262.7216962085,0.0,8,8
2025-08-25,B,1001151.6253097539,-0.009018541603868446,8,8
2025-08-26,B,978143.5858572081,-0.022981573291085883,8,8
2025-08-27,B,994713.1262002577,0.01693978326150221,8,8
2025-08-28,B,988739.2457445288,-0.006005631471405995,8,8
2025-08-29,B,987552.7586496354,0.0,8,8
2025-09-01,B,991580.2546723154,0.004078259097961723,8,8
2025-09-02,B,983425.2995956071,-0.00822420075256873,8,8
2025-09-03,B,980583.4685815665,-0.0028897273796079787,8,8
2025-09-04,B,1000462.6059349128,0.020272764114718136,8,8
2025-09-05,B,999262.050807791,0.0,8,8
2025-09-08,B,990155.0501131258,-0.009113726161524033,8,8
2025-09-09,B,989459.5986947994,-0.0007023661781526552,8,8
2025-09-10,B,988971.5704436059,-0.0004932270623653895,8,8
2025-09-11,B,972596.1918291978,-0.01655798720994872,8,8
2025-09-12,B,971429.0763990028,0.0,8,8
2025-09-15,B,974001.8717163183,0.0026484643910933553,8,8
2025-09-16,B,972583.0717702224,-0.0014566706566957327,8,8
2025-09-17,B,976181.351300567,0.0036997143326743392,8,8
2025-09-18,B,953727.343036163,-0.02300188201146082,8,8
2025-09-19,B,952582.8702245196,0.0,8,8
2025-09-22,B,938532.1419795271,-0.014750137425503754,8,8
2025-09-23,B,934327.1971887002,-0.00448034180476542,8,8
2025-09-24,B,937306.2699878652,0.0031884684595810953,8,8
2025-09-25,B,933624.947686874,-0.003927555398769489,8,8
2025-09-26,B,932504.5977496498,0.0,8,8
2025-09-29,B,944219.9873535456,0.012563358542325528,8,8
2025-09-30,B,943086.9233687214,0.0,8,8
2025-10-09,B,942366.312346546,-0.0007640982016815651,8,8
2025-10-10,B,941235.4727717302,0.0,8,8
2025-10-13,B,959920.4158705598,0.019851507555071812,8,8
2025-10-14,B,973510.8431450047,0.014157868766776563,8,8
2025-10-15,B,980012.7130047788,0.006678785249858418,8,8
2025-10-16,B,993807.996959571,0.014076637753498988,8,8
2025-10-17,B,992615.4273632196,0.0,8,8
2025-10-20,B,984415.9335983999,-0.008260493982650316,8,8
2025-10-21,B,987858.4861005881,0.003497050773654739,8,8
2025-10-22,B,987621.5555134736,-0.00023984263986005783,8,8
2025-10-23,B,997699.7756355127,0.010204536409494716,8,8
2025-10-24,B,996502.5359047501,0.0,8,8
2025-10-27,B,978656.7952276965,-0.017908374574130817,8,8
2025-10-28,B,985651.4479916258,0.007147196849843301,8,8
2025-10-29,B,989699.3522031888,0.004106831293974211,8,8
2025-10-30,B,997308.9551604686,0.007688802604891992,8,8
2025-10-31,B,996112.184414276,0.0,8,8
2025-11-03,B,992755.8265325025,-0.0033694577119816466,8,8
2025-11-04,B,994680.4782093597,0.0019386959264490744,8,8
2025-11-05,B,994807.6460262099,0.00012784790657507927,8,8
2025-11-06,B,995472.4654602102,0.0006682894292740355,8,8
2025-11-07,B,994277.898501658,0.0,8,8
2025-11-10,B,1003188.4520964283,0.0089618341192116,8,8
2025-11-11,B,1002886.7403596633,-0.00030075280086656886,8,8
2025-11-12,B,1009056.7403209294,0.006152240041635726,8,8
2025-11-13,B,999215.9771213308,-0.009752437902024083,8,8
2025-11-14,B,998016.9179487852,0.0,8,8
2025-11-17,B,985010.7636329075,-0.013031997836879458,8,8
2025-11-18,B,1002650.8743202868,0.017908546118134944,8,8
2025-11-19,B,1013226.3371376343,0.010547502713261825,8,8
2025-11-20,B,999405.2488398029,-0.013640672168941048,8,8
2025-11-21,B,998205.9625411952,0.0,8,8
2025-11-24,B,1024300.0034530901,0.026140938735194102,8,8
2025-11-25,B,993692.0437687277,-0.02988183108579298,8,8
2025-11-26,B,980047.9945442011,-0.01373066163716019,8,8
2025-11-27,B,985012.2696358919,0.00506533875823055,8,8
2025-11-28,B,983830.2549123288,0.0,8,8
2025-12-01,B,981429.9983325506,-0.0024397060039509505,8,8
2025-12-02,B,974761.7665561872,-0.0067944038675125384,8,8
2025-12-03,B,984962.3368653649,0.010464680354889414,8,8
2025-12-04,B,964929.6454965604,-0.02033853541299696,8,8
2025-12-05,B,963771.7299219646,0.0,8,8
2025-12-08,B,969704.3326552015,0.006155609828602734,8,8
2025-12-09,B,960288.2137350527,-0.009710298905611772,8,8
2025-12-10,B,954357.8263399593,-0.0061756328051003895,8,8
2025-12-11,B,969558.6992920857,0.01592785487014131,8,8
2025-12-12,B,968395.2288529353,0.0,8,8
2025-12-15,B,950173.0930901218,-0.0188168376091625,8,8
2025-12-16,B,967411.2194749331,0.018142090646610584,8,8
2025-12-17,B,957229.121067496,-0.010525098533551741,8,8
2025-12-18,B,957461.7143159416,0.00024298597203782635,8,8
2025-12-19,B,956312.7602587624,0.0,8,8
2025-12-22,B,953796.2765098296,-0.002631444286335702,8,8
2025-12-23,B,935652.7683363016,-0.019022414555778536,8,8
2025-12-24,B,933578.4543248446,-0.0022169698863235554,8,8
2025-12-25,B,941516.5194672255,0.008502836698520075,8,8
2025-12-26,B,940386.6996438649,0.0,8,8
2025-12-29,B,961010.3934961741,0.021931077779087857,8,8
2025-12-30,B,965507.6973046585,0.004679766045113262,8,8
2025-12-31,B,964349.0880678929,0.0,8,8
2026-01-05,B,980582.0625119795,0.01683308943300789,8,8
2026-01-06,B,983461.3825341257,0.002936337642940587,8,8
2026-01-07,B,982806.9381301712,-0.0006654500274004133,8,8
2026-01-08,B,977349.153550469,-0.0055532621595914405,8,8
2026-01-09,B,976176.3345662084,0.0,8,8
2026-01-12,B,981555.9871667892,0.005510943474133237,8,8
2026-01-13,B,976401.2531452717,-0.005251594497830414,8,8
2026-01-14,B,992660.3450600633,0.016652059655204596,8,8
2026-01-15,B,991500.9778980841,-0.0011679394344185773,8,8
2026-01-16,B,990311.1767246064,0.0,8,8
2026-01-19,B,977832.8490876156,-0.012600410790335734,8,8
2026-01-20,B,982680.9102761552,0.004957965150243271,8,8
2026-01-21,B,945298.4372842065,-0.03804131392095879,8,8
2026-01-22,B,927833.5158464306,-0.018475563640993314,8,8
2026-01-23,B,926720.1156274149,0.0,8,8
2026-01-26,B,929635.3905453165,0.003145798681544576,8,8
2026-01-27,B,901776.175363712,-0.029967894364760078,8,8
2026-01-28,B,872195.073737562,-0.03280315274931614,8,8
2026-01-29,B,870971.7989009093,-0.0014025243589267655,8,8
2026-01-30,B,869926.6327422282,0.0,8,8
2026-02-02,B,871421.2588946533,0.0017181059829304568,8,8
2026-02-03,B,875238.1562229389,0.004380082869595167,8,8
2026-02-04,B,878304.6977262473,0.0035036652384329153,8,8
2026-02-05,B,893305.3962481148,0.017079150960596298,8,8
2026-02-06,B,892233.4297726171,0.0,8,8
2026-02-09,B,891907.4321869342,-0.0003653725301079741,8,8
2026-02-10,B,897765.8687190635,0.006568435602968992,8,8
2026-02-11,B,891658.4972581172,-0.006802855481307504,8,8
2026-02-12,B,875365.803087234,-0.018272347788961557,8,8
2026-02-13,B,874315.3641235294,0.0,8,8
2026-02-24,B,857160.3082975963,-0.019621130463754938,8,8
2026-02-25,B,860245.2906109781,0.003599072756307359,8,8
2026-02-26,B,856189.4828539814,-0.004714710793843724,8,8
2026-02-27,B,855162.0554745566,0.0,8,8
2026-03-02,B,835650.1959606373,-0.022816563701591644,8,8
2026-03-03,B,852175.7844906446,0.01977572506999771,8,8
2026-03-04,B,844883.6880066032,-0.008557033204598719,8,8
2026-03-05,B,837456.9860470754,-0.008790206350237612,8,8
2026-03-06,B,836452.0376638189,0.0,8,8
2026-03-09,B,827609.4060870084,-0.010571594279939353,8,8
2026-03-10,B,810452.6516161126,-0.020730497194339656,8,8
2026-03-11,B,806518.0793941193,-0.004854783575755348,8,8
2026-03-12,B,816320.446187654,0.012153933115669827,8,8
2026-03-13,B,815340.8616522289,0.0,8,8
2026-03-16,B,802023.0589422112,-0.016334030754977885,8,8
2026-03-17,B,810939.808092645,0.011117821427970145,8,8
2026-03-18,B,808018.1523291377,-0.0036028022478994254,8,8
2026-03-19,B,817438.5138674377,0.011658601370706359,8,8
2026-03-20,B,816457.5876507969,0.0,8,8
2026-03-23,B,804757.1091825817,-0.014330785389454342,8,8
2026-03-24,B,783613.4147694232,-0.026273386307372804,8,8
2026-03-25,B,771724.9124419132,-0.015171386940852932,8,8
2026-03-26,B,772294.0167247663,0.0007374444878970876,8,8
2026-03-27,B,771367.2639046967,0.0,8,8
2026-03-30,B,768275.1002322574,-0.0040086788967249876,8,8
2026-03-31,B,759615.3745758615,-0.0112716469058778,8,8
2026-04-01,B,762895.8381726986,0.004318585045318166,8,8
2026-04-02,B,767452.8447462077,0.005973301131677558,8,8
2026-04-03,B,766531.9013325123,0.0,8,8
2026-04-07,B,757905.0691020956,-0.011254368168395965,8,8
2026-04-08,B,763035.7628973471,0.006769573135762097,8,8
2026-04-09,B,745812.7450442284,-0.0225717046180387,8,8
2026-04-10,B,744917.7697501753,0.0,8,8
2026-04-13,B,728541.7613604051,-0.021983645785845912,8,8
2026-04-14,B,727637.9077311733,-0.0012406339309143088,8,8
2026-04-15,B,749569.0742333076,0.030140219838899307,8,8
2026-04-16,B,732143.3038258214,-0.023247717930879264,8,8
2026-04-17,B,731264.7318612305,0.0,8,8
2026-04-20,B,720036.5203306223,-0.01535450985312782,8,8
2026-04-21,B,711569.3755967927,-0.011759326776844325,8,8
2026-04-22,B,704806.5515021369,-0.009504096615995938,8,8
2026-04-23,B,695009.7106908335,-0.01390004220367072,8,8
2026-04-24,B,694175.6990380045,0.0,8,8
2026-04-27,B,686557.7267597006,-0.010974126995314082,8,8
2026-04-28,B,674976.242371995,-0.016868915658943745,8,8
2026-04-29,B,660326.6258540354,-0.02170389948315528,8,8
2026-04-30,B,659534.2339030105,0.0,7,7
2026-05-06,B,651585.0575115066,-0.012052712327701286,7,7
2026-05-07,B,646598.4162567313,-0.007653093325712639,7,7
2026-05-08,B,645822.4981572232,0.0,7,7
2026-05-11,B,652518.133882867,0.01036760990016453,7,7
2026-05-12,B,665436.9066259029,0.019798335206657844,7,7
2026-05-13,B,659724.8719749148,-0.008583886156767239,7,7
2026-05-14,B,664657.9760730065,0.007477517231272893,7,7
2026-05-15,B,663860.3865017189,0.0,7,7
2026-05-18,B,649256.176655985,-0.02199891745716656,7,7
2026-05-19,B,651462.0613956733,0.0033975568026936333,7,7
2026-05-20,B,660567.9056457034,0.013977551095641805,7,7
2026-05-21,B,682117.3996474539,0.032622677876979214,7,7
2026-05-22,B,681298.858767877,0.0,7,7
2026-05-25,B,673776.4598520609,-0.011041261582942212,7,7
2026-05-26,B,692545.7683002304,0.027856877713256286,7,7
2026-05-27,B,694324.941930506,0.0025690340071564885,7,7
2026-05-28,B,677332.2840001549,-0.024473638932089297,7,7
2026-05-29,B,676519.4852593548,0.0,7,7
2026-06-01,B,702298.8173593001,0.03810582350050478,7,7
2026-06-02,B,681133.2678973866,-0.030137526845763013,7,7
2026-06-03,B,674691.3304448047,-0.00945767554779353,7,7
2026-06-04,B,666042.4344645604,-0.012819041226663455,7,7
2026-06-05,B,665243.1835432029,0.0,7,7
2026-06-08,B,647819.9650896512,-0.026190750817998026,7,7
2026-06-09,B,625879.8462370664,-0.03386761760198057,7,7
2026-06-10,B,626748.1515093896,0.0013873354087747015,7,7
2026-06-11,B,631073.6171210224,0.0069014413544191845,7,7
2026-06-12,B,630316.3287804772,0.0,7,7
2026-06-15,B,634485.5216417764,0.006614445272845458,7,7
2026-06-16,B,626262.9967261496,-0.012959357834282008,7,7
2026-06-17,B,619184.2313607814,-0.01130318317124471,7,7
2026-06-18,B,618441.2102831485,0.0,7,7
2026-06-22,B,616889.5680983718,-0.0025089566461236057,7,7
2026-06-23,B,628518.1635210263,0.01885036807884556,7,7
2026-06-24,B,602514.7159731215,-0.041372627009266916,7,7
2026-06-25,B,603432.4159334108,0.0015231162591724033,7,7
2026-06-26,B,602708.2970342906,0.0,7,7
2026-06-29,B,627537.1605326288,0.04119548979251157,7,7
2026-06-30,B,618655.9967043233,-0.014152411023384555,7,7
2026-07-01,B,628853.3749676963,0.0164831155241297,7,7
2026-07-02,B,626763.49959994,-0.0033233110466546686,7,7
2026-07-03,B,626011.3834004201,0.0,7,7
2026-07-06,B,640526.4345185115,0.023186560984318576,7,7
2026-07-07,B,644804.3687978807,0.006678778655848865,7,7
2026-07-08,B,629842.6383892061,-0.023203518978272376,7,7
2026-07-09,B,614461.1208392638,-0.02442120715942624,7,7
2026-07-10,B,613723.7674942567,0.0,7,7
2026-07-13,B,634204.1458632505,0.03337067823299739,7,7
2026-07-14,B,622151.4901920671,-0.019004378558228813,7,7
2026-07-15,B,640707.6865447584,0.02982584892139812,7,7
2026-07-16,B,658516.6314256078,0.027795740951525594,7,7
2026-07-17,B,657726.4114678971,0.0,7,7
2026-07-20,B,675685.4591885298,0.02730473857747657,7,7
2026-07-21,B,671362.42004894,-0.006398005286041746,7,7
2026-07-22,B,659276.3571109084,-0.01800229291527898,7,7
2026-07-23,B,646444.9473321922,-0.01946286961502191,7,7
2026-07-24,B,645669.2133953936,0.0,7,7
2026-07-27,B,641537.591768803,-0.006398975730720711,7,7
2026-07-28,B,652569.8119984596,0.017196529667481163,7,7
2026-07-29,B,676971.4312133162,0.037393116822440585,7,7
2026-07-30,B,716955.9840237192,0.059063870300612054,7,7
2026-07-31,B,716095.6368428908,0.0,7,7
2025-06-03,Q,1000000.0,0.0,0,0
2025-06-04,Q,1000000.0,0.0,0,0
2025-06-05,Q,1000000.0,0.0,0,0
2025-06-06,Q,1000000.0,0.0,0,0
2025-06-09,Q,1000000.0,0.0,0,0
2025-06-10,Q,1000000.0,0.0,0,0
2025-06-11,Q,1000000.0,0.0,0,0
2025-06-12,Q,1000000.0,0.0,0,0
2025-06-13,Q,1000000.0,0.0,0,0
2025-06-16,Q,1000000.0,0.0,0,0
2025-06-17,Q,1000000.0,0.0,0,0
2025-06-18,Q,1000000.0,0.0,0,0
2025-06-19,Q,1000000.0,0.0,0,0
2025-06-20,Q,1000000.0,0.0,0,0
2025-06-23,Q,1000000.0,0.0,0,0
2025-06-24,Q,1000000.0,0.0,0,0
2025-06-25,Q,1000000.0,0.0,0,0
2025-06-26,Q,1000000.0,0.0,0,0
2025-06-27,Q,1000000.0,0.0,0,0
2025-06-30,Q,998800.0,0.0,11,11
2025-07-01,Q,992599.4340734828,-0.006208015545171485,11,11
2025-07-02,Q,993371.3193322504,0.0007776402366057693,11,11
2025-07-03,Q,986493.2418549994,-0.006923974291782981,11,11
2025-07-04,Q,986647.2218631327,0.00015608825443509818,11,11
2025-07-07,Q,983151.5383391457,-0.0035429923143004117,11,11
2025-07-08,Q,984622.3544324075,0.0014960217585039005,11,11
2025-07-09,Q,977013.6062599128,-0.007727580161310456,11,11
2025-07-10,Q,966715.0948457868,-0.01054080654367707,11,11
2025-07-11,Q,969807.90429884,0.0031992977760904543,11,11
2025-07-14,Q,976438.8416124703,0.006837371900391303,11,11
2025-07-15,Q,957614.3766223323,-0.019278693337364292,11,11
2025-07-16,Q,949723.0529666865,-0.008240606916825762,11,11
2025-07-17,Q,949141.0850071718,-0.0006127764906799212,11,11
2025-07-18,Q,948888.4848210656,-0.0002661355514964195,11,11
2025-07-21,Q,939527.6270230873,-0.009865076821691472,11,11
2025-07-22,Q,941422.0815724194,0.0020163904656370843,11,11
2025-07-23,Q,931592.258723995,-0.010441461955094686,11,11
2025-07-24,Q,924438.6631283592,-0.007678891197994678,11,11
2025-07-25,Q,907780.5521279003,-0.018019703918577726,11,11
2025-07-28,Q,901594.8318997162,-0.006814114064995588,11,11
2025-07-29,Q,892047.2034199085,-0.010589710745890282,11,11
2025-07-30,Q,886473.5220401321,-0.0062481910804811245,11,11
2025-07-31,Q,885409.753813684,0.0,11,11
2025-08-01,Q,876325.3110467419,-0.01026015664251849,11,11
2025-08-04,Q,880701.4010181387,0.004993682045049795,11,11
2025-08-05,Q,874364.8327475179,-0.0071949110825705945,11,11
2025-08-06,Q,873880.5154225898,-0.000553907598737806,11,11
2025-08-07,Q,872500.3096522116,-0.0015793987233034415,11,11
2025-08-08,Q,873753.4763257966,0.0014362936720152743,11,11
2025-08-11,Q,882216.1663097835,0.009685443564211315,11,11
2025-08-12,Q,871473.4826007431,-0.01217692910114758,11,11
2025-08-13,Q,860115.1816058656,-0.013033444185795369,11,11
2025-08-14,Q,869294.6517238969,0.010672373089488797,11,11
2025-08-15,Q,868179.7453971189,-0.0012825413391961207,11,11
2025-08-18,Q,853922.373243103,-0.016422143259624565,11,11
2025-08-19,Q,851835.9505048668,-0.0024433400548017244,11,11
2025-08-20,Q,856123.5157456269,0.005033322716913896,11,11
2025-08-21,Q,842224.1074348388,-0.016235283875694742,11,11
2025-08-22,Q,834612.2404479558,-0.009037816561753871,11,11
2025-08-25,Q,859043.0957405615,0.02927210279050423,11,11
2025-08-26,Q,855341.5033937899,-0.0043089716512773844,11,11
2025-08-27,Q,849128.7768108286,-0.007263445721165955,11,11
2025-08-28,Q,837675.3941244099,-0.013488393043791902,11,11
2025-08-29,Q,836670.1836514606,0.0,11,11
2025-09-01,Q,820922.22005892,-0.018822188121742453,11,11
2025-09-02,Q,826964.3076074137,0.007360121825013069,11,11
2025-09-03,Q,817347.1466305488,-0.011629475284960611,11,11
2025-09-04,Q,836272.7579684651,0.023154924337762502,11,11
2025-09-05,Q,831017.0211550418,-0.006284716037134732,11,11
2025-09-08,Q,827879.4420171621,-0.003775589498177346,11,11
2025-09-09,Q,810583.9742421504,-0.020891287906449937,11,11
2025-09-10,Q,800248.1872025952,-0.01275103797755021,11,11
2025-09-11,Q,800769.2501840524,0.0006511267251709306,11,11
2025-09-12,Q,788733.2272301187,-0.015030575850867454,11,11
2025-09-15,Q,789217.8558399983,0.0006144391958502983,11,11
2025-09-16,Q,780590.0989933172,-0.010932034523595823,11,11
2025-09-17,Q,789231.0465178756,0.01106976316469057,11,11
2025-09-18,Q,786829.8220958055,-0.0030424860155520046,11,11
2025-09-19,Q,789858.3263458678,0.0038489952528686575,11,11
2025-09-22,Q,783932.1686935956,-0.007502810889755995,11,11
2025-09-23,Q,780861.8036149307,-0.003916620852262673,11,11
2025-09-24,Q,774814.247154472,-0.0077447205542159545,11,11
2025-09-25,Q,773870.5995927586,-0.0012179016650494465,11,11
2025-09-26,Q,762479.112253813,-0.014720144872980475,11,11
2025-09-29,Q,754217.2198710627,-0.010835565525629828,11,11
2025-09-30,Q,753312.1592072174,0.0,11,11
2025-10-09,Q,742308.450384206,-0.01460710369336346,11,11
2025-10-10,Q,749752.7937574681,0.010028638862199622,11,11
2025-10-13,Q,744897.2719376666,-0.006476163690524779,11,11
2025-10-14,Q,748062.640665902,0.004249403035134861,11,11
2025-10-15,Q,756802.7871900157,0.011683709423496131,11,11
2025-10-16,Q,755630.2614814842,-0.0015493147334789377,11,11
2025-10-17,Q,756252.6516065435,0.0008236701953134307,11,11
2025-10-20,Q,748673.8666282245,-0.010021498717682563,11,11
2025-10-21,Q,735117.7973457942,-0.018106775041423967,11,11
2025-10-22,Q,715271.562251981,-0.026997353574447092,11,11
2025-10-23,Q,711654.8114132307,-0.005056472296148786,11,11
2025-10-24,Q,703505.3428296815,-0.01145143467429905,11,11
2025-10-27,Q,698202.6125822761,-0.007537583476020706,11,11
2025-10-28,Q,692670.5712512534,-0.007923260714483342,11,11
2025-10-29,Q,707855.5065271815,0.021922304636817193,11,11
2025-10-30,Q,712900.4460668657,0.007127075360952274,11,11
2025-10-31,Q,712044.9655315855,0.0,11,11
2025-11-03,Q,707656.9885722296,-0.006162499802354492,11,11
2025-11-04,Q,694091.9324045357,-0.01916897082449912,11,11
2025-11-05,Q,693389.0584032042,-0.0010126526019349285,11,11
2025-11-06,Q,697675.5827393903,0.0061819901601239645,11,11
2025-11-07,Q,697557.1698132973,-0.00016972491086474605,11,11
2025-11-10,Q,712604.209510052,0.021571048722475405,11,11
2025-11-11,Q,711325.3937842826,-0.0017945666173493956,11,11
2025-11-12,Q,711074.3808278743,-0.0003528806346599104,11,11
2025-11-13,Q,703843.7756731643,-0.01016856372506577,11,11
2025-11-14,Q,688227.4699051237,-0.022187176057790678,11,11
2025-11-17,Q,676405.9678544233,-0.01717673671515912,11,11
2025-11-18,Q,681822.7627697258,0.008008200951397013,11,11
2025-11-19,Q,683754.096179466,0.0028326033027918332,11,11
2025-11-20,Q,682684.8531062527,-0.0015637830605882506,11,11
2025-11-21,Q,697414.056895329,0.021575407337745454,11,11
2025-11-24,Q,699699.3521588638,0.00327681273547642,11,11
2025-11-25,Q,692808.0721335802,-0.009848915829378866,11,11
2025-11-26,Q,692148.4499964942,-0.0009520993816578456,11,11
2025-11-27,Q,690383.9652387036,-0.0025492865841129394,11,11
2025-11-28,Q,689555.5044804172,0.0,11,11
2025-12-01,Q,685792.2703280015,-0.005457478227588585,11,11
2025-12-02,Q,680777.4658500992,-0.00731242490601972,11,11
2025-12-03,Q,675118.38132555,-0.008312678971361995,11,11
2025-12-04,Q,667794.9518493545,-0.01084762269665418,11,11
2025-12-05,Q,659431.1452635431,-0.01252451304498355,11,11
2025-12-08,Q,651327.7326914978,-0.012288489299071195,11,11
2025-12-09,Q,639266.9714849179,-0.018517192806670323,11,11
2025-12-10,Q,637655.1142423047,-0.0025214148618832775,11,11
2025-12-11,Q,645081.8761051724,0.011646988625963802,11,11
2025-12-12,Q,654744.3774801998,0.014978720892558554,11,11
2025-12-15,Q,654043.9593352486,-0.0010697581667624793,11,11
2025-12-16,Q,667733.7968772409,0.02093106640095931,11,11
2025-12-17,Q,669415.502640807,0.002518527250576349,11,11
2025-12-18,Q,664890.1167263632,-0.006760204830320511,11,11
2025-12-19,Q,662539.0741803353,-0.0035359866042278983,11,11
2025-12-22,Q,667908.5030844255,0.008104320353834307,11,11
2025-12-23,Q,678269.2469334966,0.015512220313448368,11,11
2025-12-24,Q,680700.1001492513,0.0035839059882854965,11,11
2025-12-25,Q,675442.4150810663,-0.007723937556395424,11,11
2025-12-26,Q,676128.4412627949,0.0010156693841120463,11,11
2025-12-29,Q,678627.5992402361,0.00369627695704324,11,11
2025-12-30,Q,682461.0646664883,0.005648849870745048,11,11
2025-12-31,Q,681642.1113888886,0.0,11,11
2026-01-05,Q,688470.9952683105,0.010018283444236765,11,11
2026-01-06,Q,689009.4681575773,0.0007821286487994916,11,11
2026-01-07,Q,688692.4722342046,-0.0004600748437033515,11,11
2026-01-08,Q,685261.9280380257,-0.004981242476848632,11,11
2026-01-09,Q,688298.0265808114,0.004430566501014099,11,11
2026-01-12,Q,687866.0535341203,-0.0006275959395625128,11,11
2026-01-13,Q,688885.0605774694,0.0014814033024505516,11,11
2026-01-14,Q,694560.9006139003,0.00823916842045169,11,11
2026-01-15,Q,698563.9397991869,0.005763409920927635,11,11
2026-01-16,Q,693998.0488188403,-0.006536110326077147,11,11
2026-01-19,Q,698001.3452091324,0.0057684548207383906,11,11
2026-01-20,Q,694296.4720564345,-0.005307830963546267,11,11
2026-01-21,Q,678860.1792035918,-0.022232999120853934,11,11
2026-01-22,Q,677632.2596284308,-0.001808795997728924,11,11
2026-01-23,Q,677899.6470945509,0.0003945908157717967,11,11
2026-01-26,Q,679606.8021155782,0.0025183005011791626,11,11
2026-01-27,Q,671536.9240336507,-0.011874333889546678,11,11
2026-01-28,Q,669249.7235184937,-0.0034059192179913197,11,11
2026-01-29,Q,685747.3296856394,0.02465089724716146,11,11
2026-01-30,Q,684924.4328900166,0.0,11,11
2026-02-02,Q,689920.207408512,0.007293906128324146,11,11
2026-02-03,Q,685725.8444039775,-0.0060794900040534285,11,11
2026-02-04,Q,693169.3772130407,0.010854969037273293,11,11
2026-02-05,Q,697718.0230239718,0.00656209861609785,11,11
2026-02-06,Q,691685.9522296434,-0.00864542780217277,11,11
2026-02-09,Q,678819.7293803453,-0.018601249321059502,11,11
2026-02-10,Q,676513.7297956139,-0.0033970721311186378,11,11
2026-02-11,Q,682994.5461191338,0.009579726231835613,11,11
2026-02-12,Q,681636.6091072548,-0.001988210622756852,11,11
2026-02-13,Q,672267.5091966559,-0.013745006922192254,11,11
2026-02-24,Q,660954.8419697,-0.016827627502739723,11,11
2026-02-25,Q,658301.864873806,-0.004013855300594787,11,11
2026-02-26,Q,651938.8464713744,-0.009665806436157463,11,11
2026-02-27,Q,651156.5198556087,0.0,11,11
2026-03-02,Q,668633.8608144098,0.026840460666318098,11,11
2026-03-03,Q,686452.7230380283,0.02664965576513703,11,11
2026-03-04,Q,674903.4706047474,-0.01682454165549453,11,11
2026-03-05,Q,675148.5700331619,0.00036316219887680586,11,11
2026-03-06,Q,678653.1124229555,0.005190772143117247,11,11
2026-03-09,Q,677236.8962708095,-0.002086804180547892,11,11
2026-03-10,Q,671999.3206384195,-0.007733742300855944,11,11
2026-03-11,Q,672113.6297012059,0.0001701029439699674,11,11
2026-03-12,Q,674099.3436555074,0.002954431909354901,11,11
2026-03-13,Q,671902.7165957469,-0.0032586102930298837,11,11
2026-03-16,Q,672429.8186472862,0.000784491621361203,11,11
2026-03-17,Q,682008.6506272944,0.01424510293026239,11,11
2026-03-18,Q,674431.9248367687,-0.01110942769355915,11,11
2026-03-19,Q,669522.8062316944,-0.0072788941689888274,11,11
2026-03-20,Q,684785.0053466544,0.02279563738965212,11,11
2026-03-23,Q,691985.4663640577,0.010514922145174944,11,11
2026-03-24,Q,680426.9710138894,-0.0167033787731132,11,11
2026-03-25,Q,675818.7812762234,-0.006772497173061083,11,11
2026-03-26,Q,673653.0423492809,-0.0032046148863348455,11,11
2026-03-27,Q,664932.6640586371,-0.012944910424856914,11,11
2026-03-30,Q,660988.6581609834,-0.005931436536115154,11,11
2026-03-31,Q,660195.4717711902,0.0,11,11
2026-04-01,Q,666941.7973171702,0.010218678913202424,11,11
2026-04-02,Q,671673.697299541,0.0070949219278282,11,11
2026-04-03,Q,676000.6064606153,0.006441980947699304,11,11
2026-04-07,Q,671263.0488297873,-0.007008215060091084,11,11
2026-04-08,Q,681063.9886374384,0.01460074381382545,11,11
2026-04-09,Q,677932.1698989662,-0.0045984206928012805,11,11
2026-04-10,Q,672693.9131476324,-0.00772681543068611,11,11
2026-04-13,Q,649663.6771358341,-0.034235832317905834,11,11
2026-04-14,Q,651390.3611812786,0.002657812197623299,11,11
2026-04-15,Q,660636.8034712898,0.01419493262571938,11,11
2026-04-16,Q,664134.6427878233,0.005294647979274265,11,11
2026-04-17,Q,658126.6516510955,-0.00904634504760707,11,11
2026-04-20,Q,658186.3235440977,9.066931547677386e-05,11,11
2026-04-21,Q,642753.4803463407,-0.023447529439166465,11,11
2026-04-22,Q,639882.1536094379,-0.004467228610501871,11,11
2026-04-23,Q,656798.2527777307,0.026436272793158487,11,11
2026-04-24,Q,652867.6495701984,-0.005984490961888275,11,11
2026-04-27,Q,645251.9079592435,-0.011665062001415621,11,11
2026-04-28,Q,641667.6773305616,-0.005554777265235667,11,11
2026-04-29,Q,631187.1950251656,-0.016333193451470798,11,11
2026-04-30,Q,630429.7703911354,0.0,11,11
2026-05-06,Q,627138.8256622461,-0.00522016072757395,11,11
2026-05-07,Q,628342.0845847535,0.0019186484288176743,11,11
2026-05-08,Q,617550.2176100513,-0.017175145894985026,11,11
2026-05-11,Q,619124.6659826611,0.002549506627498381,11,11
2026-05-12,Q,625189.7170492364,0.0097961709487845,11,11
2026-05-13,Q,609940.0337482865,-0.0243920891292408,11,11
2026-05-14,Q,619902.7671519321,0.0163339555569442,11,11
2026-05-15,Q,616159.4061100241,-0.0060386261205228895,11,11
2026-05-18,Q,618276.5568876418,0.0034360439143236764,11,11
2026-05-19,Q,613549.8243094126,-0.007645013425744694,11,11
2026-05-20,Q,627353.1111719159,0.022497418001936026,11,11
2026-05-21,Q,641481.4592698654,0.02252056751827891,11,11
2026-05-22,Q,627672.7482927243,-0.021526282291709945,11,11
2026-05-25,Q,617445.2778553074,-0.016294271919938527,11,11
2026-05-26,Q,625419.7643906685,0.012915292773896137,11,11
2026-05-27,Q,628004.2166882844,0.004132348295922407,11,11
2026-05-28,Q,615187.8559313049,-0.02040808073640854,11,11
2026-05-29,Q,614449.6305041873,0.0,11,11
2026-06-01,Q,627170.7554315751,0.02070328354978344,11,11
2026-06-02,Q,626438.2482324304,-0.0011679549672889023,11,11
2026-06-03,Q,626884.7955985928,0.000712835411027948,11,11
2026-06-04,Q,623821.6741124245,-0.004886259018682074,11,11
2026-06-05,Q,625924.6364983218,0.0033710954158324394,11,11
2026-06-08,Q,626363.8663081451,0.000701729544119914,11,11
2026-06-09,Q,622194.0466320084,-0.00665718426689281,11,11
2026-06-10,Q,632820.9566877645,0.017079735997604668,11,11
2026-06-11,Q,641398.975936602,0.01355520729549715,11,11
2026-06-12,Q,652710.8182893365,0.017636202702407594,11,11
2026-06-15,Q,655678.8235268755,0.004547197862167729,11,11
2026-06-16,Q,640228.1947118654,-0.023564324880742095,11,11
2026-06-17,Q,642618.6008720164,0.003733678366393628,11,11
2026-06-18,Q,633959.269855351,-0.013475070601621252,11,11
2026-06-22,Q,636201.0747975472,0.0035361971167449536,11,11
2026-06-23,Q,642197.4884392268,0.009425343463287508,11,11
2026-06-24,Q,637904.8885543086,-0.0066842364882971315,11,11
2026-06-25,Q,652907.5864423115,0.023518706561418162,11,11
2026-06-26,Q,661458.5008170767,0.013096668735860462,11,11
2026-06-29,Q,677526.6431525891,0.02429198856113269,11,11
2026-06-30,Q,676713.611180806,0.0,11,11
2026-07-01,Q,688128.981292886,0.0168688347972802,11,11
2026-07-02,Q,681888.85460927,-0.009068251524433388,11,11
2026-07-03,Q,681262.7670872337,-0.00091816652787945,11,11
2026-07-06,Q,685668.8053737542,0.006467457931626953,11,11
2026-07-07,Q,688299.0686010303,0.0038360549680283504,11,11
2026-07-08,Q,675081.8813387856,-0.019202680731660114,11,11
2026-07-09,Q,675588.0650488688,0.0007498108363969708,11,11
2026-07-10,Q,673672.534419129,-0.002835352974450662,11,11
2026-07-13,Q,701286.8269877764,0.04099067597057022,11,11
2026-07-14,Q,704217.4184803279,0.004178877143806048,11,11
2026-07-15,Q,736557.6888907943,0.04592370134816512,11,11
2026-07-16,Q,726838.6975820612,-0.013195152878478854,11,11
2026-07-17,Q,740396.0781740048,0.01865252997266697,11,11
2026-07-20,Q,767695.3399864712,0.036871159393216946,11,11
2026-07-21,Q,768031.9696630714,0.0004384938387228445,11,11
2026-07-22,Q,778985.4588326623,0.014261762012844351,11,11
2026-07-23,Q,771633.2586593948,-0.009438173832262593,11,11
2026-07-24,Q,769306.7264789507,-0.003015075042885236,11,11
2026-07-27,Q,753007.8223963907,-0.021186483260270707,11,11
2026-07-28,Q,750353.8800590704,-0.003524455202702101,11,11
2026-07-29,Q,758156.3937480351,0.010398445182092413,11,11
2026-07-30,Q,779093.4639633625,0.027615766862853358,11,11
2026-07-31,Q,778158.5518066065,0.0,11,11
2025-06-03,M+,1000000.0,0.0,0,0
2025-06-04,M+,1000000.0,0.0,0,0
2025-06-05,M+,1000000.0,0.0,0,0
2025-06-06,M+,998800.0,0.0,11,11
2025-06-09,M+,999907.5812183709,0.0011089119126661863,11,11
2025-06-10,M+,1004772.9154779264,0.004865783949379793,11,11
2025-06-11,M+,989901.1152004126,-0.014801155612798263,11,11
2025-06-12,M+,994275.7782572412,0.004419292987606035,11,11
2025-06-13,M+,993082.6473233326,0.0,11,11
2025-06-16,M+,976586.8027932462,-0.016610746924788068,11,11
2025-06-17,M+,974938.0092958205,-0.001688322525667741,11,11
2025-06-18,M+,973700.9643978542,-0.0012688446713240533,11,11
2025-06-19,M+,979822.7141991722,0.0062870943186379095,11,11
2025-06-20,M+,978646.9269421332,0.0,11,11
2025-06-23,M+,992762.9643377678,0.014424034865915761,11,11
2025-06-24,M+,988723.3118874423,-0.004069100677038522,11,11
2025-06-25,M+,989205.2723075445,0.00048745732431670213,11,11
2025-06-26,M+,1009133.0625014688,0.020145252711237762,11,11
2025-06-27,M+,1007922.102826467,0.0,11,11
2025-06-30,M+,1003687.7105679713,-0.004201110628114376,11,11
2025-07-01,M+,977947.9818209897,-0.025645156831118288,11,11
2025-07-02,M+,984418.6359526766,0.006616562692463731,11,11
2025-07-03,M+,986341.6216033703,0.001953422639985467,11,11
2025-07-04,M+,985158.0116574463,0.0,11,11
2025-07-07,M+,994772.1094248357,0.009758939838711215,11,11
2025-07-08,M+,981851.7344109524,-0.012988276301145619,11,11
2025-07-09,M+,984436.7564785876,0.0026328028734256496,11,11
2025-07-10,M+,977369.7335151283,-0.0071787475599130405,11,11
2025-07-11,M+,976196.8898349102,0.0,11,11
2025-07-14,M+,985166.9445592746,0.009188776175963285,11,11
2025-07-15,M+,987626.7386927713,0.0024968297475685824,11,11
2025-07-16,M+,981508.8213317667,-0.006194564324070839,11,11
2025-07-17,M+,975684.5504029272,-0.005933997537522693,11,11
2025-07-18,M+,974513.7289424437,0.0,11,11
2025-07-21,M+,981735.9523846697,0.007411104869772821,11,11
2025-07-22,M+,1006159.1118231633,0.024877523716197728,11,11
2025-07-23,M+,1013332.5001651747,0.007129477095340457,11,11
2025-07-24,M+,998238.2706043759,-0.01489563352437476,11,11
2025-07-25,M+,997040.3846796507,0.0,11,11
2025-07-28,M+,1000225.7357740926,0.003194806492683164,11,11
2025-07-29,M+,1012346.6720830492,0.012118200797518908,11,11
2025-07-30,M+,1028496.2424315128,0.015952608719731875,11,11
2025-07-31,M+,1037440.6790734011,0.008696615770556772,11,11
2025-08-01,M+,1036195.750258513,0.0,11,11
2025-08-04,M+,1024981.9655867829,-0.010822071668343088,11,11
2025-08-05,M+,1018335.5050872043,-0.006484465798160359,11,11
2025-08-06,M+,1005668.8705998665,-0.012438567077412348,11,11
2025-08-07,M+,995639.9254342807,-0.009972412847584475,11,11
2025-08-08,M+,994445.1575237595,0.0,11,11
2025-08-11,M+,991416.6573559437,-0.003045416979411004,11,11
2025-08-12,M+,986191.428169795,-0.0052704674138562115,11,11
2025-08-13,M+,1008621.8283718218,0.02274446883365618,11,11
2025-08-14,M+,999738.6625692759,-0.00880723136528348,11,11
2025-08-15,M+,998538.9761741929,0.0,11,11
2025-08-18,M+,994328.602586195,-0.004216534044699493,11,11
2025-08-19,M+,993757.4579322306,-0.0005744023177840802,11,11
2025-08-20,M+,976618.0183977322,-0.01724710531497432,11,11
2025-08-21,M+,985900.7548557911,0.009504981766861459,11,11
2025-08-22,M+,984717.6739499642,0.0,11,11
2025-08-25,M+,979856.9838980132,-0.004936125531751196,11,11
2025-08-26,M+,980571.4804930564,0.0007291845716104178,11,11
2025-08-27,M+,999475.1136627122,0.019278179659223415,11,11
2025-08-28,M+,1006364.2541740269,0.006892758426038709,11,11
2025-08-29,M+,1005156.6170690181,0.0,11,11
2025-09-01,M+,1007402.6712587404,0.002234531566107232,11,11
2025-09-02,M+,990563.7813394258,-0.016715153135612105,11,11
2025-09-03,M+,995396.8767506443,0.004879136005440583,11,11
2025-09-04,M+,978505.3759634562,-0.01696961401197919,11,11
2025-09-05,M+,977331.1695123,0.0,11,11
2025-09-08,M+,955182.9841917893,-0.022661904185009282,11,11
2025-09-09,M+,947929.165500772,-0.007594166574433922,11,11
2025-09-10,M+,947351.5278629442,-0.0006093679347048558,11,11
2025-09-11,M+,941491.2162469835,-0.006185994790318834,11,11
2025-09-12,M+,940361.4267874871,0.0,11,11
2025-09-15,M+,945272.4021756898,0.005222433894358866,11,11
2025-09-16,M+,931665.5400598457,-0.014394646542653655,11,11
2025-09-17,M+,933391.2689967364,0.0018523052132848423,11,11
2025-09-18,M+,918726.6271463555,-0.01571114101607512,11,11
2025-09-19,M+,917624.1551937799,0.0,11,11
2025-09-22,M+,945288.0654527987,0.03014732132152405,11,11
2025-09-23,M+,949286.910576351,0.004230292616290276,11,11
2025-09-24,M+,949239.3023542938,-5.015156274338663e-05,11,11
2025-09-25,M+,962904.9126577346,0.014396380627674801,11,11
2025-09-26,M+,961749.4267625454,0.0,11,11
2025-09-29,M+,981723.6119660999,0.020768595902148967,11,11
2025-09-30,M+,980545.5436317406,0.0,11,11
2025-10-09,M+,1002938.7323748997,0.02283747949148722,11,11
2025-10-10,M+,1001735.2058960499,0.0,11,11
2025-10-13,M+,1029707.005355342,0.02792334670345482,11,11
2025-10-14,M+,1021239.8989739943,-0.008222830705542104,11,11
2025-10-15,M+,1018707.908875377,-0.002479329392791215,11,11
2025-10-16,M+,1030990.4527996191,0.012056982985242187,11,11
2025-10-17,M+,1029753.2642562595,0.0,11,11
2025-10-20,M+,1018608.0496441011,-0.010823189397907084,11,11
2025-10-21,M+,1006192.2002951347,-0.01218903517727398,11,11
2025-10-22,M+,994195.4667858157,-0.011922904496576424,11,11
2025-10-23,M+,976615.6343802524,-0.017682470895183197,11,11
2025-10-24,M+,975443.6956189962,0.0,11,11
2025-10-27,M+,975911.1122180538,0.0004791835768244391,11,11
2025-10-28,M+,973310.3604391022,-0.0026649473977610394,11,11
2025-10-29,M+,971367.4897078617,-0.0019961471799847036,11,11
2025-10-30,M+,972822.8096919917,0.0014982177183711937,11,11
2025-10-31,M+,971655.4223203612,0.0,11,11
2025-11-03,M+,974840.96386773,0.0032784683481327124,11,11
2025-11-04,M+,971550.1233602196,-0.003375771668902558,11,11
2025-11-05,M+,965696.2103657951,-0.006025332974255792,11,11
2025-11-06,M+,950822.0506670309,-0.015402524664697615,11,11
2025-11-07,M+,949681.0642062305,0.0,11,11
2025-11-10,M+,951179.3127912676,0.0015776334197939272,11,11
2025-11-11,M+,981365.4395356886,0.03173547441421825,11,11
2025-11-12,M+,981468.2631406523,0.00010477606080390445,11,11
2025-11-13,M+,991426.6945453446,0.010146462986817095,11,11
2025-11-14,M+,990236.9825118901,0.0,11,11
2025-11-17,M+,992448.7839135312,0.0022336081571407602,11,11
2025-11-18,M+,980710.4475849683,-0.01182764946547173,11,11
2025-11-19,M+,985763.8065120943,0.005152753230650269,11,11
2025-11-20,M+,982620.0817509256,-0.0031891257727265053,11,11
2025-11-21,M+,981440.9376528246,0.0,11,11
2025-11-24,M+,951076.1556960106,-0.03093898042345088,11,11
2025-11-25,M+,935078.5995924153,-0.01682047857869808,11,11
2025-11-26,M+,927513.3073935895,-0.008090541481885425,11,11
2025-11-27,M+,925071.4277607267,-0.002632716547997368,11,11
2025-11-28,M+,923961.3420474138,0.0,11,11
2025-12-01,M+,925336.3680334854,0.0014881856236804818,11,11
2025-12-02,M+,932244.1418623058,0.007465148963614995,11,11
2025-12-03,M+,924737.8891031622,-0.008051810059271277,11,11
2025-12-04,M+,930213.5782293496,0.005921341810161765,11,11
2025-12-05,M+,929097.3219354744,0.0,11,11
2025-12-08,M+,922760.4068284534,-0.006820507343428833,11,11
2025-12-09,M+,921321.7255579126,-0.0015591059823271344,11,11
2025-12-10,M+,939891.7217429249,0.020155821435522064,11,11
2025-12-11,M+,938177.7627177831,-0.0018235707214906312,11,11
2025-12-12,M+,937051.9494025218,0.0,11,11
2025-12-15,M+,944861.3622198673,0.008334023340248041,11,11
2025-12-16,M+,910653.9593979878,-0.03620362117624564,11,11
2025-12-17,M+,902942.4339390242,-0.008468118300459005,11,11
2025-12-18,M+,897524.1663816711,-0.006000678840306823,11,11
2025-12-19,M+,896447.1373820131,0.0,11,11
2025-12-22,M+,890404.2116321734,-0.006740972777812199,11,11
2025-12-23,M+,884577.2960566588,-0.006544124005021683,11,11
2025-12-24,M+,859714.1016616373,-0.028107429962151056,11,11
2025-12-25,M+,861464.5700310941,0.002036105219250817,11,11
2025-12-26,M+,860430.8125470568,0.0,11,11
2025-12-29,M+,870459.3069279735,0.011655201365035162,11,11
2025-12-30,M+,877731.5481478185,0.008354487294196846,11,11
2025-12-31,M+,876678.2702900412,0.0,11,11
2026-01-05,M+,864977.3783959012,-0.013346848314455068,11,11
2026-01-06,M+,877486.455946608,0.014461739535783922,11,11
2026-01-07,M+,880992.5446830896,0.003995604391066395,11,11
2026-01-08,M+,889874.9112008202,0.010082226655988166,11,11
2026-01-09,M+,888807.0613073793,0.0,11,11
2026-01-12,M+,902718.4492389744,0.015651752261207713,11,11
2026-01-13,M+,917942.8772766761,0.016865090162427272,11,11
2026-01-14,M+,935247.7572150979,0.018851804798313037,11,11
2026-01-15,M+,936702.7527149636,0.001555732680074362,11,11
2026-01-16,M+,935578.7094117057,0.0,11,11
2026-01-19,M+,920667.3641256901,-0.01593809813756024,11,11
2026-01-20,M+,913845.1772489505,-0.007410045302537971,11,11
2026-01-21,M+,925029.4419920965,0.012238686619559878,11,11
2026-01-22,M+,912512.762844501,-0.013531114340144956,11,11
2026-01-23,M+,911417.7475290876,0.0,11,11
2026-01-26,M+,972653.5745063729,0.06718744192034853,11,11
2026-01-27,M+,991498.1874165116,0.019374434437978,11,11
2026-01-28,M+,1049580.820455512,0.058580674958512005,11,11
2026-01-29,M+,1054126.7515579604,0.004331187283391252,11,11
2026-01-30,M+,1052861.799456091,0.0,11,11
2026-02-02,M+,1048476.2797831171,-0.004165332691564414,11,11
2026-02-03,M+,1073608.3232924407,0.02397006398134471,11,11
2026-02-04,M+,1064606.59175411,-0.008384558263040461,11,11
2026-02-05,M+,1048215.2482538378,-0.01539662033584157,11,11
2026-02-06,M+,1046957.3899559332,0.0,11,11
2026-02-09,M+,1047342.2915903757,0.00036763829945241164,11,11
2026-02-10,M+,1011480.6359282533,-0.03424062596352035,11,11
2026-02-11,M+,1010510.1144163217,-0.0009595057754525418,11,11
2026-02-12,M+,1018944.1102230131,0.00834627549627533,11,11
2026-02-13,M+,1017721.3772907455,0.0,11,11
2026-02-24,M+,1034064.2121196449,0.016058260338802526,11,11
2026-02-25,M+,1014692.6041543025,-0.018733467166061328,11,11
2026-02-26,M+,1049828.489923308,0.03462712315547956,11,11
2026-02-27,M+,1048568.6957354,0.0,11,11
2026-03-02,M+,1083656.2734003353,0.033462354739025695,11,11
2026-03-03,M+,1034789.4488934899,-0.04509439543362715,11,11
2026-03-04,M+,1063774.7493037959,0.02801081943896913,11,11
2026-03-05,M+,1067411.336248753,0.003418568590142994,11,11
2026-03-06,M+,1066130.4426452543,0.0,11,11
2026-03-09,M+,1076970.3023561707,0.010167479772944854,11,11
2026-03-10,M+,1091031.8352836973,0.013056565159469099,11,11
2026-03-11,M+,1087080.154514154,-0.0036219665107349577,11,11
2026-03-12,M+,1073766.2905474275,-0.012247361808087474,11,11
2026-03-13,M+,1072477.7709987706,0.0,11,11
2026-03-16,M+,1065919.415437647,-0.0061151435847626315,11,11
2026-03-17,M+,1037303.3121303485,-0.026846404045984255,11,11
2026-03-18,M+,1048315.662832591,0.01061632655893684,11,11
2026-03-19,M+,1041491.8051061629,-0.006509353974536329,11,11
2026-03-20,M+,1040242.0149400355,0.0,11,11
2026-03-23,M+,1043979.9073489405,0.0035932911334295645,11,11
2026-03-24,M+,1059644.785014984,0.015004960876902639,11,11
2026-03-25,M+,1091325.7556868799,0.029897727162832184,11,11
2026-03-26,M+,1102636.651210888,0.010364362304350701,11,11
2026-03-27,M+,1101313.487229435,0.0,11,11
2026-03-30,M+,1113069.0916751537,0.010674167330223326,11,11
2026-03-31,M+,1111726.6246791314,-0.0012060949370193905,11,11
2026-04-01,M+,1106964.0860287186,-0.004283911660195504,11,11
2026-04-02,M+,1110246.4215950982,0.002965168976850197,11,11
2026-04-03,M+,1108914.1258891842,0.0,11,11
2026-04-07,M+,1115292.3462965877,0.005751771267490342,11,11
2026-04-08,M+,1106573.079624004,-0.00781792029823998,11,11
2026-04-09,M+,1154558.7033861617,0.04336417056021505,11,11
2026-04-10,M+,1153173.2329420983,0.0,11,11
2026-04-13,M+,1127358.176308684,-0.02238610461634821,11,11
2026-04-14,M+,1108876.7226420667,-0.01639359526990022,11,11
2026-04-15,M+,1091973.0400640527,-0.015243969174263435,11,11
2026-04-16,M+,1118827.7414546856,0.024592824552754144,11,11
2026-04-17,M+,1117485.14816494,0.0,11,11
2026-04-20,M+,1132991.6706551148,0.013876267184077178,11,11
2026-04-21,M+,1155754.3220328966,0.02009074909140335,11,11
2026-04-22,M+,1177009.3700029082,0.018390628150648257,11,11
2026-04-23,M+,1178646.3380360866,0.001390785897630014,11,11
2026-04-24,M+,1177231.9624304434,0.0,11,11
2026-04-27,M+,1188791.4496091744,0.00981920942315057,11,11
2026-04-28,M+,1215550.9812596962,0.02250986214555908,11,11
2026-04-29,M+,1240665.722328485,0.02066119928821237,11,11
2026-04-30,M+,1239176.9234616908,0.0,11,11
2026-05-06,M+,1241922.0101502263,0.0022152500071313374,11,11
2026-05-07,M+,1221556.542929804,-0.01639834631641559,11,11
2026-05-08,M+,1220090.6750782882,0.0,11,11
2026-05-11,M+,1223749.0259046515,0.002998425363859545,11,11
2026-05-12,M+,1227684.9508587853,0.0032162844429839826,11,11
2026-05-13,M+,1266081.075327207,0.03127522614133461,11,11
2026-05-14,M+,1265902.583241007,-0.00014097998120223693,11,11
2026-05-15,M+,1264383.500141118,0.0,11,11
2026-05-18,M+,1260123.3450943502,-0.0033693535594955673,11,11
2026-05-19,M+,1263539.43046588,0.0027109134870238714,11,11
2026-05-20,M+,1254002.5711839376,-0.007547733811857613,11,11
2026-05-21,M+,1227265.2338585614,-0.021321596892846014,11,11
2026-05-22,M+,1225792.5155779312,0.0,11,11
2026-05-25,M+,1248004.8861605867,0.018120824120208465,11,11
2026-05-26,M+,1226894.738504593,-0.01691511619072099,11,11
2026-05-27,M+,1216215.3314731156,-0.008704419944366317,11,11
2026-05-28,M+,1228846.3713540514,0.010385529234890205,11,11
2026-05-29,M+,1227371.7557084265,0.0,11,11
2026-06-01,M+,1203425.2789077696,-0.019510369771247628,11,11
2026-06-02,M+,1244658.3276889594,0.034263073498516705,11,11
2026-06-03,M+,1266686.7848875574,0.017698396988593254,11,11
2026-06-04,M+,1259846.9755075925,-0.005399763747098699,11,11
2026-06-05,M+,1258335.1591369836,0.0,11,11
2026-06-08,M+,1267735.0726356362,0.00747011909378692,11,11
2026-06-09,M+,1314543.5209860683,0.03692289450753837,11,11
2026-06-10,M+,1299309.779111011,-0.011588617365540118,11,11
2026-06-11,M+,1294915.4753168009,-0.0033820293396211835,11,11
2026-06-12,M+,1293361.5767464207,0.0,11,11
2026-06-15,M+,1335029.9301863646,0.032217095504541625,11,11
2026-06-16,M+,1365374.635183805,0.022729606513918584,11,11
2026-06-17,M+,1389710.3100881658,0.017823441476986834,11,11
2026-06-18,M+,1388042.65771606,0.0,11,11
2026-06-22,M+,1407856.833813624,0.014274904295929246,11,11
2026-06-23,M+,1393449.1656695595,-0.01023375942640178,11,11
2026-06-24,M+,1444601.280655863,0.036708992510483554,11,11
2026-06-25,M+,1494825.4757655803,0.03476682167062374,11,11
2026-06-26,M+,1493031.6851946616,0.0,11,11
2026-06-29,M+,1480814.835140448,-0.008182579228129778,11,11
2026-06-30,M+,1491993.064252844,0.00754870146295893,11,11
2026-07-01,M+,1487629.6811978305,-0.0029245330689245536,11,11
2026-07-02,M+,1470600.5782838191,-0.011447138443957021,11,11
2026-07-03,M+,1468835.8575898786,0.0,11,11
2026-07-06,M+,1424255.1678560472,-0.030351035824371115,11,11
2026-07-07,M+,1468908.1414213644,0.031351807297658595,11,11
2026-07-08,M+,1412614.525759388,-0.03832344179637047,11,11
2026-07-09,M+,1487462.4651465323,0.052985395535917884,11,11
2026-07-10,M+,1485677.5101883565,0.0,11,11
2026-07-13,M+,1430330.4285551165,-0.037253765540425414,11,11
2026-07-14,M+,1441770.2050476398,0.007997995612859583,11,11
2026-07-15,M+,1412536.1520036939,-0.020276499640232096,11,11
2026-07-16,M+,1339168.5158182422,-0.05194035995565782,11,11
2026-07-17,M+,1337561.5135992602,0.0,11,11
2026-07-20,M+,1321990.9609799169,-0.011640999281927987,11,11
2026-07-21,M+,1309184.2944904305,-0.00968740851298518,11,11
2026-07-22,M+,1301002.998887918,-0.006249155017320911,11,11
2026-07-23,M+,1257323.1270486887,-0.03357399781289229,11,11
2026-07-24,M+,1255814.3392962303,0.0,11,11
2026-07-27,M+,1244863.7908247062,-0.008719878511389705,11,11
2026-07-28,M+,1181586.411403466,-0.05083076549227915,11,11
2026-07-29,M+,1149381.2310137227,-0.027255882497405036,11,11
2026-07-30,M+,1108657.4620726034,-0.03543103701563147,11,11
2026-07-31,M+,1107327.0731181162,0.0,11,11
2025-06-03,M-,1000000.0,0.0,0,0
2025-06-04,M-,1000000.0,0.0,0,0
2025-06-05,M-,1000000.0,0.0,0,0
2025-06-06,M-,998800.0,0.0,11,11
2025-06-09,M-,996657.5648329579,-0.002145009178055754,11,11
2025-06-10,M-,990555.105765725,-0.00612292454555902,11,11
2025-06-11,M-,1013943.4795920923,0.023611380820946392,11,11
2025-06-12,M-,999303.0303218713,-0.014439117726868629,11,11
2025-06-13,M-,998103.866685485,0.0,11,11
2025-06-16,M-,995542.2744682409,-0.0025664585648291953,11,11
2025-06-17,M-,1004619.439490519,0.009117809715440245,11,11
2025-06-18,M-,1015707.5753813265,0.011037150442191992,11,11
2025-06-19,M-,1036817.9908829732,0.02078395003967673,11,11
2025-06-20,M-,1035573.8092939137,0.0,11,11
2025-06-23,M-,994692.2456132583,-0.039477208977049774,11,11
2025-06-24,M-,1001173.9947408384,0.0065163362398425635,11,11
2025-06-25,M-,1004863.8779566205,0.003685556391960816,11,11
2025-06-26,M-,974684.9700729607,-0.03003283185482617,11,11
2025-06-27,M-,973515.3481088732,0.0,11,11
2025-06-30,M-,969241.3315720888,-0.004390291889169591,11,11
2025-07-01,M-,993821.7821439694,0.025360505966054568,11,11
2025-07-02,M-,979290.8679890442,-0.014621247406731017,11,11
2025-07-03,M-,979663.906918832,0.00038092760994886017,11,11
2025-07-04,M-,978488.3102305294,0.0,11,11
2025-07-07,M-,982900.2978727603,0.004508983496380738,11,11
2025-07-08,M-,998251.6333169186,0.01561840552636149,11,11
2025-07-09,M-,986322.4019921448,-0.011950124524351008,11,11
2025-07-10,M-,984591.7104884392,-0.0017546914682359752,11,11
2025-07-11,M-,983410.2004358531,0.0,11,11
2025-07-14,M-,985507.9801176448,0.0021331685199745725,11,11
2025-07-15,M-,960907.509403338,-0.024962223757305488,11,11
2025-07-16,M-,948387.050971463,-0.013029826814080572,11,11
2025-07-17,M-,939977.535411219,-0.008867176699249425,11,11
2025-07-18,M-,938849.5623687255,0.0,11,11
2025-07-21,M-,953410.8461370089,0.0155097092781778,11,11
2025-07-22,M-,938237.2330497437,-0.015915083354405925,11,11
2025-07-23,M-,936217.1841382512,-0.002153025738411928,11,11
2025-07-24,M-,945481.5893710912,0.009895572725860028,11,11
2025-07-25,M-,944347.011463846,0.0,11,11
2025-07-28,M-,943050.8869935414,-0.0013725086801465703,11,11
2025-07-29,M-,930168.0086197942,-0.013660851764657166,11,11
2025-07-30,M-,919689.6781155854,-0.011264986977736136,11,11
2025-07-31,M-,909400.1200816045,-0.011188076020450546,11,11
2025-08-01,M-,908308.8399375066,0.0,11,11
2025-08-04,M-,942611.7262393693,0.03776566382886108,11,11
2025-08-05,M-,938438.9919754423,-0.0044267794976139505,11,11
2025-08-06,M-,943274.0919971808,0.005152279544097512,11,11
2025-08-07,M-,964966.9861283969,0.022997445085432163,11,11
2025-08-08,M-,963809.0257450428,0.0,11,11
2025-08-11,M-,958443.8302842332,-0.005566658246079592,11,11
2025-08-12,M-,968763.9062255474,0.010767533386128347,11,11
2025-08-13,M-,953898.6145191746,-0.015344596976460696,11,11
2025-08-14,M-,981473.9604660108,0.028908046963393542,11,11
2025-08-15,M-,980296.1917134516,0.0,11,11
2025-08-18,M-,968200.4242696705,-0.012338890578202729,11,11
2025-08-19,M-,960633.2512852582,-0.007815709221693877,11,11
2025-08-20,M-,980054.4978020504,0.020217129160174284,11,11
2025-08-21,M-,979508.1015908663,-0.0005575161507951551,11,11
2025-08-22,M-,978332.6918689574,0.0,11,11
2025-08-25,M-,984009.4196289574,0.005802451259351698,11,11
2025-08-26,M-,971331.560494984,-0.012883879850209053,11,11
2025-08-27,M-,950921.1658634847,-0.021012798782218383,11,11
2025-08-28,M-,958905.505387153,0.008396426339315028,11,11
2025-08-29,M-,957754.8187806885,0.0,11,11
2025-09-01,M-,970914.2498772868,0.013739874588521068,11,11
2025-09-02,M-,977715.260336112,0.007004748833055831,11,11
2025-09-03,M-,967926.0091327834,-0.010012374359343969,11,11
2025-09-04,M-,990184.3113777192,0.022995871621300956,11,11
2025-09-05,M-,988996.0902040659,0.0,11,11
2025-09-08,M-,1008928.3208555348,0.02015400348787647,11,11
2025-09-09,M-,1000287.8598523785,-0.008563998873408054,11,11
2025-09-10,M-,984788.4868016426,-0.015494912687457086,11,11
2025-09-11,M-,969722.5823745079,-0.015298619580804673,11,11
2025-09-12,M-,968558.9152756585,0.0,11,11
2025-09-15,M-,981950.9542734184,0.013826767568339785,11,11
2025-09-16,M-,986085.5266209055,0.004210569101739436,11,11
2025-09-17,M-,1006289.8685698219,0.020489441740568024,11,11
2025-09-18,M-,1010030.9706068666,0.0037177180789484867,11,11
2025-09-19,M-,1008818.9334421384,0.0,11,11
2025-09-22,M-,989028.4011697592,-0.01961752661089818,11,11
2025-09-23,M-,986033.8849942089,-0.0030277352723223697,11,11
2025-09-24,M-,1005863.5716629354,0.020110552964255308,11,11
2025-09-25,M-,1006813.5396109556,0.0009444302137810797,11,11
2025-09-26,M-,1005605.3633634225,0.0,11,11
2025-09-29,M-,999373.8162184947,-0.00619681176329978,11,11
2025-09-30,M-,998174.5676390325,0.0,11,11
2025-10-09,M-,983729.6388026705,-0.01447134529837638,11,11
2025-10-10,M-,982549.1632361073,0.0,11,11
2025-10-13,M-,953212.9420154915,-0.029857255309235088,11,11
2025-10-14,M-,977189.7997485957,0.025153726597969783,11,11
2025-10-15,M-,974968.286875826,-0.002273368871985027,11,11
2025-10-16,M-,984351.847829665,0.009624478129342615,11,11
2025-10-17,M-,983170.6256122695,0.0,11,11
2025-10-20,M-,1010143.0012006244,0.027434073888810414,11,11
2025-10-21,M-,1012402.3485399574,0.0022366608852880665,11,11
2025-10-22,M-,1029698.2967178316,0.01708406564131113,11,11
2025-10-23,M-,1032600.5459575552,0.0028185433043586214,11,11
2025-10-24,M-,1031361.4253024062,0.0,11,11
2025-10-27,M-,1054549.184907178,0.02248267099767948,11,11
2025-10-28,M-,1064119.110636962,0.00907489746969616,11,11
2025-10-29,M-,1076909.0753580118,0.012019298021434685,11,11
2025-10-30,M-,1062717.876105051,-0.013177713492889796,11,11
2025-10-31,M-,1061442.614653725,0.0,11,11
2025-11-03,M-,1070327.717155554,0.008370779898193379,11,11
2025-11-04,M-,1079593.7880726801,0.008657227845833103,11,11
2025-11-05,M-,1077757.3564035606,-0.0017010394922686474,11,11
2025-11-06,M-,1097261.8213810516,0.01809726916880121,11,11
2025-11-07,M-,1095945.1071953943,0.0,11,11
2025-11-10,M-,1099383.0684633506,0.0031369830891934056,11,11
2025-11-11,M-,1080390.931142891,-0.01727526816199339,11,11
2025-11-12,M-,1087764.221656253,0.006824650504574662,11,11
2025-11-13,M-,1089292.5947420804,0.0014050591620858172,11,11
2025-11-14,M-,1087985.4436283899,0.0,11,11
2025-11-17,M-,1072097.2543048966,-0.014603310564989445,11,11
2025-11-18,M-,1060661.5531848704,-0.01066666393753684,11,11
2025-11-19,M-,1063240.8523858597,0.002431783440480553,11,11
2025-11-20,M-,1070698.0652747783,0.007013662870632764,11,11
2025-11-21,M-,1069413.2275964485,0.0,11,11
2025-11-24,M-,1094237.5014415055,0.023212985592903683,11,11
2025-11-25,M-,1100034.1964743636,0.00529747429166144,11,11
2025-11-26,M-,1109869.0534073613,0.008940501090346675,11,11
2025-11-27,M-,1116608.5107737097,0.006072299561518497,11,11
2025-11-28,M-,1115268.5805607813,0.0,11,11
2025-12-01,M-,1108016.8254556574,-0.006502249979531731,11,11
2025-12-02,M-,1092114.9998885049,-0.014351610193837221,11,11
2025-12-03,M-,1096392.1009454683,0.0039163467742865795,11,11
2025-12-04,M-,1069189.1191866775,-0.02481136240887952,11,11
2025-12-05,M-,1067906.0922436535,0.0,11,11
2025-12-08,M-,1049374.7331232815,-0.017352985674459396,11,11
2025-12-09,M-,1027774.5386553387,-0.020583871315115052,11,11
2025-12-10,M-,989122.5013082414,-0.037607506212079,11,11
2025-12-11,M-,1009939.7655801456,0.02104619422202081,11,11
2025-12-12,M-,1008727.8378614495,0.0,11,11
2025-12-15,M-,1008463.1542215291,-0.0002623935118925714,11,11
2025-12-16,M-,1035381.4556355492,0.026692399520336762,11,11
2025-12-17,M-,1058015.5764733108,0.021860658904565677,11,11
2025-12-18,M-,1098871.1728022946,0.03861530703089263,11,11
2025-12-19,M-,1097552.5273949318,0.0,11,11
2025-12-22,M-,1107647.4685384724,0.009197683838878453,11,11
2025-12-23,M-,1128570.735201585,0.018889824838150545,11,11
2025-12-24,M-,1165608.197263947,0.032818024521738445,11,11
2025-12-25,M-,1175056.7153886259,0.008106084142902734,11,11
2025-12-26,M-,1173646.6473301596,0.0,11,11
2025-12-29,M-,1165239.9863683344,-0.007162855175319429,11,11
2025-12-30,M-,1164224.508435373,-0.0008714753568717006,11,11
2025-12-31,M-,1162827.4390252505,0.0,11,11
2026-01-05,M-,1180649.7823727634,0.015326730991532679,11,11
2026-01-06,M-,1165242.140766603,-0.013050137167006065,11,11
2026-01-07,M-,1155092.812950998,-0.008710059017370986,11,11
2026-01-08,M-,1120594.3321219366,-0.029866414579211065,11,11
2026-01-09,M-,1119249.6189233903,0.0,11,11
2026-01-12,M-,1115295.2149619868,-0.0035330849298901533,11,11
2026-01-13,M-,1086161.2036298676,-0.026122241843485598,11,11
2026-01-14,M-,1079107.893187562,-0.006493797070576606,11,11
2026-01-15,M-,1073250.2194527655,-0.005428255850759822,11,11
2026-01-16,M-,1071962.3191894223,0.0,11,11
2026-01-19,M-,1107588.3538977536,0.03323440952222128,11,11
2026-01-20,M-,1124332.034931611,0.015117241866018474,11,11
2026-01-21,M-,1116573.0517092398,-0.006900971404628893,11,11
2026-01-22,M-,1126105.5043523284,0.008537240468499838,11,11
2026-01-23,M-,1124754.1777471055,0.0,11,11
2026-01-26,M-,1073451.0903947633,-0.04561271108599291,11,11
2026-01-27,M-,1020025.1006102652,-0.04977030650260055,11,11
2026-01-28,M-,976358.6285633722,-0.042809213244623064,11,11
2026-01-29,M-,981153.4569992588,0.004910929545367846,11,11
2026-01-30,M-,979976.0728508597,0.0,11,11
2026-02-02,M-,997812.867654831,0.018201255416453267,11,11
2026-02-03,M-,1000240.36275826,0.002432815993979265,11,11
2026-02-04,M-,1015712.986468539,0.015468905561470977,11,11
2026-02-05,M-,1044716.2264290893,0.028554562506274205,11,11
2026-02-06,M-,1043462.5669573745,0.0,11,11
2026-02-09,M-,1064843.1870008742,0.020490069045642205,11,11
2026-02-10,M-,1112305.6553910836,0.044572260939084514,11,11
2026-02-11,M-,1114449.3168353993,0.0019272233616057077,11,11
2026-02-12,M-,1090878.5660307293,-0.021150132579919934,11,11
2026-02-13,M-,1089569.5117514925,0.0,11,11
2026-02-24,M-,1042325.427921114,-0.04336032104499066,11,11
2026-02-25,M-,1054485.19472273,0.011665998426104001,11,11
2026-02-26,M-,1024646.2333952467,-0.028297183760203702,11,11
2026-02-27,M-,1023416.6579151724,0.0,11,11
2026-03-02,M-,983665.6018491938,-0.038841517536910605,11,11
2026-03-03,M-,1017350.0192498984,0.0342437687537119,11,11
2026-03-04,M-,1001439.3623939005,-0.015639314449248154,11,11
2026-03-05,M-,1001069.2729991281,-0.00036955746765115864,11,11
2026-03-06,M-,999867.9898715292,0.0,11,11
2026-03-09,M-,992837.6917106028,-0.007031226354020669,11,11
2026-03-10,M-,975161.9943716485,-0.01780320941331318,11,11
2026-03-11,M-,973204.8316226595,-0.002007012947884773,11,11
2026-03-12,M-,968358.5456678694,-0.004979718346352378,11,11
2026-03-13,M-,967196.515413068,0.0,11,11
2026-03-16,M-,979391.3964712191,0.012608483243907204,11,11
2026-03-17,M-,1004111.0873587816,0.025239848927230007,11,11
2026-03-18,M-,1000329.1735831464,-0.0037664296542956888,11,11
2026-03-19,M-,1027409.1947627527,0.027071110085299797,11,11
2026-03-20,M-,1026176.3037290374,0.0,11,11
2026-03-23,M-,1018896.1097068711,-0.007094486586477142,11,11
2026-03-24,M-,1029361.3542104409,0.010271159545972457,11,11
2026-03-25,M-,1034442.7272819253,0.004936432721803465,11,11
2026-03-26,M-,1036157.3394971129,0.001657522615769031,11,11
2026-03-27,M-,1034913.9506897164,0.0,11,11
2026-03-30,M-,1044200.6923362155,0.008973443289956721,11,11
2026-03-31,M-,1060672.2121804573,0.015774285503862135,11,11
2026-04-01,M-,1068118.2784859622,0.0070201389458462,11,11
2026-04-02,M-,1050407.980823249,-0.0165808394252153,11,11
2026-04-03,M-,1049147.4912462612,0.0,11,11
2026-04-07,M-,1057598.9290108173,0.008055528736495128,11,11
2026-04-08,M-,1078046.5588399584,0.01933401147471471,11,11
2026-04-09,M-,1042588.3103632785,-0.03289120324713533,11,11
2026-04-10,M-,1041337.2043908426,0.0,11,11
2026-04-13,M-,1028314.1390573689,-0.012506098196205316,11,11
2026-04-14,M-,1041975.2224938703,0.013284932023811535,11,11
2026-04-15,M-,1056056.8490861214,0.013514358391889686,11,11
2026-04-16,M-,1056908.1942556943,0.0008061546784242785,11,11
2026-04-17,M-,1055639.9044225875,0.0,11,11
2026-04-20,M-,1038741.4261759302,-0.016007805479748637,11,11
2026-04-21,M-,1036183.0742303699,-0.002462934356029978,11,11
2026-04-22,M-,1014378.5013292447,-0.021043166447512814,11,11
2026-04-23,M-,1044192.1022168299,0.02939100232163583,11,11
2026-04-24,M-,1042939.0716941698,0.0,11,11
2026-04-27,M-,1039252.486384819,-0.003534804102565789,11,11
2026-04-28,M-,1032211.0225540937,-0.0067755082840551956,11,11
2026-04-29,M-,1031281.1876422201,-0.0009008186228944837,11,11
2026-04-30,M-,1030043.6502170494,0.0,11,11
2026-05-06,M-,993464.7529093697,-0.03551198757447996,11,11
2026-05-07,M-,961892.3591137843,-0.03178008450035632,11,11
2026-05-08,M-,960738.0882828478,0.0,11,11
2026-05-11,M-,914583.1279462398,-0.04804114763379669,11,11
2026-05-12,M-,886653.0622761956,-0.03053857524439908,11,11
2026-05-13,M-,870752.6211679488,-0.01793310347051366,11,11
2026-05-14,M-,865540.8024512931,-0.005985418349548034,11,11
2026-05-15,M-,864502.1534883516,0.0,11,11
2026-05-18,M-,848813.1444744476,-0.018148027683444538,11,11
2026-05-19,M-,836686.2511289547,-0.01428688212999032,11,11
2026-05-20,M-,846714.6386764965,0.011985840013518063,11,11
2026-05-21,M-,866089.5914760712,0.022882505999730584,11,11
2026-05-22,M-,865050.2839662998,0.0,11,11
2026-05-25,M-,839988.8438230547,-0.028971079031772713,11,11
2026-05-26,M-,854760.5320207647,0.01758557664942245,11,11
2026-05-27,M-,862350.5357140865,0.008879684319745222,11,11
2026-05-28,M-,865929.212708164,0.00414990986364285,11,11
2026-05-29,M-,864890.0976529142,0.0,11,11
2026-06-01,M-,875327.4217552894,0.012067803910230232,11,11
2026-06-02,M-,869306.4401554883,-0.0068785479012267335,11,11
2026-06-03,M-,860016.2175095383,-0.010686936409085378,11,11
2026-06-04,M-,864117.0177367004,0.004768282438948911,11,11
2026-06-05,M-,863080.0773154163,0.0,11,11
2026-06-08,M-,861886.9485849851,-0.0013824079153146526,11,11
2026-06-09,M-,850135.4015845328,-0.013634673340564646,11,11
2026-06-10,M-,874019.4121424039,0.028094360631676477,11,11
2026-06-11,M-,866393.6401916862,-0.008724945744654869,11,11
2026-06-12,M-,865353.9678234563,0.0,11,11
2026-06-15,M-,865733.4915031109,0.00043857622864925186,11,11
2026-06-16,M-,850869.8518819411,-0.017168839795446846,11,11
2026-06-17,M-,831697.3231417069,-0.022532857049557813,11,11
2026-06-18,M-,830699.2863539369,0.0,11,11
2026-06-22,M-,795015.2122806783,-0.04295666874818359,11,11
2026-06-23,M-,824669.4026775825,0.037300154687398404,11,11
2026-06-24,M-,793225.3808844428,-0.03812924511452157,11,11
2026-06-25,M-,765927.025808654,-0.03441437419129394,11,11
2026-06-26,M-,765007.9133776836,0.0,11,11
2026-06-29,M-,787693.7972299521,0.029654443379683645,11,11
2026-06-30,M-,796477.938576241,0.011151720855464207,11,11
2026-07-01,M-,809910.7917961737,0.016865317379593372,11,11
2026-07-02,M-,830699.6610806885,0.025668097641235805,11,11
2026-07-03,M-,829702.8214873917,0.0,11,11
2026-07-06,M-,825726.3400407961,-0.004792657495688656,11,11
2026-07-07,M-,834586.1741987322,0.01072974631946276,11,11
2026-07-08,M-,843329.9138868056,0.01047673680488186,11,11
2026-07-09,M-,829029.4929431871,-0.01695708963732794,11,11
2026-07-10,M-,828034.6575516553,0.0,11,11
2026-07-13,M-,818989.2745585319,-0.010923918353694224,11,11
2026-07-14,M-,817210.7422262351,-0.0021716185883575937,11,11
2026-07-15,M-,803341.7423802861,-0.016971142361843303,11,11
2026-07-16,M-,833504.9109389583,0.03754711969690419,11,11
2026-07-17,M-,832504.7050458315,0.0,11,11
2026-07-20,M-,782932.2583222473,-0.059546146013499265,11,11
2026-07-21,M-,801390.9340096657,0.02357633817129178,11,11
2026-07-22,M-,792739.99963588,-0.010794899226650525,11,11
2026-07-23,M-,808428.0920305774,0.019789707094259486,11,11
2026-07-24,M-,807457.9783201407,0.0,11,11
2026-07-27,M-,827831.1870813195,0.025231292907110583,11,11
2026-07-28,M-,760404.5090982197,-0.08144979198093003,11,11
2026-07-29,M-,732085.9810647846,-0.03724139940598019,11,11
2026-07-30,M-,686058.9758417683,-0.06287103757412778,11,11
2026-07-31,M-,685235.7050707582,0.0,11,11
