date,variant,period_return,ret_4w,icir_4w,vol_4w,ret_8w,icir_8w,vol_8w,ret_12w,icir_12w,vol_12w
2025-06-06,A,0.023310527457665042,,,,,,,,,
2025-06-13,A,-0.009798749849023736,,,,,,,,,
2025-06-20,A,0.007449788006947289,0.013511777608641307,0.40809642214424413,0.01655463865334439,,,,,,
2025-06-27,A,0.014425409795020938,0.020961565615588595,0.5167747110229679,0.013520763283284944,,,,,,
2025-07-04,A,-0.01413646390822465,0.035386975410609534,0.7284735210300343,0.012144221577392983,0.035386975410609534,0.7284735210300343,0.012144221577392983,,,
2025-07-11,A,0.025184051322358236,-0.002060015955280159,-0.04358864156526315,0.011815096096742297,0.021250511502384883,0.2986651614062356,0.014230324958109566,,,
2025-07-18,A,0.026308766800014594,0.03292278521610181,0.5725258854601085,0.014376112090392003,0.04643456282474312,0.5107260358294761,0.015153121754513065,0.04643456282474312,0.5107260358294761,0.015153121754513065
2025-07-25,A,0.05061945308873983,0.05178176400916912,0.7937426508890628,0.016309368014673555,0.07274332962475771,0.6721414612547671,0.015460888564601311,0.07274332962475771,0.6721414612547671,0.015460888564601311
2025-08-01,A,-0.026813102569863467,0.08797580730288801,0.9478697511311128,0.023203559138242527,0.12336278271349754,0.7847165808197927,0.019650850021644208,0.12336278271349754,0.7847165808197927,0.019650850021644208
2025-08-08,A,0.0015510582168740683,0.07529916864124919,0.6665817385032057,0.028240785897589913,0.07323915268596903,0.3861497316735153,0.02370814566171051,0.09654968014363408,0.4707078852917325,0.02279065758911769
2025-08-15,A,-0.00404536329036409,0.051666175535765024,0.44911965132070175,0.028759694317445867,0.08458896075186684,0.4626239410318077,0.022855756384766012,0.09810073836050814,0.45009256209814896,0.02179568084911297
2025-08-22,A,-0.0020720550961937922,0.02131204544538634,0.18877251450590404,0.028224508082080702,0.07309380945455546,0.39108187229990327,0.02336269417983374,0.09405537507014405,0.4040940734796484,0.021159648715241553
2025-08-29,A,-0.03931901200247523,-0.03137946273954728,-0.7046041312673735,0.01113372081820786,0.05659634456334073,0.30063061822799847,0.023532343818194367,0.09198331997395026,0.37445564597226866,0.020470452901285748
2025-09-05,A,0.004042245939589684,-0.04388537217215904,-0.665367680262809,0.01648914332404343,0.03141379646909015,0.1427504123103458,0.027507623236137445,0.02935378051380999,0.10379931353559985,0.023566132499632398
2025-09-12,A,0.006012738320021471,-0.04139418444944343,-0.6091034711065486,0.016989799932613778,0.010271991086321597,0.04876795049283269,0.026328744038134348,0.04319477630242341,0.15465025158470916,0.0232755178538909
2025-09-19,A,0.031166417067669983,-0.031336082839057866,-0.42528439465427187,0.01842066346246494,-0.010024037393671525,-0.050679465018150106,0.02472411012547578,0.04175772661549759,0.14961077043467583,0.023259091181612804
2025-09-26,A,0.001053118729693825,0.0019023893248059087,0.01876697440341151,0.025342248621334603,-0.029477073414741373,-0.18413916110263479,0.020010051934520025,0.05849873388814664,0.2001990249428451,0.02435024092685078
2025-09-30,A,0.00233509182324676,0.04227452005697496,0.8790696937437092,0.012022516632594776,-0.0016108521151840804,-0.011182867013301913,0.018005804250242664,0.07368831652606511,0.25893050118901934,0.023715603282117973
2025-10-10,A,-0.00916525348129904,0.04056736594063204,0.8262672545978036,0.012274287076878877,-0.0008268185088113889,-0.005736311954829457,0.0180172059008071,0.050839357026953635,0.18406311038213552,0.02301717642814896
2025-10-17,A,0.00164947830931772,0.025389374139311527,0.4229790780545816,0.01500628249515645,-0.005946708699746339,-0.0407633305991792,0.018235472336091695,0.015365336745640001,0.05752727253081377,0.02225804687885175
2025-10-24,A,0.013372348246591947,-0.004127564619040736,-0.21872956562335683,0.004717657404107213,-0.002225175294234827,-0.015246682904891286,0.018243109895734834,-0.03360463803378211,-0.16858870731682876,0.016610759684825206
2025-10-31,A,-0.0012766605696845623,0.008191664897857387,0.2568845851059925,0.007972125784111807,0.05046618495483235,0.5706601820514107,0.011054342527766783,0.0065808127826733065,0.03551411262099088,0.01544177862686168
2025-11-07,A,-0.009076105207187934,0.004579912504926065,0.14149332911964235,0.008092099700780652,0.0451472784455581,0.4982165222474085,0.011327223312944069,0.003753093996114676,0.02024813348218687,0.015446254998501592
2025-11-14,A,-0.03250743818757962,0.004669060779037171,0.14475470933940823,0.008063745905650578,0.030058434918348698,0.3049437001887814,0.012321305088341073,-0.0012776479207091684,-0.006813654182990927,0.015626073352076247
2025-11-21,A,-0.026929713270434585,-0.029487855717860167,-0.44410723207231306,0.01659951335416371,-0.0336154203369009,-0.3332877783880164,0.01260750562902638,-0.031713031012094994,-0.1466150337385372,0.01802511322988982
2025-11-28,A,0.013654564234596656,-0.0697899172348867,-1.3704963730981865,0.01273077379203811,-0.06159825233702931,-0.5341004193790293,0.014416355544301573,-0.01932373228005435,-0.09969526904355566,0.016152331387303213
2025-12-05,A,0.025504430361841912,-0.05485869243060548,-0.7612227214210786,0.018016636552897834,-0.05027877992567942,-0.397295662171274,0.015819068993510762,-0.009711413985047379,-0.0486241762249005,0.016643664974616324
2025-12-12,A,-0.039165826400667236,-0.020278156861575636,-0.20213314775091765,0.02508019724523829,-0.015609096082538465,-0.103302082383339,0.018887683242211153,0.009780278056773062,0.04498869744837121,0.018116176231442828
2025-12-19,A,-0.021909991078584046,-0.026936545074663254,-0.2494680629751911,0.02699398146742136,-0.05642440079252342,-0.3147268502060245,0.02241006795082277,-0.06055196541156416,-0.26961102216897354,0.018715841351871234
2025-12-26,A,-0.008531259553332338,-0.021916822882812714,-0.2097002746053899,0.026128748429222835,-0.09170674011769941,-0.5355287692470742,0.02140565208257494,-0.08351507521984203,-0.36317854870108374,0.019162997447246352
2025-12-31,A,0.04928661097428155,-0.04410264667074171,-0.46477870200844557,0.023722390075191262,-0.09896133910134719,-0.5860840699044275,0.02110647264254358,-0.09438142659642113,-0.4148699514674476,0.018958034572557427
2026-01-09,A,-0.007747440938442263,-0.020320466058302067,-0.1529501493586932,0.03321419780154519,-0.0405986229198777,-0.17243975062215527,0.029429570888817397,-0.03592956214084053,-0.12145468081778694,0.024652241957601767
2026-01-16,A,-0.025131846347541287,0.011097919403922907,0.10112055902446623,0.02743734684367635,-0.015838625670740347,-0.07165839646528725,0.027628698191727072,-0.045326481388600515,-0.15328611959634533,0.02464154479433657
2026-01-23,A,-0.015240191502552958,0.007876064134965666,0.06985492817700198,0.028187217210390986,-0.014040758747847049,-0.06398112210412829,0.027431448304774828,-0.08383067598273375,-0.2827570485612964,0.024706332523885443
2026-01-30,A,-0.06057493473591391,0.0011671321857450456,0.010078387547002103,0.028951362018525932,-0.04293551448499666,-0.19830173387276362,0.027064510258231898,-0.09779420691560214,-0.32942192296672984,0.024738843030158348
2026-02-06,A,0.008406917858510221,-0.10869441352445042,-1.342172380866401,0.020245986110645087,-0.12901487958275248,-0.5440779668664226,0.029640714989297462,-0.14929303644432812,-0.4337858758571007,0.028680247704651093
2026-02-13,A,0.049041999842536876,-0.09254005472749793,-0.932333670410389,0.024814092224826605,-0.08144213532357503,-0.3487499259130232,0.029190735707814303,-0.10837868039823828,-0.31663433105915595,0.028523617984323527
2026-02-27,A,0.0217442004462427,-0.01836620853741977,-0.1157601012147193,0.039664375602421385,-0.010490144402454105,-0.03793769272628509,0.034563726892074605,-0.03240696728526682,-0.0842343252040656,0.03206033408071065
2026-03-06,A,0.01551674455964247,0.018618183411375888,0.11518835149554053,0.04040812974933642,0.019785315597120934,0.07022585734650708,0.03521729093939112,-0.024317331073620774,-0.06239156382070631,0.03247945927366762
2026-03-13,A,0.011911054774614627,0.09470986270693227,1.5389226710749777,0.015385741026346527,-0.013984550817518149,-0.05613381298446754,0.031141103004591306,-0.034305016875820216,-0.08965581619427637,0.0318858444177641
2026-03-20,A,0.006797729914021167,0.09821399962303667,1.685275261634193,0.014569429970715827,0.005673944895538741,0.02262649507706625,0.03134569050693215,0.016771864299461647,0.04641046456143059,0.030115090885127486
2026-03-27,A,0.0007621290793751179,0.055969729694520964,2.5706738233696536,0.005443099119159693,0.037603521157101194,0.15775544163552804,0.02979574013996526,0.04547958529206686,0.12936052136948098,0.029297697635128028
2026-04-03,A,-0.008833470303517332,0.03498765832765338,1.5748164340019424,0.005554243906183771,0.05360584173902927,0.23174680650956742,0.02891401317800695,0.054772973924774315,0.15694002374709426,0.02908381421610243
2026-04-10,A,0.0007178960794445022,0.010637443464493579,0.34446885234596003,0.007720178030646793,0.10534730617142585,0.8188759585409418,0.016081084240025155,-0.00334710735302457,-0.010770243797247647,0.025897799344461205
2026-04-17,A,0.048538758764562484,-0.0005557152306765456,-0.024826698938058597,0.005595943625681247,0.09765828439236013,0.7371726040163679,0.016559602842720362,0.005118229664862195,0.01653183728100849,0.025799863105868737
2026-04-24,A,0.03774047629007704,0.04118531361986477,0.45919558956018164,0.022422533314895368,0.09715504331438574,0.7396123848388187,0.016419925711418152,0.07878883477696597,0.2371668367140602,0.027684040156633703
2026-04-30,A,0.04506509911016576,0.0781636608305667,0.8093869244996496,0.024142860004467658,0.11315131915822008,0.7716238416805911,0.018330064638713298,0.13176950256959596,0.3911057314212347,0.028076274517626443
2026-05-08,A,0.03794182241063848,0.1320622302442498,1.7330911674099003,0.01905009856486898,0.14269967370874337,0.8487983176159286,0.021014955901060308,0.23740953641567564,1.0136980210290945,0.01951678668027291
2026-05-15,A,-0.013311684953438485,0.16928615657544377,9.108834294985341,0.004646208040820337,0.16873044134476722,0.9655286886191321,0.02184430707932667,0.2669444409678039,1.1242268992940232,0.019787260111477203
2026-05-22,A,-0.005680660130612303,0.1074357128574428,1.1488298381469066,0.023379379018989333,0.14862102647730757,0.7627228906530443,0.02435698277490696,0.20459075617182854,0.8419437488234771,0.02024984413128563
2026-05-29,A,-0.008643739683004803,0.06401457643675346,0.6211262235301512,0.02576552639853484,0.14217823726732015,0.7100407308118478,0.025029943899266896,0.17716589559497353,0.6990480132157894,0.02111990071325331
2026-06-05,A,-0.02798308679841599,0.01030573764358289,0.12507792443441368,0.02059863419181305,0.14236796788783268,0.7117031785121101,0.025004800488854746,0.15300541135232626,0.5774172825148328,0.022081865805081185
2026-06-12,A,0.04071002838769866,-0.05561917156547158,-1.6222599914710092,0.00857124811341708,0.11366698500997219,0.4908561666245719,0.028946102936736058,0.11311126977929564,0.38016284249921317,0.024794477772493363
2026-06-18,A,0.029956855532781157,-0.001597458224334436,-0.015827420166749127,0.025232447984328485,0.10583825463310836,0.47449685602101704,0.027881705982373366,0.14702356825297314,0.4671825825341653,0.02622521574888786
2026-06-26,A,-0.018968813375528137,0.034040057439059024,0.3045704837934607,0.02794103438314685,0.09805463387581248,0.45169438304293213,0.02713522614982703,0.17621829470637917,0.5562432038862675,0.02640006707425914
2026-07-03,A,-0.02930617982327366,0.02371498374653569,0.19881612454080055,0.029820246976080853,0.03402072139011858,0.16558392377871997,0.02568238556448162,0.16608295163436837,0.5072245665042293,0.027286229578581137
2026-07-10,A,-0.029693315760881633,0.02239189072167802,0.18536642136820458,0.03019949696984176,-0.03322728084379356,-0.1713088873187154,0.024245152545687203,0.1360588757316502,0.3824156010703035,0.02964899866158901
2026-07-17,A,-0.0313153624041268,-0.04801145342690227,-0.4878346908074215,0.02460436615702642,-0.04960891165123671,-0.24235568359219334,0.025586831158616725,0.05782680120620609,0.16417647093616328,0.029351953255170815
2026-07-24,A,-0.04948707897907678,-0.10928367136381023,-5.59780912987028,0.004880644767819312,-0.07524361392475121,-0.34973810478776696,0.026892842420763532,-0.01122903748799775,-0.03215458479723902,0.029101701356136368
2026-07-31,A,,-0.13980193696735888,-4.147693677956017,0.008426486369423336,-0.11608695322082319,-0.4842597890566431,0.029965050744499427,-0.1057812155772403,-0.31070674984747854,0.028371129054745557
2025-06-06,B,-0.0037826687254520763,,,,,,,,,
2025-06-13,B,-0.0026379086097985116,,,,,,,,,
2025-06-20,B,0.0011388867933090907,-0.006420577335250588,-5.608666171589112,0.0005723800578267824,,,,,,
2025-06-27,B,-0.0073496001788823095,-0.005281690541941497,-0.8372424369146614,0.0021028120844762558,,,,,,
2025-07-04,B,0.011634296436095148,-0.012631290720823807,-1.0426137242841538,0.0030287561027206654,-0.012631290720823807,-1.0426137242841538,0.0030287561027206654,,,
2025-07-11,B,-0.0019996860895694635,0.002785674440723418,0.09956737085192395,0.006994446114446111,-0.0009969942847286584,-0.030641311944371804,0.006507516953181806,,,
2025-07-18,B,0.006655359095754099,0.003423896960952466,0.12363345602417541,0.0069234838834460665,-0.002996680374298122,-0.08354340195035691,0.0059782905339007845,-0.002996680374298122,-0.08354340195035691,0.0059782905339007845
2025-07-25,B,0.0030179167344599467,0.008940369263397474,0.30297914132564024,0.007377050136422112,0.003658678721455977,0.08603951538651483,0.006074748171598189,0.003658678721455977,0.08603951538651483,0.006074748171598189
2025-08-01,B,-0.03215044658266164,0.01930788617673973,0.9675319796605769,0.004988952970710382,0.0066765954559159235,0.14534520635408207,0.005742015529265862,0.0066765954559159235,0.14534520635408207,0.005742015529265862
2025-08-08,B,0.010462470267842416,-0.02447685684201706,-0.39890361955543335,0.015340081940905808,-0.02169118240129364,-0.2186800236058481,0.012398927691030279,-0.025473851126745717,-0.24202720962202698,0.011694668163104535
2025-08-15,B,-0.002708100957736881,-0.012014700484605179,-0.17634935595916632,0.01703252674110585,-0.008590803523652712,-0.08170356934159717,0.013143250033139826,-0.0150113808589033,-0.12732860817119496,0.011789480050485045
2025-08-22,B,0.00735248562785884,-0.021378160538096158,-0.3306130001364218,0.016165547429528502,-0.012437791274698684,-0.11846547829501893,0.013123856263556794,-0.01771948181664018,-0.14323634205579136,0.011246182080686517
2025-08-29,B,0.022202293568444054,-0.017043591644697265,-0.2532968057124642,0.01682175935535158,0.0022642945320424657,0.02142141823062132,0.013212795411496845,-0.010366996188781341,-0.07819156910765382,0.01104871482852167
2025-09-05,B,-0.02089412362588927,0.03730914850640843,1.0497259940122678,0.008885449326591698,0.012832291664391371,0.10894350934977547,0.014723561482666955,0.015617966105114789,0.10256831397430577,0.012689076431072742
2025-09-12,B,-0.028018384623520576,0.0059525546126767415,0.09497484895754815,0.01566876567326107,-0.006062145871928437,-0.045874598411964236,0.01651825324302842,-0.002638248910975971,-0.015606281753817921,0.014087537273949263
2025-09-19,B,-0.008006163918370501,-0.019357729053106953,-0.23649831901780605,0.020462861145801106,-0.04073588959120311,-0.2761149432074136,0.018441545175899306,-0.03179552032780564,-0.16534429699822853,0.016024905255802024
2025-09-26,B,0.01625991716568409,-0.034716378599336295,-0.4516124949946519,0.019218012667999485,-0.05175997024403356,-0.3556060145597696,0.018194282480047116,-0.03245208406729383,-0.16857906009421633,0.01604197067791063
2025-09-30,B,-0.007164358311359531,-0.04065875500209626,-0.6029525623822737,0.01685818982236885,-0.003349606495687829,-0.0251773358548081,0.016630068184160938,-0.027826463337704888,-0.14111331140732464,0.0164326945607229
2025-10-10,B,0.03896571979942465,-0.026928989687566518,-0.4293308500703201,0.015680791214488673,-0.020976435074889777,-0.16180823368715763,0.0162047030896508,-0.032991135559494955,-0.16676091077793556,0.01648624539047756
2025-10-17,B,-0.01794513155940569,0.040055114735378705,0.5176209938776997,0.01934577384280258,0.02069738568227175,0.12173776328631382,0.02125201860493545,-0.0006807748558244064,-0.0028288368775139204,0.020054616240447406
2025-10-24,B,-0.0018838825496992895,0.030116147094343515,0.34282067686830703,0.021962026451742066,-0.00460023150499278,-0.02593729989791578,0.02216996142186352,-0.021643823149690045,-0.08748849247969773,0.020615876191481825
2025-10-31,B,-0.011879074498870379,0.011972347378960135,0.13882355236747643,0.021560367774029487,-0.028686407623136123,-0.1754280187190044,0.020440297844528752,0.008622740883272306,0.03886052050934197,0.018490790418001526
2025-11-07,B,0.005244319116796348,0.0072576311914492875,0.08171996303777995,0.022202748635893325,-0.01967135849611723,-0.12488328958927591,0.01968974247957197,-0.013718803883440489,-0.06166089036935313,0.018540660864695968
2025-11-14,B,0.002541084616293876,-0.026463769491179012,-0.7407164543360902,0.008931815047533502,0.013591345244199693,0.09872175955265533,0.01720915594721352,-0.0057663838089072605,-0.02581443207514763,0.018614857870076034
2025-11-21,B,-0.004938760809216625,-0.005977553315479445,-0.22943891900368657,0.006513229470218388,0.02413859377886407,0.17944631677191464,0.016814634463593815,-0.010577784820472225,-0.047665090855926316,0.018493242172496323
2025-11-28,B,-0.023550839161396997,-0.00903243157499678,-0.3374941340097543,0.00669080634653025,0.0029399158039633555,0.022716501012115465,0.0161772041961667,-0.0377188391981329,-0.18336368715569748,0.017142088755967417
2025-12-05,B,0.022268296827387513,-0.020704196237523398,-0.46028538584901885,0.011245303932110238,-0.01344656504607411,-0.0936792256909994,0.01794229850173447,-0.04037555473364063,-0.19353251856205617,0.01738534477893363
2025-12-12,B,-0.01058605136517432,-0.003680218526932233,-0.05604513899212311,0.016416314568554604,-0.030143988018111245,-0.27873110171136906,0.013518399917084725,0.00991112671726746,0.04860138685873657,0.016993902434092507
2025-12-19,B,-0.011854371156763022,-0.01680735450840043,-0.2515177097102702,0.01670593546649385,-0.022784907823879874,-0.22336407493491878,0.012750991755566935,0.007331239270463641,0.035685282520279984,0.017120128039473253
2025-12-26,B,0.03399055441747434,-0.023722964855946826,-0.3479031694601794,0.01704710314421419,-0.032755396430943606,-0.3130559642272076,0.013078890108275744,-0.02078304905198347,-0.10347418063374611,0.01673770928867953
2025-12-31,B,0.0022652340960798156,0.03381842872292451,0.4203848618597428,0.020111588089373026,0.013114232485401112,0.09281852889309643,0.017661118746701704,0.0203718636768504,0.08798729490879295,0.019294323210686023
2026-01-09,B,0.03494758331935732,0.013815365991616813,0.1869425835071695,0.018475413322677995,0.01013514746468458,0.07193140950499759,0.017612520619348523,-0.016328622026494433,-0.08654511280220128,0.015722649819843545
2026-01-16,B,-0.05917271741954877,0.059349000676148456,0.7323638293958475,0.020259397820447902,0.042541646167748026,0.2548510006826755,0.020865940320908438,0.03656409285226858,0.17175819961510733,0.01774010058627235
2026-01-23,B,-0.06057872870049841,0.012030654413362707,0.0786666923470932,0.038232999425859455,-0.01169231044258412,-0.04882231397278332,0.02993587739691671,-0.0207247420175809,-0.06978377142489418,0.02474876034261324
2026-01-30,B,0.004959084094469546,-0.08253862870461004,-0.5043919360602768,0.04090996643865177,-0.04872019998168553,-0.1722108006010184,0.03536378076436791,-0.06942439621920893,-0.19546168916558665,0.02959846697477189
2026-02-06,B,-0.013753395461740037,-0.07984477870622031,-0.48330200804495566,0.04130170027081355,-0.0660294127146035,-0.24226824918423306,0.03406833795644811,-0.06970963124153573,-0.19632282074947083,0.029589713078785326
2026-02-13,B,-0.019926257376742584,-0.12854575748731767,-1.1267383960417277,0.028521651063570637,-0.06919675681116921,-0.2535681409640884,0.03411151956436495,-0.08600411131956964,-0.2425448352753038,0.029549214142184446
2026-02-27,B,-0.023076597165202717,-0.08929929744451148,-0.9336527985591216,0.023911270223343304,-0.07726864303114878,-0.2815076160034386,0.034310192086510434,-0.1009916078870956,-0.2829397828362328,0.02974472956599336
2026-03-06,B,-0.024661555027607696,-0.05179716590921579,-1.1913258916036478,0.010869646642089566,-0.13433579461382583,-0.5564487634046259,0.030177035930472215,-0.10051736589090132,-0.28179897468671516,0.029724902891813114
2026-03-13,B,-0.01787515718820165,-0.08141780503129303,-4.8754572123974285,0.004174880502707618,-0.16126258373751334,-0.6867101526567658,0.029354193889812096,-0.14744721774589653,-0.4311674204933539,0.02849767297221098
2026-03-20,B,-0.0673973638822426,-0.08553956675775465,-8.07635146418556,0.002647840647385096,-0.21408532424507232,-1.2770034380996427,0.020955828882072237,-0.15473632356892386,-0.45192844779890323,0.028532600002382388
2026-03-27,B,0.014255448347058719,-0.13301067326325466,-1.67328867964725,0.019872642850140922,-0.22230997070776615,-1.226676182340477,0.022653693565200164,-0.21027931629440344,-0.5433370631299146,0.032251207486055575
2026-04-03,B,-0.013771429686221692,-0.09567862775099323,-0.8222853227501574,0.02908924223254808,-0.14747579366020902,-0.8144944726035711,0.022633025548472338,-0.23001442236481906,-0.6387680669743419,0.030007555983808325
2026-04-10,B,-0.005305020870849275,-0.08478850240960722,-0.7209819657852319,0.02940035480542944,-0.16620630744090026,-0.9892304300928224,0.021001970620902834,-0.24605108614712057,-0.6980487505709022,0.029373675065183083
2026-04-17,B,-0.03927441011008348,-0.07221836609225485,-0.5969034974236624,0.030247086172204413,-0.1577579328500095,-0.9157410162845262,0.02153419062330626,-0.28630369033732717,-0.9624097057738542,0.024790523950773833
2026-04-24,B,-0.04244175427477792,-0.04409541232009573,-0.5736085916683519,0.01921842392206999,-0.1771060855833504,-0.9844917450871903,0.022486994744641716,-0.2664053830278619,-0.9664245204319781,0.022971735625801248
2026-04-30,B,-0.04542071732620079,-0.10079261494193237,-1.576587202149771,0.015982721222856495,-0.1964712426929256,-1.0460316236362412,0.023478167181259224,-0.2482684086021414,-0.9898971316043135,0.02090018587754467
2026-05-08,B,0.00033445210948457316,-0.13244190258191146,-2.04386410054918,0.016199939925840068,-0.2172304049915187,-1.109574771709341,0.024472258487013364,-0.2986482100228117,-1.221165366840542,0.02038000053966816
2026-05-15,B,0.03649452855066593,-0.12680242960157762,-1.7022554140402693,0.01862270910635769,-0.19902079569383246,-0.9558420513542367,0.026026893697010382,-0.2845603624515871,-1.1096925666675437,0.021369309167172806
2026-05-22,B,0.012735197041853441,-0.05103349094082821,-0.3784850027198357,0.03370905754131327,-0.09512890326092394,-0.4331705063719805,0.027451344753846484,-0.2281395765241786,-0.7010502968906799,0.02711878371828079
2026-05-29,B,-0.03944105665093722,0.004143460375803154,0.03475696709278625,0.029803092173879022,-0.09664915456612921,-0.4429484574194388,0.027274379486835462,-0.19232778231712244,-0.5634438308905878,0.028445275845438794
2026-06-05,B,-0.05116353857074729,0.010123121051066719,0.0920416818468691,0.0274960236708535,-0.12231878153084474,-0.5317413564295165,0.028754294745893624,-0.20710728394045197,-0.5929934328992074,0.02910477481005181
2026-06-12,B,-0.033309215698408945,-0.041374869629165145,-0.28580319948816557,0.036191748118339716,-0.16817729923074276,-0.6848107093236089,0.03069777110320974,-0.2403956653229976,-0.6550941206987333,0.030580295986906935
2026-06-18,B,-0.01354682513970018,-0.11117861387824002,-1.1455450018514723,0.02426325759759525,-0.16221210481906823,-0.6688511529708081,0.03031543417742825,-0.20630751713916395,-0.6257643570032659,0.027474068956664145
2026-06-26,B,0.09315421915437927,-0.13746063605979364,-2.5223734444054795,0.01362413606564441,-0.13331717568399049,-0.5715157541734478,0.02915868344626822,-0.23410979062592285,-0.7547465009910522,0.02584861167717847
2026-07-03,B,0.006012283010378816,-0.004865360254477147,-0.021687086745134376,0.05608591314793259,0.005257760796589572,0.014866567160284986,0.04420792591106136,-0.1271841417853219,-0.26141591837888606,0.04054335538491901
2026-07-10,B,0.06558063236455647,0.05231046132664896,0.2708855438495385,0.04827727292426543,0.010935591697483815,0.030896661700830975,0.0442426102671381,-0.1158668379040938,-0.2367348766816223,0.04078642725012014
2026-07-17,B,0.029753729295481035,0.15120030938961437,0.8739576098052809,0.04325161417820426,0.040021695511374356,0.1041921683834072,0.04801427992661381,-0.011011795429453852,-0.02059259483224359,0.044562116945277425
2026-07-24,B,0.11052149693407864,0.1945008638247956,1.4591063411952105,0.033325340712568007,0.05704022776500195,0.14646094387027575,0.04868211471408032,0.061183688140805104,0.11745733602451972,0.04340844813078395
2026-07-31,B,,0.21186814160449496,1.3437151881691654,0.039418349861247176,0.20700278135001782,0.46596330410094555,0.055530870008481684,0.21712590240108454,0.367134844661219,0.049283867939004314
2025-06-06,M+,-0.005514670034079683,,,,,,,,,
2025-06-13,M+,-0.02591543441785793,,,,,,,,,
2025-06-20,M+,0.0007154401608140404,-0.03143010445193761,-1.5406336674781358,0.010200382191889124,,,,,,
2025-06-27,M+,0.012532378770905073,-0.030714664291123572,-0.9001819650021844,0.011373502056719921,,,,,,
2025-07-04,M+,-0.01105304813754604,-0.0181822855202185,-0.32615451075341456,0.013936864983269397,-0.0181822855202185,-0.32615451075341456,0.013936864983269397,,,
2025-07-11,M+,0.001739211344869096,-0.023720663623684857,-0.4165536078068473,0.0142362610592752,-0.02923533365776454,-0.4591558513108166,0.012734383575556027,,,
2025-07-18,M+,0.01768583903614429,0.003933982139042169,0.1177821970299139,0.008350120472882312,-0.027496122312895444,-0.3830489553922917,0.011963711133100404,-0.027496122312895444,-0.3830489553922917,0.011963711133100404
2025-07-25,M+,0.05917394496285455,0.02090438101437242,0.47422059469953204,0.011020388637706421,-0.009810283276751153,-0.10348538459392574,0.013542676050683013,-0.009810283276751153,-0.10348538459392574,0.013542676050683013
2025-08-01,M+,-0.02881509829883433,0.0675459472063219,0.6383716909279421,0.026452436788094637,0.0493636616861034,0.2603274161907445,0.023702681035491738,0.0493636616861034,0.2603274161907445,0.023702681035491738
2025-08-08,M+,0.019056465503174636,0.04978389704503361,0.3922025137859569,0.03173354025989428,0.026063233421348753,0.12409240403944126,0.026253856574759475,0.02054856338726907,0.09167370672153369,0.024905436807872168
2025-08-15,M+,-0.013305816206358068,0.06710115120333915,0.5384720070277627,0.031153500241229592,0.07103513334238132,0.3679116616832896,0.024134575205287556,0.039605028890443705,0.1639466379117421,0.02415726811779111
2025-08-22,M+,0.02831178644302934,0.03610949596083679,0.2677766093361972,0.033712332128588596,0.05701387697520921,0.2833523531194411,0.02515149263255643,0.026299212684085638,0.10147077975374191,0.02356183250525274
2025-08-29,M+,-0.04971927532913678,0.005247337441011579,0.05638483091667566,0.023265731916293168,0.07279328464733348,0.34864084099428877,0.02609895201883632,0.05461099912711498,0.19227322209676873,0.023669008842197633
2025-09-05,M+,-0.01347450522352689,-0.015656839589290872,-0.12779542749369774,0.030628716332716584,0.03412705745574274,0.13231235701986585,0.03224099606454254,0.01040639383205788,0.03097838477255448,0.02799369600358005
2025-09-12,M+,0.01765798795080875,-0.048187810315992397,-0.4361536639403537,0.027620890468194215,0.018913340887346752,0.07212631659260828,0.03277815536140426,0.02284732302638892,0.06999334894258853,0.02720177865891378
2025-09-19,M+,0.009471916123972246,-0.017224006158825578,-0.14171910800598314,0.030384057593169457,0.018885489802011213,0.07202367902368403,0.0327765292921946,0.03978987081638363,0.12039575094144396,0.027541026507195115
2025-09-26,M+,0.021796282562047686,-0.03606387647788267,-0.3451166360876999,0.026124411797927818,-0.030816539036871093,-0.15243846294618973,0.025269655080218525,0.036729408169450806,0.11142857927298985,0.0274685725519506
2025-09-30,M+,0.03495995035259547,0.035451681413301794,0.649879836216365,0.01363778326301958,0.019794841824010923,0.10077461001781747,0.02455335949763424,0.06957873886904453,0.21036807700504262,0.027562300904371808
2025-10-10,M+,0.025623549755686037,0.08388613698942415,2.276099237630051,0.009213804873109261,0.03569832667343176,0.16908695017084907,0.026390509910257272,0.1027994778767709,0.2988842782829341,0.028662006598714828
2025-10-17,M+,-0.041849426444159454,0.09185169879430144,2.5115377048891534,0.009142974303700062,0.07462769263547586,0.35531104406100666,0.026254353010858825,0.11073718859631265,0.318705626871145,0.028954929789876935
2025-10-24,M+,-0.012108497703847254,0.04053035622616974,0.33340359096121497,0.030391361494727168,0.004466479748287067,0.01866509416092324,0.02991198242678822,0.009713817189298646,0.029039318130612665,0.027875474284003405
2025-10-31,M+,-0.03072985851167287,0.006625575960274799,0.05398413724357326,0.030682976048966887,0.04207725737357659,0.2190192275070434,0.024014591009037918,0.02642041778428572,0.08228861203306835,0.026755846618716068
2025-11-07,M+,0.03623512678824681,-0.05906423290399354,-0.5762175176407691,0.025625840544479903,0.024821904085430613,0.11811212820996339,0.026269427684540648,-0.023365906230561784,-0.07038299545790247,0.027665188727459766
2025-11-14,M+,-0.013372705606954138,-0.04845265587143277,-0.40555691270963934,0.029867975586772153,0.04339904292286867,0.19234891268326687,0.0282033326296547,0.02617503676404309,0.0744208873721159,0.029309688995827966
2025-11-21,M+,-0.02632164583896146,-0.019975935034227454,-0.20044225407870603,0.024914825377068035,0.020554421191942285,0.08921431820810595,0.028799218562647052,-0.015509455285940388,-0.04540518316757477,0.02846491340849122
2025-11-28,M+,0.022174911321036772,-0.03418908316934166,-0.3209574199334377,0.02663054430742871,-0.027563507209066862,-0.1180842327658788,0.029177802323232263,0.007888174204234932,0.025524947114676504,0.025753152294483883
2025-12-05,M+,0.05087107481752429,0.01871568666336798,0.18391896144321565,0.025440126614060924,-0.04034854624062556,-0.18460017499858059,0.02732157908364375,0.043537590748798594,0.1395084142979486,0.026006550075547898
2025-12-12,M+,-0.017357350862569954,0.03335163469264546,0.2751482230652826,0.030303334618239874,-0.01510102117878731,-0.05940297422904812,0.031776652126373865,0.07675067761551413,0.22090697363494938,0.028952865072798043
2025-12-19,M+,-0.013845713774501722,0.029366989437029645,0.236397563144391,0.031056781049697585,0.00939105440280219,0.040729384277839904,0.02882149635119726,0.04992141062897193,0.14027745026068045,0.02965635278288489
2025-12-26,M+,0.03246497804475168,0.04184292150148938,0.37366502918686095,0.027994940811389618,0.007653838332147722,0.03307381900029039,0.028927103686153244,0.014279414292422521,0.04030202401019993,0.029525841946152594
2025-12-31,M+,0.05520239818302075,0.05213298822520429,0.44344110757538463,0.029391156646625123,0.07084867488857227,0.3185376528527171,0.027802315618764038,0.01178444198457873,0.03352211537912131,0.029295192768767596
2026-01-09,M+,0.02873644790219787,0.056464311590700755,0.4581544846297741,0.03081073823621332,0.08981594628334622,0.3657673200666734,0.030694358597623702,0.041363290411913445,0.106551646860566,0.032349953935204186
2026-01-16,M+,-0.019334871079160987,0.10255811035546858,1.027798340410141,0.024946068290629602,0.13192509979249822,0.5568120643067075,0.029616164108432066,0.11194916475827077,0.31197045663253703,0.029903783723270197
2026-01-23,M+,0.13925625148489917,0.09706895305080931,0.8943041065695425,0.027135331353658802,0.1389118745522987,0.610985206902881,0.02841964768190766,0.10472279138295704,0.2870869663851823,0.03039810337542205
2026-01-30,M+,-0.004919347119066941,0.2038602264909568,0.885529579949909,0.05755319503344213,0.2559932147161611,0.64676952927296,0.04947535465297924,0.2747089013795291,0.5101743410412873,0.04487173620211812
2026-02-06,M+,-0.03873955266884899,0.14373848118886912,0.5781834447259201,0.06215089799786915,0.20020279277956987,0.4980200971066188,0.05024967715728282,0.23355442747221533,0.42972316357437534,0.04529164496074311
2026-02-13,M+,0.06665518656732927,0.07626248061782226,0.27073338670378044,0.07042212409257073,0.17882059097329084,0.4223036756375165,0.052930095476714824,0.20818758041032048,0.36662025334117154,0.047321349205573425
2026-02-27,M+,0.03781468342040606,0.16225253826431252,0.5920096082038224,0.06851769634136189,0.25932149131512183,0.6145802282281115,0.052743620646316665,0.3011644128166112,0.5323022234909849,0.04714809236901358
2026-03-06,M+,0.04238799422772366,0.0608109701998194,0.3779099083291924,0.04022848360120777,0.2646711966907762,0.6268986887166531,0.052773917351899825,0.3168041849159805,0.5585564171498264,0.04726532169787387
2026-03-13,M+,-0.028634944291344056,0.10811831154661,0.6839114910711325,0.039522040848179285,0.2518567927354791,0.6022938140590091,0.052270334439879315,0.3083211043261799,0.5471754207632519,0.04695646841131017
2026-03-20,M+,0.05704662229574775,0.11822291992411493,0.8363469605548073,0.035339077410435446,0.1944854005419372,0.43442589907129076,0.05596046441916366,0.29704351089740577,0.5166495472843705,0.047911831217559236
2026-03-27,M+,-0.024562027417329046,0.10861435565253341,0.823242464747083,0.032983707808944836,0.27086689391684593,0.624840459174191,0.05418721089916941,0.36793584696765524,0.6502544725447286,0.047152802287767207
2026-04-03,M+,0.009779642072174521,0.04623764481479831,0.29997054468509565,0.038535154229340965,0.10704861501461771,0.339336862860393,0.03943301875320377,0.3109088415055745,0.5229444610161293,0.04954459231697537
2026-04-10,M+,-0.03869187045258016,0.01362929265924917,0.09911992824604664,0.03437576302874485,0.12174760420585917,0.3914610995386032,0.03887602253115231,0.2654860853947283,0.45249648511243706,0.04889284486721111
2026-04-17,M+,0.035080881257292695,0.0035723664980130687,0.02420150964399658,0.03690231054345848,0.121795286422128,0.3916977419604342,0.03886775227901067,0.19805776703995026,0.3198039574530477,0.0516091609729971
2026-04-24,M+,0.04632452076795612,-0.018393374540441987,-0.15908260681932543,0.028905382725673865,0.09022098111209143,0.3237050476485763,0.034839193027520365,0.25247351937640394,0.4154510402846855,0.05064245340104694
2026-04-30,M+,0.00276450835222386,0.05249317364484318,0.40116977318750174,0.032712567816212644,0.09873081845964149,0.345201303436418,0.03575117528410004,0.1595417886594609,0.3561733492653554,0.03732774808215635
2026-05-08,M+,0.026219133717182208,0.04547803992489252,0.34420402850257265,0.03303131003633257,0.05910733258414169,0.2176616432851244,0.03394450423834807,0.1672256441307517,0.3758739316555721,0.03707485188677283
2026-05-15,M+,-0.020886755241411037,0.11038904409465489,1.7237520834332347,0.016009994296104144,0.11396141059266796,0.45335354654325005,0.031421782034574866,0.2321843305167829,0.5764583173843864,0.03356477584975163
2026-05-22,M+,-0.013843390559498014,0.054421407595951155,0.5402437359834957,0.025183729107417965,0.03602803305550917,0.15748883323650756,0.028595704466078214,0.14464238870804258,0.37707994277432155,0.03196545619386284
2026-05-29,M+,0.010571401453216556,-0.005746503731502983,-0.07924212010747277,0.018129574662153286,0.0467466699133402,0.21302857247194715,0.027429812214213704,0.0929843147281385,0.244565674814321,0.03168348501846999
2026-06-05,M+,0.027907402916933943,0.0020603893694897124,0.027280645220698528,0.01888142080971056,0.047538429294382234,0.21651474921284844,0.027445260350167176,0.061167721953631404,0.17014802514121818,0.029958091835459093
2026-06-12,M+,0.05014808561849948,0.0037486585692414476,0.04815542575666903,0.01946124715096251,0.11413770266389633,0.6411209347430282,0.022253543847707256,0.1177100691619094,0.3417556496585195,0.028702297796570127
2026-06-18,M+,0.09192001142411144,0.07478349942915197,0.7973933086811017,0.023446239959313425,0.12920490702510312,0.6601984863355304,0.024463269323416352,0.11081153248466113,0.33210318977483805,0.02780549738164966
2026-06-26,M+,-0.025701059333233744,0.18054690141276142,1.4830044385656036,0.030436001524612864,0.17480039768125843,0.6388507184290861,0.03420212121524398,0.22729357132610162,0.5576992338251616,0.03396298541406968
2026-07-03,M+,-0.005307949316207705,0.14427444062631112,0.85016253240987,0.042425546623817596,0.14633482999580083,0.4898807969130828,0.037339397389607294,0.19181286992069335,0.4426769113905861,0.03610851484553926
2026-07-10,M+,-0.08691523443070703,0.11105908839316947,0.5998618537642119,0.046285277058484016,0.11480774696241092,0.37812035549658457,0.037953440383959945,0.2251967910570658,0.5697940360119088,0.032935408355806765
2026-07-17,M+,-0.05158346574361039,-0.026004231656037047,-0.10115021639535154,0.06427131988130896,0.04877926777311492,0.1219729149042668,0.049989856161304774,0.10320067536906607,0.19782408095831888,0.043473252796597195
2026-07-24,M+,-0.1168843151279031,-0.16950770882375887,-1.3894793611075604,0.030498421489442547,0.011039192589002544,0.02588008093961736,0.05331896282878163,0.005292688857499561,0.00984611591197079,0.0447950652556708
2026-07-31,M+,,-0.2606909646184282,-1.567440103329371,0.041579095122151605,-0.1164165239921171,-0.22122789202203344,0.06577862025447184,-0.11435613462262739,-0.17244688903955116,0.05526152392945338
2025-06-06,M-,-0.01782411555145802,,,,,,,,,
2025-06-13,M-,0.04353158643457222,,,,,,,,,
2025-06-20,M-,-0.026213802718300205,0.025707470883114203,0.41899073844786916,0.03067785099301512,,,,,,
2025-06-27,M-,-0.01692146253728999,-0.0005063318351860024,-0.005428656634000985,0.031090063301893397,,,,,,
2025-07-04,M-,0.026977419289100135,-0.01742779437247599,-0.1562477251327354,0.02788487697608197,-0.01742779437247599,-0.1562477251327354,0.02788487697608197,,,
2025-07-11,M-,-0.0012902448955607326,0.027373740468082164,0.23441958425424755,0.02919310320761539,0.009549624916624144,0.0684236685023521,0.027913221040745194,,,
2025-07-18,M-,-0.0058853050509382054,-0.01744809086205079,-0.216294759078915,0.02016702916930695,0.008259380021063412,0.053963696532881626,0.025509063042134676,0.008259380021063412,0.053963696532881626,0.025509063042134676
2025-07-25,M-,-0.03906603900923067,0.0028804068053112086,0.04448072336180811,0.01618907353350493,0.002374074970125206,0.01427827445501631,0.023753120044669736,0.002374074970125206,0.01427827445501631,0.023753120044669736
2025-08-01,M-,0.05102316014251529,-0.01926416966662947,-0.2054753394037277,0.02343854221452132,-0.03669196403910546,-0.17805511437576652,0.025758852931395546,-0.03669196403910546,-0.17805511437576652,0.025758852931395546
2025-08-08,M-,-0.012324440691498628,0.0047815711867856825,0.037067093880585406,0.032249433973633695,0.032155311654867846,0.13012605298484722,0.030888618110368176,0.014331196103409827,0.05322002730253098,0.02992022370731411
2025-08-15,M-,-0.0116956045858434,-0.006252624609152213,-0.047641077508370364,0.03281109987517416,-0.023700715471203004,-0.10864322044125277,0.0272689765810316,0.0020067554119111986,0.006994562508808177,0.02869022057325405
2025-08-22,M-,-0.035749569385785884,-0.012062924144057408,-0.09111615751794198,0.033097653787919165,-0.009182517338746199,-0.043943735549380344,0.026120097733918306,-0.009688849173932201,-0.03195024425972958,0.027568004275561924
2025-08-29,M-,0.041594782275936604,-0.008746454520612623,-0.06787789653693278,0.03221392738597027,-0.028010624187242095,-0.12415747201082997,0.028200703241604737,-0.045438418559718086,-0.1347582821760394,0.028098717339169
2025-09-05,M-,-0.0024441313051674074,-0.01817483238719131,-0.16028770884895494,0.02834720222421753,-0.013393261200405626,-0.05489692863708164,0.030496380974578737,0.013980479267676538,0.038405623446473504,0.030335139347412977
2025-09-12,M-,0.003771783257292549,-0.008294523000860088,-0.07408519174858409,0.027989814175714174,-0.014547147610012301,-0.0596254144120561,0.03049695283767895,-0.03199523847206309,-0.09690401175655451,0.027514545830880734
2025-09-19,M-,-0.005473103126191536,0.007172864842275861,0.06531054792343655,0.027456762614687442,-0.004890059301781546,-0.020039118442189682,0.030503208735758184,-0.0020096524964703377,-0.006293711192857996,0.026609266971540042
2025-09-26,M-,-0.0006759592787922708,0.03744933110187021,0.4952180912003097,0.018905474056440726,0.028702876581257586,0.13270889900340702,0.02703556128941351,0.009438706914628114,0.03002882757516866,0.026193460520009166
2025-09-30,M-,-0.024795490271546816,-0.004821410452858665,-0.36016635045643924,0.0033466552655102887,-0.022996242840049974,-0.14193383467631573,0.02025260827738289,-0.01821467165326429,-0.060773859971803616,0.02497602267065025
2025-10-10,M-,0.011098610112514118,-0.027172769419238074,-0.6234749411490795,0.010895694287711867,-0.03546729242009816,-0.207467638574912,0.021369171514966,-0.041719917029250375,-0.13480747737025334,0.02578981389058091
2025-10-17,M-,0.032040956939049625,-0.019845942564016505,-0.383374447304493,0.012941617981814773,-0.012673077721740644,-0.0729090575581613,0.0217275434393577,-0.024736001865798052,-0.07902929327737745,0.02608315731208205
2025-10-24,M-,0.03644289417472746,0.017668117501224656,0.2150791300683946,0.02053676418489121,0.055117448603094865,0.3463499214257562,0.019892255344032855,0.04637099408248224,0.1541978797594603,0.025060328409842753
2025-10-31,M-,0.027315723776190515,0.054786970954744385,0.5660125292338953,0.024198656445334876,0.04996556050188572,0.33199919381562476,0.018812380207779214,0.03179072811469441,0.115111914818648,0.02301436256242372
2025-11-07,M-,-0.0009559456502454822,0.10689818500248172,2.789146527232831,0.009581621470828352,0.07972541558324364,0.5071597808551481,0.019649974868081645,0.07143089258238355,0.2536416999630836,0.023468437495615533
2025-11-14,M-,-9.291560935764664e-06,0.09484362923972212,1.62374763734484,0.014602581561690657,0.07499768667570561,0.47116419667005704,0.019896908340486758,0.08217055151798147,0.29800428130275414,0.02297801202686448
2025-11-21,M-,0.028944297020880416,0.06279338073973673,0.951242335576747,0.01650299255805949,0.08046149824096138,0.5167168121989774,0.019464602356013834,0.11791082934283159,0.5095678609001072,0.019282814320116984
2025-11-28,M-,-0.031759470909891396,0.055294783585889684,0.9652200244658337,0.014321808029337817,0.11008175454063407,0.692046455350395,0.019883375185575113,0.1052603440877754,0.49261322412470443,0.01780645526971766
2025-12-05,M-,-0.07742427341270841,-0.003780411100192227,-0.04402048210954322,0.021469614364881467,0.10311777390228949,0.5959687914341204,0.021628182420037077,0.07594500448305141,0.3025662878681369,0.020916905244730326
2025-12-12,M-,0.048830982176022886,-0.08024873886265516,-0.5083112371293517,0.039468308489427506,0.01459489037706696,0.04938807811904974,0.03693930532659634,-0.005251052186949545,-0.014008733912068281,0.031236775927967426
2025-12-19,M-,0.03448833688630604,-0.031408465125696505,-0.15720908450407642,0.049946962710164,0.03138491561404022,0.100553681346783,0.039015125047736895,0.04905303311526488,0.12025782551431204,0.033991573871580756
2025-12-26,M-,-0.03602192052457687,-0.025864425260270885,-0.12675076727498505,0.051014336670953175,0.0294303583256188,0.09477441327738863,0.03881632883271081,0.08421732928036318,0.20076628384469425,0.03495662039943202
2025-12-31,M-,-0.05212291060778451,-0.030126874874956355,-0.1460399394056378,0.051573006325475984,-0.03390728597514858,-0.10692679300453081,0.039638435118071656,0.07299089902733313,0.1692795289452757,0.03593213518990113
2026-01-09,M-,0.005826948925606645,-0.004825512070032456,-0.02770819227066812,0.04353867642188932,-0.08507425093268761,-0.24957551746357484,0.0426094733756808,0.009769378307034504,0.020721441385406648,0.039288524566292636
2026-01-16,M-,0.05284908914770026,-0.047829545320448696,-0.350106726349505,0.034153546419371954,-0.0792380104461452,-0.23123297969507586,0.042834509674309545,-0.016444629706408476,-0.0358689289712135,0.03820537295571808
2026-01-23,M-,-0.11424058496419165,-0.029468793059054477,-0.18103555398681662,0.04069475913720304,-0.05533321831932536,-0.14988583475870962,0.046146137165331794,-3.843473343567716e-05,-8.048573763799401e-05,0.039794559222144
2026-01-30,M-,0.0638836966800802,-0.10768745749866926,-0.42978076641985385,0.06264092411331242,-0.13781433237362561,-0.29605484280381056,0.058187839062369406,-0.14159474347381784,-0.2374309133879889,0.049696822489452626
2026-02-06,M-,0.047950985155732706,0.008319149789195457,0.029455587606324468,0.07060756943963695,0.003493637719163001,0.0074422687363313545,0.05867897685063271,-0.07675510114349215,-0.1186098150764131,0.05392688981517782
2026-02-13,M-,-0.06312689867213728,0.05044318601932152,0.17165796949281276,0.07346467246519765,0.002613640698872821,0.005576227481259601,0.05858890951939858,-0.028794824426823684,-0.042857151504986826,0.055989925087673996
2026-02-27,M-,-0.027002244809468445,-0.06553280180051602,-0.2192102624381339,0.07473737893431295,-0.09500159485957049,-0.19679730090792583,0.060342287737992294,-0.12086602011984138,-0.17529542508177376,0.05745824991508784
2026-03-06,M-,-0.044554308277379384,0.021705538354207188,0.10358654089864516,0.05238503517422474,-0.08598191914446207,-0.1792375458596312,0.05996366353662746,-0.11610879401941843,-0.16879172225562405,0.05732350322427702
2026-03-13,M-,0.025452195046315573,-0.0867324666032524,-0.5140156938821866,0.04218376385951927,-0.07841331681405694,-0.16512217824391373,0.059360073286329716,-0.0832388288840894,-0.12669942499528106,0.054748228525366
2026-03-20,M-,-0.0006132938463241366,-0.10923125671266953,-0.8267354998302849,0.03303089583521359,-0.058788070693348016,-0.12175983007308008,0.06035248925904329,-0.10661761601379671,-0.16725640757230992,0.05312084280323846
2026-03-27,M-,0.013038999422748665,-0.04671765188685639,-0.4401247989239244,0.026536593712214077,-0.11225045368737241,-0.24998319144576298,0.05612900063309185,-0.14171924674642689,-0.22889023067172393,0.051596510668936356
2026-04-03,M-,0.040998960007367025,-0.0066764076546392825,-0.06317475740794122,0.026420392925007266,0.015029130699567905,0.045118720180561886,0.04163773551040012,-0.09265832679910135,-0.15005031915927178,0.05145958553451917
2026-04-10,M-,0.024608751076168334,0.07887686063010713,1.2837946332850894,0.015360100943144994,-0.007855605973145274,-0.025910527710846537,0.03789775174019709,0.0004635438160501826,0.0007544736398629444,0.051199471123381315
2026-04-17,M-,0.01763053942210857,0.07803341665995989,1.2762602963075997,0.015285560650464785,-0.031197840052709647,-0.11209626455899233,0.034789116496709085,0.01924534596661187,0.03105829555046101,0.051637696213731335
2026-04-24,M-,-0.021983857259735284,0.0962772499283926,2.269202003657907,0.010606950127533342,0.0495595980415362,0.22962504234888947,0.026978545945261032,-0.015973203758979815,-0.026835375903371053,0.04960244708482378
2026-04-30,M-,-0.05464290263640892,0.061254393245908645,0.6616618278308884,0.023144146552445677,0.05457798559126936,0.2599168845487674,0.026247806912400234,0.07628352394547655,0.17146802810219663,0.03707373554795242
2026-05-08,M-,-0.1086947811434833,-0.0343874693978673,-0.2688510984104155,0.03197631477161849,0.04448939123223983,0.19307084830865598,0.02880379898232753,-0.04224307537101257,-0.09721619199787249,0.03621059628621077
2026-05-15,M-,-0.00837703616323282,-0.16769100161751893,-0.9060032730246357,0.04627218427635833,-0.08965758495755904,-0.2427856247803741,0.04616088011731751,-0.19888884167022858,-0.3861921756346906,0.04291663887790302
2026-05-22,M-,0.02177591786236155,-0.19369857720286032,-1.253028172327782,0.038646093815077914,-0.09742132727446773,-0.2646782480614935,0.04600931885599905,-0.14413897916132412,-0.2960616474900527,0.040571217848068566
2026-05-29,M-,-0.007662985127873112,-0.1499388020807635,-0.7602450571666852,0.04930607593805411,-0.08868440883485484,-0.2374108778724637,0.046693526445371954,-0.09536081648949413,-0.19240264556369696,0.041302627020411695
2026-06-05,M-,0.00893721356892141,-0.10295888457222768,-0.5208850825373958,0.04941535476053682,-0.13734635397009498,-0.40402693526868855,0.04249294477073541,-0.058469493339987855,-0.12239473230839684,0.039809374851649953
2026-06-12,M-,-0.0329600826845976,0.014673110140177026,0.2924961225936561,0.012541286026346174,-0.1530178914773419,-0.4682152330671999,0.04085137578580774,-0.07498447481738202,-0.1601625702128901,0.03901477246822386
2026-06-18,M-,-0.058177225438961866,-0.009909936381187756,-0.12108356216098386,0.020460944913423155,-0.20360851358404808,-0.6607054695923776,0.03852104359557981,-0.10733126365565548,-0.22561108821464185,0.039644647087536865
2026-06-26,M-,0.09316534891858952,-0.08986307968251117,-0.8827587486867503,0.025449501298117228,-0.23980188176327466,-0.7503722167422099,0.03994715496070574,-0.17854748851736602,-0.3610593641718583,0.04120917182296103
2026-07-03,M-,-0.017380910348684497,0.01096525436395146,0.047719144068544446,0.05744683071117545,-0.09199363020827622,-0.20741012626519348,0.05544186285934616,-0.12638109960614352,-0.21534230248491026,0.04890705717818706
2026-07-10,M-,-0.01740226124756783,-0.015352869553654447,-0.06632937739352296,0.057866024667199915,-0.000679759413477421,-0.0020213941275478756,0.04203530896161919,-0.16837076103099635,-0.29380221845684373,0.04775626551180726
2026-07-17,M-,-0.014757633310828688,0.0002049518833753261,0.0009104281464958017,0.05627898372984649,-0.00970498449781243,-0.028636685631460528,0.042362551233715594,-0.20340356170067275,-0.36224306171816745,0.04679260584865826
2026-07-24,M-,-0.13593611151690754,0.043624544011508504,0.2295808663413465,0.047504551126928904,-0.04623853567100267,-0.1389362709536511,0.041600490060680194,-0.19617733775176616,-0.3495393564034237,0.046770445673206366
2026-07-31,M-,,-0.18547691642398856,-0.8964976703933291,0.05172264316721885,-0.1745116620600371,-0.36403919563325604,0.05992200295783718,-0.2774705466322648,-0.408042565569505,0.056666993847606546
2025-06-06,Q,0.0,,,,,,,,,
2025-06-13,Q,0.0,,,,,,,,,
2025-06-20,Q,0.0,0.0,0.0,0.0,,,,,,
2025-06-27,Q,0.006484956259529717,0.0,0.0,0.0,,,,,,
2025-07-04,Q,-0.005404636712166511,0.006484956259529717,0.5773502691896258,0.002808068431591823,0.006484956259529717,0.5773502691896258,0.002808068431591823,,,
2025-07-11,Q,-0.023387638890288498,0.0010803195473632066,0.06411737131386039,0.0042122732312080595,0.0010803195473632066,0.057324758738523524,0.00376912025845896,,,
2025-07-18,Q,-0.03421366419216443,-0.02230731934292529,-0.5019069995576411,0.011111281254587997,-0.02230731934292529,-0.3936125607448953,0.009445548562063848,-0.02230731934292529,-0.3936125607448953,0.009445548562063848
2025-07-25,Q,-0.04309043343983798,-0.05652098353508972,-0.8981021728155635,0.01573345028157977,-0.05652098353508972,-0.5852423766949333,0.013796721735868852,-0.05652098353508972,-0.5852423766949333,0.013796721735868852
2025-08-01,Q,0.007035940578486999,-0.10609637323445742,-1.88803678268788,0.014048504537530069,-0.0996114169749277,-0.7180906697199467,0.017339630838988596,-0.0996114169749277,-0.7180906697199467,0.017339630838988596
2025-08-08,Q,0.03761672304639796,-0.09365579594380391,-1.2379003994097035,0.01891424301754486,-0.0925754763964407,-0.638973433767981,0.018110196665479833,-0.0925754763964407,-0.5892132654792691,0.017457454960186865
2025-08-15,Q,-0.03925981968207892,-0.03265143400711745,-0.2511543688875501,0.032501359773017276,-0.054958753350042744,-0.28245112829641716,0.024322240134745765,-0.054958753350042744,-0.25064030814934685,0.0219273403212124
2025-08-22,Q,0.010020126178866162,-0.03769758949703195,-0.28075161453007696,0.033568452990137124,-0.09421857303212167,-0.4474714396959733,0.026319716934374862,-0.09421857303212167,-0.37159371963593485,0.02305024107913815
2025-08-29,Q,-0.00962323400537668,0.015412970121672198,0.1396141594938572,0.02759922449404271,-0.09068340311278522,-0.4253407081565733,0.02665022456521006,-0.0841984468532555,-0.30965984966632965,0.022658853723955107
2025-09-05,Q,-0.04766411271190096,-0.0012462044621914803,-0.011103882704648129,0.02805785362064871,-0.09490200040599539,-0.4464838666902442,0.026569269207165798,-0.09382168085863218,-0.34646466061078357,0.022566438352190972
2025-09-12,Q,0.005814747721838653,-0.0865270402204904,-0.9364313901513047,0.02310020817609225,-0.11917847422760786,-0.5139045077935762,0.028988477533329778,-0.14148579357053315,-0.4732579230074601,0.024913439848229593
2025-09-19,Q,-0.029868844748194623,-0.04145247281657283,-0.4556469713963814,0.022743744290419105,-0.07915006231360477,-0.34502572044796004,0.028675420998629186,-0.1356710458486945,-0.4487717705211144,0.025193029575507297
2025-09-26,Q,0.0005282150754923887,-0.08134144374363361,-1.0054187669407773,0.02022576224410801,-0.06592847362196141,-0.3046666916166469,0.027049426240248996,-0.17202484685641883,-0.5721132788517913,0.025056932664580266
2025-09-30,Q,0.008557814431132016,-0.07118999466276454,-0.8100024985642106,0.0219721527985883,-0.07243619912495602,-0.33946406411145424,0.026672999730677483,-0.16609199506875993,-0.5473832488192593,0.025285756586302652
2025-10-10,Q,0.013357788292569728,-0.014968067519731565,-0.24365378360848355,0.015357926417205866,-0.10149510774022197,-0.5884963759755468,0.021558142047173646,-0.13414654174733942,-0.43301132194348346,0.025816596269979324
2025-10-17,Q,-0.07226372956519045,-0.0074250269490004905,-0.1104254283967617,0.016810047868508506,-0.04887749976557332,-0.2988276194099316,0.020445524689989912,-0.08657508926260526,-0.2815247852687197,0.02562684051067594
2025-10-24,Q,0.015391372332644648,-0.049819911765996316,-0.3575576293290691,0.03483348394738476,-0.13116135550962993,-0.5702015279433064,0.028753289206082014,-0.11574838538795773,-0.3222070615688586,0.029936335769191195
2025-10-31,Q,-0.011818667106934355,-0.03495675450884406,-0.23773804157859477,0.036759740129018816,-0.1061467491716086,-0.4333329886868664,0.030619278921409327,-0.10739295363380008,-0.2942950442954078,0.03040966192360827
2025-11-07,Q,-0.014931059439027838,-0.05533323604691043,-0.3908115717538478,0.035396364927598664,-0.07030130356664199,-0.3167177174771091,0.027746041540809542,-0.1568283437871324,-0.484449643778521,0.02697706318244823
2025-11-14,Q,-0.0033592581915082853,-0.083622083778508,-0.6551077217681407,0.031911577668788334,-0.09104711072750848,-0.4180361014688213,0.027224655480592243,-0.1324995835440813,-0.4276050550788554,0.025822033277811858
2025-11-21,Q,-0.01981423502863766,-0.01471761240482583,-0.3119022159225481,0.0117966558535773,-0.06453752417082215,-0.3058917800032826,0.02637269468720669,-0.14587896791445576,-0.4829953001979978,0.025169148963881314
2025-11-28,Q,-0.02403689566196876,-0.04992321976610814,-2.0843070526418233,0.005987987674708403,-0.0848799742749522,-0.4018629224130554,0.026402029629057255,-0.15606996893771674,-0.5152625987785985,0.025241169795050783
2025-12-05,Q,-0.028790161448311147,-0.062141448321142545,-2.0089261228844975,0.00773316743872061,-0.11747468436805297,-0.5728571378172778,0.025633503672412006,-0.13244275188778454,-0.473516208023424,0.023308380586843053
2025-12-12,Q,0.006349770094653984,-0.07600055033042585,-1.984914641273256,0.00957226934978852,-0.15962263410893385,-0.8462674540477234,0.023577450802558613,-0.16704766105793434,-0.6004042945653331,0.023185441122756244
2025-12-19,Q,0.0009198419074398778,-0.06629152204426358,-1.2176993098026534,0.013609994173152468,-0.08100913444908941,-0.7093944456238058,0.014274346054728068,-0.13082904621508573,-0.4685150463771698,0.023270160909938012
2025-12-26,Q,0.0028846190264282257,-0.045557445108186045,-0.7473692819023279,0.015239268662549826,-0.09548066487429419,-1.029715320713865,0.011590662845545122,-0.13043741938313824,-0.46678607278911005,0.0232864380114137
2025-12-31,Q,0.013832098210793564,-0.01863593041978906,-0.3311965836281776,0.014067121568433013,-0.0807773787409316,-0.8022304618300834,0.012586373645775476,-0.13611061478784203,-0.49439552054906855,0.022942261328992818
2026-01-09,Q,0.021069918773230834,0.02398632923931565,1.2178616232147546,0.004923861788172539,-0.0520142210911102,-0.4443014787235159,0.014633706948418155,-0.1356363048696182,-0.4917533785048015,0.022985150483701564
2026-01-16,Q,0.0009898000248034222,0.0387064779178925,1.1780456397233254,0.008214129532151034,-0.027585044126371083,-0.19954038169207813,0.01728036443829895,-0.042302656531196914,-0.22500108239351652,0.015667575196079694
2026-01-23,Q,0.010460725290411865,0.038776436035256046,1.1828547488182122,0.008195519372517527,-0.00678100907293,-0.05248392596830702,0.016150204438366483,-0.05670422883903814,-0.32158532698342496,0.014693930371694886
2026-01-30,Q,0.01075899963710314,0.046352542299239685,1.604921219927283,0.0072203765710911125,0.027716611879450626,0.25068724369692547,0.013820314244309588,-0.03442483644169192,-0.19019966654814324,0.015082762352871213
2026-02-06,Q,-0.015257608956534607,0.04327944372554926,1.5232199421548895,0.007103282088127423,0.06726577296486491,1.2797661885996627,0.006570123273696191,-0.008734777365560942,-0.04839146693299903,0.01504186915442272
2026-02-13,Q,-0.0206325123899449,0.0069519159957838195,0.1644301829423623,0.010569707871426309,0.04565839391367632,0.5560472128604115,0.010264055114762862,-0.020633128130587264,-0.11046271793398509,0.01556568022564113
2026-02-27,Q,0.04318854078790957,-0.014670396418964504,-0.25462794150184404,0.014403757431760743,0.02410603961629154,0.22338727178918338,0.01348892856742587,-0.021451405491894504,-0.11425113953527043,0.015646383323578907
2026-03-06,Q,0.01762022931126417,0.0180574190785332,0.17851585431244532,0.025288256816294322,0.06440996137777288,0.42532882143425965,0.018929460611373218,0.045774030957983824,0.20664439766981796,0.018459259592059695
2026-03-13,Q,0.0018573204371419294,0.024918648752694228,0.24071852646339337,0.02587944633800721,0.06819809247824349,0.4459812432434973,0.019114619031469174,0.09218442171755914,0.4828881609006371,0.01590851829707758
2026-03-20,Q,-0.017231083469227526,0.042033578146370765,0.4518781155878442,0.02325493130580669,0.048985494142154584,0.32942966476871344,0.018587235524366943,0.08769197206004709,0.4570682298855281,0.015988125755683015
2026-03-27,Q,0.01231847314837764,0.04543500706708814,0.5131364337053397,0.02213592920064338,0.030764610648123636,0.19104539709157387,0.02012912317993274,0.06954104668337968,0.33451758217871763,0.017323714902730943
2026-04-03,Q,-0.0019333692094516408,0.014564939427556212,0.27339426279293855,0.013318622050407933,0.03262235850608941,0.20172489709279628,0.02021463325563296,0.0789749008053291,0.3784990554484467,0.01738773621503481
2026-04-10,Q,-0.022598901356789436,-0.0049886590931595975,-0.11763338347336437,0.010602132969951458,0.01992998965953463,0.12378331662028633,0.02012588429088471,0.06320943338508389,0.30297362736642297,0.017385845850271815
2026-04-17,Q,-0.0020987374662351233,-0.029444880887090963,-0.5388993472699046,0.013659731189256603,0.012588697259279802,0.07471947190859266,0.02105993414052776,0.01954061325506362,0.08924481660072808,0.01824626348000903
2026-04-24,Q,-0.030783783736192283,-0.01431253488409856,-0.2875451317038678,0.012443729093315441,0.03112247218298958,0.200042854328644,0.01944737809270824,0.016452075764025076,0.07501997806924006,0.018275216135139084
2026-04-30,Q,-0.017131662373706003,-0.05741479176866848,-1.1326556280848092,0.012672605500082649,-0.04284985234111227,-0.338795290782997,0.015809639886847696,-0.024792433262579072,-0.10311560585391122,0.02003611468997209
2026-05-08,Q,0.00047968532896547345,-0.07261308493292284,-1.734624976370753,0.010465242620460625,-0.07760174402608244,-0.7182049550563183,0.013506197548441668,-0.052683095273388214,-0.21917029633317944,0.02003126341890332
2026-05-15,Q,0.01776102931994572,-0.049534498247167935,-0.9849129680622348,0.012573318621396693,-0.0789793791342589,-0.7386334688091812,0.01336579346681731,-0.03694580098788813,-0.1555699416097145,0.019790563119928706
2026-05-22,Q,0.011637331303213427,-0.02967473146098709,-0.4058302080832679,0.018280262822930653,-0.04398726634508565,-0.34901233235752716,0.015754194861811226,0.0014477407220024885,0.006093933000348364,0.01979756918232893
2026-05-29,Q,0.006338158090680501,0.012746383578418619,0.24020074654046997,0.013266386306038247,-0.044668408190249864,-0.3565661575685608,0.01565922874412899,-0.030103468762693653,-0.1614227825991869,0.015540696031241466
2026-06-05,Q,0.041142288132193894,0.03621620404280512,1.4166828943381768,0.006391021623036542,-0.03639688089011772,-0.2820231747325824,0.016132043459118943,-0.04138553998327732,-0.23609304000193662,0.014607779198311622
2026-06-12,Q,-0.02340927036744178,0.07687880684603354,1.4465282465386473,0.013286779402682676,0.027344308598865608,0.16738086860468962,0.02042072432382177,-0.0021005722882253552,-0.009149631742739365,0.019131665143174128
2026-06-18,Q,0.017758038353748118,0.03570850715864604,0.38984320760585633,0.022899274927696354,0.00603377569765895,0.03386321822491276,0.022272601416615998,-0.00827875918643961,-0.03509213988086039,0.019659576224539222
2026-06-26,Q,0.04555116809676729,0.04182921420918073,0.45013771004493985,0.0232313430288948,0.05457559778759935,0.35414841569324307,0.019262968352113052,-0.0028391939810691325,-0.011821813139593598,0.0200138080029373
2026-07-03,Q,-0.013870997132500062,0.08104222421526752,0.741173678471182,0.027335773844004152,0.11725842825807264,0.710614829852729,0.020626228044377748,0.0446453433251498,0.15730681031762436,0.023650884978112005
2026-07-10,Q,0.09572414370100901,0.026028938950573566,0.23915904532878698,0.0272088171647344,0.10290774579660711,0.575945563753934,0.022334520888977024,0.05337324754943917,0.19376669747530717,0.022954257295357664
2026-07-17,Q,0.0478959018363605,0.14516235301902436,0.9018037758805532,0.04024222256035763,0.1808708601776704,0.6371609154579067,0.03548374825527482,0.1511961287166833,0.3713578893068625,0.03392866492367827
2026-07-24,Q,0.027014215739642244,0.17530021650163674,1.1276274795053425,0.0388648333974922,0.21712943071081747,0.7517677435671992,0.03610314365187455,0.2298758142892361,0.5897352122839095,0.03248291344728816
2026-07-31,Q,,0.1567632641445117,0.992600380586738,0.03948297502461339,0.23780548835977922,0.8432475658839231,0.03525143415482361,0.27402169240258434,0.7459849008840639,0.030610728188314344
